application_id,created_at,branch_id,team_id,status
6bda4f8a-e4dd-44ec-84a1-3b6cd106e26b,2025-08-27,1,4,In Progress
353e2584-cdb4-4f2d-98d8-f6b96f0f13af,2025-05-16,3,3,In Progress
f625c594-8541-4f58-b562-30a83aa4ff3b,2025-08-19,5,2,Rejected
a8d70927-fd98-4726-915b-221e902ebdfd,2025-02-26,1,3,Rejected
ca40fd30-fb7e-49ea-acad-d4f2803a1469,2025-06-23,1,4,Approved
5eb1f1d9-c8ef-4bab-b1b4-88edf76ee7dc,2025-05-22,5,5,Approved
724cd920-b799-4ed2-b06b-c6b6fe09ad0d,2025-10-12,4,2,Approved
d9577385-1867-4cfa-b6f3-391d161f4c00,2025-07-26,3,4,Approved
8170168e-88d5-415b-8df7-76c365ef4c3a,2025-01-22,2,5,Approved
32783f11-003c-41d6-9f33-f4ff129c4a40,2025-03-02,5,2,Approved
5af2371e-34b3-480d-8a13-5cd28b48accd,2025-06-12,4,3,Approved
8fe87fb1-ec6f-4151-a74a-5250217d29a4,2025-09-13,5,3,Approved
5efa2a94-35b0-4c17-ae2d-3ab56ad7e45d,2025-06-16,5,1,Approved
922b1063-d916-4db6-98e9-2f5f344524af,2025-08-17,3,2,Approved
6991d22a-2020-4d80-a717-204194d84a38,2025-02-07,1,4,Approved
5f49bb8b-8bd8-4ccc-8fd3-61d0176e2706,2025-06-26,5,3,Rejected
14bd7be3-5b7a-4247-90d1-822668cc17ec,2025-05-02,2,5,Approved
8ae4bda0-d5c6-46fd-a55a-52ba06061a3d,2025-09-03,1,4,Approved
c8f75998-71e1-4cf0-9643-430d7134e785,2025-07-22,1,1,Approved
ebb24b8f-783a-4277-9f86-d301878090c1,2025-12-08,2,5,Approved
46694740-8ce8-4ed9-9593-0a1121951843,2025-07-09,5,1,Approved
405e9bcf-d710-40f5-8847-b3ab0b8b5dde,2025-03-29,5,5,Approved
d98cd1c5-6f62-4702-ab0c-a8929b952650,2025-10-11,2,5,In Progress
6b8fafb0-e559-4521-aacf-2123299abe2d,2025-12-05,2,3,Approved
121536ff-ead8-4c0e-867b-661a372ee445,2025-01-30,3,5,Approved
0b153e3a-6c0d-46d5-9a44-2a29a3d7dbef,2025-02-24,3,3,Approved
91e740dd-9fd2-4d12-aaa6-be6fca0ec050,2025-08-20,3,3,Approved
370c09f2-ffab-4b06-bc49-bc78c51471a0,2025-10-02,5,5,Approved
b203c1a5-622c-4441-8bac-9b9176c6ac66,2025-12-30,2,2,In Progress
8ee84ef8-62c9-44de-9e62-4a543eabd60a,2025-12-03,1,5,Approved
89e68408-8a17-4a91-ab67-81071a9440f4,2025-09-06,3,3,Approved
b9132cbb-a1f4-427a-8941-6bf520c8adb6,2025-08-23,2,2,Approved
186a1148-e56e-4de9-af04-266a5b07860e,2025-09-09,3,5,In Progress
c023f37f-85cc-4a5c-a61f-bddbcb2c3310,2025-10-29,4,1,Approved
d68d8a54-8ae0-4c45-a749-b3957da2fb43,2025-03-02,3,3,Approved
6d012f22-9c79-480f-956e-21e1afdface8,2025-09-02,4,5,Approved
3f0b2630-1956-40c7-96e7-59e968d54a96,2025-01-27,4,4,Rejected
bd43f9e7-4b93-4954-8573-1d976b6ca738,2025-07-31,4,4,In Progress
34955ab2-1e11-4d92-abc6-7a9e309fbf04,2025-02-02,5,5,Approved
6fd8c9dc-e69d-4e38-a251-d3e9879c465a,2025-09-23,4,3,Rejected
63fa6f70-f46d-471e-98a6-3acc6c78d1bc,2025-09-24,3,4,Rejected
f81b24ed-33c6-42d7-9916-de759897b22d,2025-04-25,3,2,Approved
e52337a5-8bea-4528-96b7-613e42eee330,2025-08-12,2,4,Approved
c92ef670-7287-4d4e-b4b5-1a9d7fc9da43,2025-06-24,1,1,Rejected
938d55b3-2128-4e45-b285-bd8ed15f77c6,2025-07-08,1,2,Rejected
f4e63960-8152-4a70-bce0-3f298066e840,2025-01-09,4,5,Rejected
e1197bed-bc43-4b68-bedc-478ccbf7db66,2025-01-06,5,1,Rejected
82f25717-2465-47fc-9e12-f1c4c4b3ca6b,2025-01-21,5,2,In Progress
e52529dc-6b05-4453-bc7a-3173450c1ce0,2025-07-17,4,3,Approved
e848ae0d-7871-4944-9112-5a7477101499,2025-10-01,3,5,Approved
fc5f2ada-cd0f-4c30-aeb2-abb0e422611f,2025-12-24,1,2,Approved
33e0c7b4-491a-4595-a0a2-19bffaa2dd8b,2025-09-13,3,3,Approved
f1832e40-fdd2-4b40-a997-07c57509b8cf,2025-04-12,1,5,Approved
5a4712f1-afff-4dc6-8808-9be4ca5472e6,2025-04-26,3,4,Approved
3cd30127-b001-4087-a863-4d60844310dc,2025-08-27,4,3,Approved
b5cd2448-1980-42e8-bb1f-77deee0f1d50,2025-11-20,4,3,In Progress
4d643353-1cf4-4f81-9f37-ce0fb11ae1ce,2025-01-27,1,1,In Progress
d709dbd4-1cbc-4351-b0e5-d1f82ce6fc10,2025-10-29,1,3,In Progress
d8a2662b-80fb-4a19-8dab-948034314c85,2025-10-09,5,3,Approved
2206f6ef-bb62-48d8-bba2-358457c6e919,2025-09-17,3,1,In Progress
e982fff5-fa89-4888-aa64-3a297d063507,2025-04-30,5,2,Rejected
702b0256-97dd-45c5-97ec-ae786dfc5e6b,2025-03-12,4,2,Approved
8a727f4f-59c7-4994-975b-018317d7c01f,2025-05-29,3,4,Rejected
6c1545f6-9e23-4a82-b905-1bd8c0fd2dc3,2025-09-09,3,4,Approved
e9bbaf84-7419-4560-af97-089292976aa8,2025-01-09,3,1,In Progress
496d80f8-71e3-47f0-bd29-75383c9d907f,2025-06-03,4,3,Approved
40bad99f-d7a5-4ce5-b9a8-11bb8f449c5e,2025-12-26,5,3,In Progress
b8f20409-e5c6-48e1-9626-690f70dcb0ac,2025-08-26,5,3,Rejected
92a31080-e112-445d-aadb-dfd407edd1c9,2025-04-19,1,1,Rejected
144d2754-2314-4a8c-97f1-25c4318a928d,2025-03-23,4,1,In Progress
d4bd02b8-b7e8-447c-b1cf-7f140f195cf2,2025-10-06,5,4,Rejected
7dd97f38-0258-4025-870b-078690979038,2025-01-02,5,3,Approved
e4aef328-56d6-47e7-ad8f-9bc7b82413a3,2025-05-08,5,3,In Progress
cbbb4857-714c-4784-8381-09db93cadb30,2025-05-05,1,4,Rejected
9d556c90-e9a0-4486-9ad5-bab132fd31c4,2025-09-13,5,5,Approved
b6ec8a73-5bb5-4e66-8b8a-9490d67323f9,2025-01-07,2,3,Approved
38c7324e-05a4-473c-8b34-e3b3bf680575,2025-11-24,2,2,Approved
7d4c1b2d-e138-4133-bc44-8cde834bb728,2025-03-30,2,5,Approved
c8ef684f-3f29-44ce-9707-1932da957c18,2025-06-23,3,5,In Progress
a716860a-fc4f-43f4-a257-3758767f357b,2025-08-27,1,3,In Progress
35eebfe6-c2f3-406a-b960-d6879efe5528,2025-12-26,3,1,Approved
007216d2-452c-43ee-b419-4ccf5cb3760b,2025-06-29,5,2,Approved
f7a6432a-9c39-4c95-bbea-21fa20259809,2025-06-07,2,3,Rejected
828043ad-a18d-4d73-ba18-91dd42c23a81,2025-05-01,2,4,In Progress
bd00e30f-57f5-4383-b047-46677f4f4cd6,2025-12-07,1,1,Approved
d248ee78-2006-4885-ada8-64029e93b94a,2025-04-13,3,1,Approved
6943e56c-c63e-498e-a988-78c3e1ce4211,2025-11-28,5,4,Approved
7b6c90d6-939e-405c-9e0b-36cecbb28dd0,2025-10-28,4,2,Approved
c08d55bc-88eb-458c-8ba7-ba40643cb2b5,2025-11-21,2,1,Approved
3233d9ac-4ed0-436f-8495-3b45bc7b603a,2025-01-07,1,5,In Progress
04eef423-c32b-4b58-a6d5-9a396616940c,2025-01-19,2,4,Approved
cd1688d6-bedf-44c5-8f54-c0d9ecab95c4,2025-04-03,5,5,Approved
c888d059-a72a-46cb-8703-21ca6b1e7fe5,2025-06-03,5,1,Approved
51f70eeb-f14c-4201-977c-10d8b2fa7a04,2025-06-21,1,4,In Progress
52e9ed36-a34f-4800-bf5e-8c81f72a2276,2025-08-24,5,4,Approved
11a98374-9ac0-4d96-bae8-04a4ad66d259,2025-09-13,4,5,Rejected
2deaa965-8529-466b-9581-0311dfc3cb61,2025-11-20,4,5,Approved
7024b2db-3c07-41fc-8d15-a0cd468bae27,2025-03-13,3,1,Approved
ac5c2f64-eccb-40a2-ae7c-2d194b549e08,2025-02-06,2,1,Rejected
49adfbe4-9965-4e62-815c-361c13bb258c,2025-01-17,2,1,Approved
8be1aa1b-be5e-49b5-bb6e-a01b1f1e7097,2025-11-16,4,2,In Progress
b3727d3c-dada-4bba-bd55-e7fe507e0ae1,2025-02-05,3,3,In Progress
cfabea8f-d88a-463b-85ec-678a8c2d800c,2025-09-26,3,3,Approved
53075b85-90f2-425c-af82-b52a4603f3d7,2025-11-24,1,2,Approved
169e60ac-e91f-4315-863a-ffc85165b9f8,2025-11-07,4,1,In Progress
764a2092-84fb-462a-8e21-d032c4939b43,2025-10-11,5,1,Approved
6f44c1b7-4fbc-4137-9d1e-19615e672e5b,2025-06-25,5,1,In Progress
0407e756-fa91-4596-a188-4e39bdb1fe15,2025-12-01,1,2,Approved
f576028b-c87b-41b8-82b2-e128e0e9ac27,2025-11-03,2,3,In Progress
5f46d2aa-fba4-4441-a8b4-6c3bdf12784c,2025-03-19,4,5,In Progress
1e12f988-01f2-4571-8d8b-d53f4de1e0e2,2025-06-08,4,1,Approved
64072bd8-9c20-4435-a385-3149c0eebef1,2025-01-27,4,3,In Progress
6fecffe0-f8b9-4a75-b84e-88be6362aa92,2025-09-30,2,5,In Progress
6b08b61c-6877-4919-9d6f-53e994a77b6e,2025-11-23,2,3,Rejected
49fbb41d-9ed8-4f56-bb82-fce26de267f7,2025-04-05,3,3,Approved
91290d54-dedd-432d-b6a3-24ccdc86a101,2025-11-11,4,5,Approved
8ec061d6-2c2d-4974-80d6-80363610f359,2025-03-15,5,4,Approved
cf2263e1-bf88-429e-b7d8-8b06961341e4,2025-05-26,5,3,Rejected
7679a82c-307c-4bf5-9c00-7723bc5e2dd4,2025-04-28,5,2,Approved
e3d4ab68-11d1-458d-a6e8-b872542594d3,2025-12-24,5,5,Rejected
d5afb58a-b25a-4bd3-979d-1a8d83bc1dce,2025-04-05,2,2,Approved
0f610282-3acd-430e-8ad9-6297c712d5bb,2025-10-19,2,3,In Progress
17a08b92-88cb-4f6f-bd31-b6c517393ba9,2025-05-27,1,3,In Progress
428c4349-e535-4d47-ad9a-67b0e2d2ce49,2025-02-10,4,3,In Progress
a35ba701-3f3a-4661-9704-d8ca35c0a1bb,2025-12-31,5,1,Approved
f2ea6f62-9502-47c6-bcd8-cb6ec906b756,2025-09-03,1,2,Approved
0970343d-b37c-4380-8a44-d2f7779615b4,2025-06-29,5,1,In Progress
10ac8d31-1087-4e68-833e-1bac84a28104,2025-02-01,2,1,Rejected
92663854-44e9-4f1b-a2ba-eecf5e42b922,2025-07-21,2,5,In Progress
cff79a27-e7fb-4945-9335-981a68aa0631,2025-09-18,3,4,Approved
439174a3-bb2a-4827-9d10-62b10afaea94,2025-01-17,1,1,Approved
1cb934ad-dfeb-4353-822d-73483e7bb28f,2025-11-15,5,5,Approved
337a639e-06f5-498b-b4f0-50ea1480b82e,2025-09-17,5,2,Approved
93efbb68-c162-47a5-80b4-0ef5c51e25c9,2025-07-24,5,2,Approved
2be972ca-3214-4dcb-9cd6-5a9d9c98d640,2025-03-19,1,1,In Progress
21b32ab5-aeac-441f-a768-1e19425753b7,2025-03-20,1,2,Approved
6292a0e3-1401-4464-8687-97f0506de11b,2025-02-19,1,1,In Progress
0e0af7ed-03c1-4b49-bd5d-00304cd019d8,2025-01-12,5,5,Approved
2a41801a-d659-49df-9e58-289004ca6d3e,2025-07-12,5,4,In Progress
5b85ebd1-7a01-4eda-97a2-440512e34a66,2025-12-24,1,5,Approved
b79041da-c31a-45f7-a79d-7caf56bfde07,2025-03-12,2,2,Approved
f6c13654-3716-4fea-bd35-35d6f1d3a69d,2025-12-07,5,5,Approved
647007dd-5167-453a-819b-613a4c53f879,2025-05-07,2,5,Approved
495cf9b0-2fbe-4ac2-8bae-5d730755e9af,2025-04-04,4,3,In Progress
fd027fed-332d-4fde-bb07-049e738ea6f2,2025-07-31,5,5,Approved
48310534-b820-41f1-b6d9-be0e28a93273,2025-06-20,3,2,Approved
08d4794a-8999-4e31-a903-9376b6e7e34e,2025-10-10,1,3,Approved
fbb7d0c4-ee29-4850-9cf2-bda375986e53,2025-05-17,5,3,Approved
f77175ae-e23e-4a7b-8e24-a5e5a32398d2,2025-06-02,2,1,Approved
2735b1d5-8a1a-4d10-bf2a-4b8538cb9648,2025-06-19,3,3,Rejected
db55fff5-0b0d-46c5-831c-d18f3fdabfeb,2025-06-13,5,2,Approved
78153576-0fe2-4274-b501-ad62a2ade077,2025-08-26,1,3,In Progress
b622200c-23d5-4bb3-a46c-25baf9e5a6e9,2025-01-15,5,4,Rejected
c6c40946-cc0e-4135-b6c0-f4820b949b5e,2025-12-08,1,5,Approved
1b2de026-1008-4bc5-aec2-9b07e9137de6,2025-10-16,2,2,Approved
4055ee8b-36bd-4f77-b350-e533788bd9f3,2025-12-11,5,2,Approved
46f27543-ad81-418f-935d-3f70815a2014,2025-06-16,3,3,Approved
98aca439-2173-444b-8f69-c2ea280892e6,2025-02-01,5,4,Approved
32a9ab84-86a7-4a09-bb5f-ae5ca22cc081,2025-07-25,1,2,Approved
22c9bffa-022a-42e6-ad66-1ecb708d596e,2025-07-05,4,2,Approved
2492af1a-7d5b-41ba-a320-653f3ef396e6,2025-05-19,5,5,Rejected
d520efb7-9ccb-4464-8a32-a8df0d807cf1,2025-09-21,2,4,Approved
2adbc0f5-1d69-4748-9bc5-0a6af5d91e61,2025-02-06,2,5,Approved
4cbe7cc5-859f-4c6c-af17-e4db2e1c6907,2025-06-21,5,1,In Progress
878727a0-a865-46ae-a2de-a87170f52969,2025-11-09,4,1,Approved
e724a1a0-9800-41fc-8b46-7c7d02b35ca6,2025-07-04,5,2,Rejected
fd1a8ab7-124c-4ef2-8e0d-375324e6605f,2025-11-23,4,2,Approved
a2e13ec4-4f2c-4603-b5c4-bd34e29df917,2025-10-05,5,4,Rejected
fdb54ee9-6aa8-40d9-bacb-2a3cb91d777d,2025-07-20,1,4,Rejected
08c447fc-4cd4-481b-9c81-55f1316a5ae3,2025-03-29,5,2,Approved
447352e3-0834-425e-8618-df3d5ee1510c,2025-02-17,2,2,Approved
57d6da14-cc8f-47c2-ba86-2175307557b2,2025-11-13,4,1,In Progress
81a1fa02-15bd-420b-851b-505553a0b951,2025-06-24,1,3,Approved
3baf6609-eaa1-419a-b2d4-dd19e02a11c2,2025-11-06,4,1,In Progress
fc05bd69-e2e4-43ee-96c2-99693bda3111,2025-05-06,5,3,Approved
dcfdae00-e6b1-4d1e-9ca0-e16cb2ec7927,2025-09-06,5,1,Approved
4b3ad1cb-f705-4e12-be56-74cd219c4306,2025-03-27,5,3,Approved
26e0c8ab-2777-45dc-bf72-0fc69867ca1a,2025-05-19,4,3,In Progress
28f4af67-b33c-42f3-b8c4-0ad429dff71a,2025-10-08,4,5,Approved
2de673ed-fec9-42ca-9ff5-c6f276776c6d,2025-07-12,4,5,Rejected
cff5ea84-58a5-4b7c-8f67-4ce36699e934,2025-12-20,1,4,Approved
2cd76d53-020d-4ae1-aa1c-edb9e7c0bd06,2025-08-21,3,5,Approved
d07eb712-cb9d-4ff8-bde2-49f2330a4dde,2025-01-13,2,2,Approved
bd871949-d319-457c-a4bd-69930b10abf4,2025-01-19,2,3,In Progress
d867bfdb-80ac-45aa-b1b8-1f4324ed5102,2025-06-11,4,5,In Progress
d551cd5e-6961-4764-868a-0586b3718952,2025-07-03,2,2,Approved
6d4d5d0c-1757-446d-9a35-bb5509a72aa7,2025-07-10,4,2,Approved
179c1af0-ba1d-4f7f-821c-f2b9df83b179,2025-06-22,4,4,In Progress
e34ba52c-aac7-4ed8-a05e-8bd6630bd0c2,2025-11-19,5,3,Approved
8d9ea302-5d6d-4333-bb11-3cc2e0f1560b,2025-09-17,2,5,Approved
092a38fb-bdbd-48b8-8c1d-1ccbd36bc9e5,2025-05-12,5,1,Approved
b47108e9-63ae-40e2-9298-08cfe0153716,2025-10-18,4,2,Approved
3afe96c0-79c8-48bc-a8da-4c0df3574b74,2025-01-23,1,3,Approved
2b909247-410d-40d3-a6eb-defa9a10f8c1,2025-09-05,1,5,Approved
925bbce0-94ce-4ff4-9f96-4be1bcf57a49,2025-01-11,1,1,In Progress
20465096-8be7-417c-8986-0b4cfde1cb51,2025-06-01,5,4,Approved
dd1faf93-b291-4bff-8a0e-752ca4ad51b8,2025-09-09,4,5,Rejected
ff0bae15-2590-4c9a-ae7e-b738495c1d58,2025-04-18,5,1,Approved
84aff933-4dd1-43bb-a4f5-7fbc8163c7e1,2025-09-04,4,4,Rejected
0f3a171a-444e-400e-9f7d-9cf85850c119,2025-03-28,4,4,In Progress
785f91ab-7447-4ceb-aa5f-b5157f52adfd,2025-07-12,3,5,Approved
001888b6-1ccf-4b28-953d-c41c1ee8bf9f,2025-12-18,3,5,Approved
a495a462-4414-4916-bc7b-baddd34c7bca,2025-03-20,4,1,Approved
ee9b629a-de31-4497-aaf4-e5a6cbeaf793,2025-02-25,2,4,In Progress
ce8c69fc-922e-46b9-9119-2a7835c63d73,2025-09-07,2,2,Approved
66c44051-162f-4b7d-b829-c6aa35810aa8,2025-05-19,2,2,In Progress
73e0fb65-26fa-4f97-aca7-1d4e4a154ae1,2025-01-14,5,2,Approved
31cef808-2ea8-44eb-b954-22277e4ea2b2,2025-07-12,3,2,Approved
3d05802b-c0f2-4b8f-924d-db34cba41996,2025-02-10,5,2,Rejected
332d4c4d-50ff-4bbf-945d-419c48a30b34,2025-03-25,3,4,Approved
0e5bd842-a615-400f-84f2-a509d87434b2,2025-02-24,3,4,Approved
bd0f44af-4bb1-455a-a5e7-afd2258c770f,2025-05-12,3,4,Approved
c1fde975-9517-409a-90ca-d55409f5863c,2025-10-11,4,4,In Progress
b272a728-0f36-4bca-a747-2c6aa98940e5,2025-06-16,2,3,Approved
ac07ad7b-b76b-4646-9dc5-b881cad8624f,2025-12-14,5,3,Approved
9ee14f8e-6206-4458-bcdc-1cf35d1eb674,2025-08-13,5,1,Approved
e7a322b1-b71e-41b1-8ed8-6c841bdb539b,2025-09-21,3,3,Approved
e7f5aa2f-507c-4d24-b97e-d21f6dd79e5e,2025-07-10,3,5,Approved
cd49f039-9a7f-4af4-b985-ecd0fda0f50a,2025-02-04,1,2,In Progress
3da3da17-c66d-4d5d-8d68-4ea4fcea4df5,2025-07-06,1,2,In Progress
edad7934-e57a-4961-b38f-17f534e5c8f7,2025-09-09,2,5,Approved
81b9bfca-f32f-49d1-a98b-2f00ef1adfef,2025-07-17,4,3,Approved
efeb0a03-2ed3-409e-a051-de09859793a0,2025-05-03,3,2,Approved
f743610a-0d86-4bc3-87dd-d72f981ea6a8,2025-11-08,4,2,Approved
9b2e8063-d48e-449c-b250-dff69f0a5ed7,2025-07-03,4,4,In Progress
bcdb7f01-9caa-4e00-b2df-425d8d4aa6b1,2025-01-06,5,1,Approved
f72c9ceb-a1ae-48e6-849f-f3b4c92f19bc,2025-12-12,1,4,Approved
449f612e-0927-4fae-a2ca-3f7c3d7c6b9f,2025-07-04,2,5,In Progress
abe6d84b-fdaf-4a27-9893-9295a61f90a3,2025-04-21,1,4,Approved
bc6d7b41-abb6-4d62-9cca-8dbfcc0186bf,2025-05-08,2,3,Rejected
ade4e689-b111-48c6-9057-508157f89f7d,2025-01-15,2,4,Approved
f069a472-9412-4b2f-9bdf-fdc3aa5e2d33,2025-09-17,4,1,Rejected
82a5eba1-3a26-42a2-9038-de10dda277df,2025-01-06,4,2,In Progress
a70e1eb3-aa1b-4d88-95a1-32c56b447811,2025-11-30,2,1,Approved
a5b736e1-3947-462e-8ee5-f02fd64bb209,2025-12-05,5,2,Approved
f3730ecf-865d-4d80-9f6b-4b7551fb9860,2025-10-07,3,1,In Progress
deb2a6f1-f640-4240-9d19-7b53ff00a81b,2025-09-02,1,1,Rejected
f573d415-a1fb-4a9e-80ba-cf3012de0ce8,2025-06-18,4,3,Approved
b9db06ed-b1e7-49fb-a0e3-0dd6d7bf1abd,2025-01-19,4,3,Approved
37971c6b-187b-4de9-9511-a16b806959e8,2025-09-02,5,2,Rejected
14eecef6-686b-4205-b37b-e73801045034,2025-04-26,2,3,In Progress
524b93df-b6c0-4a42-931c-aeb4f15d42e8,2025-07-06,1,3,Approved
5fbf28a7-0dbf-480d-b087-9b2566c7a091,2025-09-20,3,2,Approved
c35b7f74-1bc8-4f2e-9708-0e409bdc426c,2025-02-02,5,5,Approved
d7eeb93d-5b98-411a-9a0c-48a123657bfe,2025-11-24,1,3,Approved
085cace8-95ec-458a-a5ef-87c346ecd06c,2025-11-21,4,5,In Progress
5cc7a89f-8ff7-45ea-b4e9-77f751e040e2,2025-07-18,3,2,Approved
5887e072-4423-4389-a094-707a1a6cfe55,2025-01-07,5,4,Approved
cdb6cd9f-d4f7-40d5-9b65-ce1c646f4f0e,2025-07-16,5,4,Approved
530a457f-ba8e-46c9-b4d8-992101d7b514,2025-08-07,5,5,Approved
1a4375d1-b85b-47be-b268-7fb931cdb0dd,2025-08-25,5,4,Approved
383421a7-88ef-46c7-807c-e65e11a21188,2025-04-11,1,1,In Progress
7ec44bc3-5dd4-41c3-b60b-d8595116eebd,2025-11-25,4,1,Rejected
8010c5fa-19ac-42e9-9ae3-4249aa643199,2025-07-24,4,3,Approved
6d16d440-c900-4dc0-a3d3-bdbe0d104130,2025-04-11,1,2,Rejected
fe45631b-2ff0-4a87-bc0a-5461ecc3a2dd,2025-12-26,2,2,Approved
dbc3a704-52e5-475e-85d1-6d7229170493,2025-06-06,1,4,Rejected
38ed4994-3d58-4119-9cf3-7119a3135c56,2025-04-16,4,5,Rejected
e940120b-dd6f-4596-aeb5-5b43f5de71b6,2025-06-21,4,2,Approved
5cd0ad84-5ab9-434b-bf60-654801b5b703,2025-04-17,5,1,In Progress
774d37c1-d8c3-4557-bf8f-dd0c4ec931af,2025-06-06,2,3,Approved
63eb7e02-34f8-480c-a954-07a3045bddf7,2025-12-20,3,4,Approved
ea28420c-986f-4dfc-b994-7ad2be0db3a3,2025-01-27,4,1,Approved
df001932-2d47-422d-803f-7e5d748e31c8,2025-05-23,3,1,Approved
0367b1a5-0032-42b7-a71d-efc2ba0772d9,2025-11-15,4,2,In Progress
d2cd0db9-de5d-4762-ab6a-3c3d181d78b0,2025-12-23,2,2,Approved
30aac0d1-52e2-4d41-97ed-794f951e598d,2025-01-21,1,1,Approved
7573a129-8c6f-4e3d-b3dc-a8c5ccd92ce1,2025-01-22,1,5,Rejected
624fa123-aa51-41b5-9324-3aec98e7b5b3,2025-11-02,2,3,Approved
f55e57f1-2d64-47ef-9dff-6023cac9dfe3,2025-10-19,2,4,Approved
360b41ee-3f15-4258-8cfe-e10b179f1cb5,2025-08-05,1,2,Approved
b540500b-72a1-4137-b511-672c36e5295e,2025-09-22,5,1,Approved
8fb5f853-3255-4853-9487-6714b7e703ca,2025-12-11,5,2,Approved
16e8735a-05c3-4ea2-9e16-4713d3d63fd5,2025-03-10,5,5,Approved
9fb200cf-e4cc-4130-8e60-f7cd6b68214f,2025-03-14,4,3,Rejected
da4b51ac-6da2-44dc-b416-f8cf18c4e744,2025-08-23,3,4,Approved
0edeb8b9-1b23-4604-b043-c8277aa95611,2025-12-30,5,3,Approved
989a5fcb-871c-40bf-ba4d-227655a51c16,2025-12-12,1,5,Approved
19be336b-38c7-417e-a9ba-23325d5f4b9b,2025-05-18,4,1,Approved
406eef1b-1e17-46db-936e-d105b4c53692,2025-12-21,2,1,Approved
8ef05131-db12-4d6b-8570-d55e8c25bc78,2025-09-10,2,3,Approved
4901804c-614e-4b4c-86e4-de6b58c5439e,2025-04-28,4,4,Approved
00cb1690-8f8d-4bdd-bbfd-90db2eb996c4,2025-07-18,5,2,Approved
48336ede-fa46-4899-aaee-5773d9b4ff2e,2025-01-02,1,2,Approved
2875a8c6-4249-47cb-b72d-da72b44d7dde,2025-02-15,4,5,Approved
6aee4cfd-ae47-4cf8-b69a-911161c572d5,2025-06-16,4,3,Rejected
89588594-450f-43d2-a619-2832505a9619,2025-10-27,5,5,Approved
bab0afd3-5ef7-4c1a-8bb1-af9c97e57c62,2025-11-17,5,2,In Progress
5de997b8-57a3-4a95-85c8-36255f7e238a,2025-03-30,2,4,Approved
b0d11e5a-d270-48bb-95c1-52cee2687a82,2025-10-28,2,2,Approved
3b2ff38b-5827-48e7-a81b-6b1790f3c2dc,2025-10-19,4,5,Rejected
08f0b7f4-a55b-439e-b648-72947f4491f3,2025-05-24,5,2,Approved
2e9120fa-fb27-41e6-a183-b39a7f6b5503,2025-10-22,3,3,In Progress
95811d6c-266c-456d-ace3-ee27bce91301,2025-08-01,3,2,Approved
cd652d05-b145-4835-b146-70694b2240e5,2025-08-01,1,1,Approved
4042b057-0dfb-48f4-a32b-4871eb8007fb,2025-11-16,2,1,In Progress
58f1fb2d-7e31-4273-b2ed-5ce0e57cacbf,2025-07-14,4,4,Approved
bee8a910-6345-45ae-b755-994414ce3749,2025-12-21,4,5,Approved
e9637524-8895-4d22-8ba2-c87a1a33db3c,2025-07-23,1,3,Approved
fcb08d22-72b1-42d9-96b6-5acf54966ccd,2025-05-24,1,1,In Progress
cf2a6291-19eb-422a-8315-e5bf5296d32b,2025-07-13,1,1,Rejected
1246211d-43a7-4aa1-ade5-6026e16b7dc4,2025-03-17,4,1,Approved
0f853488-1e16-49e3-b241-b33f38aff254,2025-10-19,5,3,In Progress
26209314-cbd4-41f8-8b47-b3df7db38242,2025-01-27,2,1,In Progress
8bfe67db-e109-4b73-a1e1-0d42f4e35688,2025-01-18,5,1,Rejected
7bdc2274-9def-4cd0-9490-46f6bb39d4a2,2025-08-21,1,1,Approved
aa1d201e-9b77-41d1-bf4b-fe89c9e0a921,2025-01-28,5,4,Rejected
d1706123-7493-4d8b-a83d-667b6b939a5b,2025-12-31,4,2,Approved
9856c8cc-84e4-4632-b7e5-f32790e60c7e,2025-01-08,5,1,In Progress
a1d67b0a-1c2c-489d-bb5f-7bffccd9ef91,2025-12-04,3,1,Approved
56cf9f8d-7600-4218-9a0b-3c95ed127800,2025-10-24,2,5,Rejected
366f8d8b-d774-4bb1-9958-d29ec25faebf,2025-04-09,4,3,Approved
0d175575-a867-4b0f-8130-0755e714b04f,2025-03-26,3,5,Approved
2fd5ebee-484e-4aaa-bb3e-00969c7678be,2025-12-09,4,2,Rejected
1941cbf0-a7dd-4933-9d17-74560177c69c,2025-06-01,1,3,Approved
7db13260-b640-47b8-9f60-ee4d5957da00,2025-04-02,1,3,Approved
c4662301-fb28-4ed9-99b0-f628eb80f6ae,2025-04-23,2,3,Approved
7da982c1-03d5-4097-ab82-c00e9f59e298,2025-08-14,5,3,Approved
757825a2-57a7-440a-b6b6-004b918540fd,2025-12-06,2,3,Approved
b46c04c1-ff39-4c12-95d6-731873dcdd64,2025-11-15,4,4,Approved
71969276-c3ea-4f9f-84b9-d7e873e09b54,2025-10-12,2,4,Approved
fe76b7eb-aabe-453b-b252-d24a4cf35c1f,2025-05-05,3,2,Approved
89bd78ea-6a5f-4949-b61b-64fe0d7f10d4,2025-11-30,4,1,Approved
caaf2b3c-813b-4ab4-9c87-e0c457af4415,2025-07-16,1,2,In Progress
42e51746-1da2-4323-a264-a8c61bd120f7,2025-09-09,1,2,Approved
8e7b3aee-ef1f-4f6f-9971-c2a2d105015c,2025-12-05,1,2,Approved
676bea8d-4b46-4e3d-a5d6-c6472b03860a,2025-12-08,2,5,In Progress
417d5e89-460f-4b89-a247-42ba20576fc8,2025-09-20,4,1,Approved
93af52e9-bfe6-4424-8c9c-0aa55915e1e0,2025-04-23,5,1,Approved
4c8025cc-15c7-450e-9959-beb876ed1572,2025-08-05,5,4,Approved
9c88ac60-b799-4420-8517-65e0ed0a0cfd,2025-04-17,4,2,In Progress
e32cf735-c3ae-4672-ab0f-c4a1947ecfb8,2025-03-27,2,3,Approved
7b2474ee-a828-4734-b678-a8f83b9c5437,2025-08-08,5,1,Approved
efebc92e-9d37-4942-9663-82d40bc779d6,2025-01-02,4,5,Approved
eacd7cf6-bde8-492c-a85a-561d06bcc95f,2025-06-18,5,1,Approved
3fd56977-4b4b-468c-8aa7-bd301db00471,2025-06-30,4,5,Approved
269b0210-528c-4a28-850e-b8afdd150a48,2025-05-17,5,2,Approved
d302b2e0-ff97-4057-b820-b53a86eeba72,2025-02-05,3,4,In Progress
90ec176b-33b7-4e6d-93a7-68c45ecb734e,2025-04-21,2,4,Rejected
78bafb3e-e29d-4ff1-8e34-198ae45e4014,2025-03-06,1,5,In Progress
151f14ce-32fe-498d-9803-5fe2902619c7,2025-03-13,5,2,In Progress
b88c0524-96f8-4c69-8340-1846e9d7e665,2025-04-21,5,2,Approved
231974e6-fec1-457b-9760-120363264f8f,2025-04-10,2,5,Approved
542dd196-22f1-430e-8c0f-1c45d6debd5e,2025-09-09,1,4,In Progress
0c4545f4-21d0-4a07-ac9d-d5334faa490a,2025-01-27,3,1,Approved
ea23f0e4-8c0b-41fa-8b18-121977af4cbf,2025-09-17,4,1,In Progress
5901bdc8-b9ab-417a-9927-00c7058ebd8d,2025-01-26,2,1,Approved
4dc0095d-a0c9-4048-864b-1a65e6846f66,2025-09-10,4,1,Approved
b227c211-14ad-45bd-b443-5c478a67ffdc,2025-09-05,5,3,Approved
4cfa9597-14bd-4281-ba39-54e9acff128d,2025-01-10,5,1,Approved
66a78363-a454-4d1c-863a-dad812747321,2025-06-27,2,3,Approved
2431bad1-7238-4708-9678-5c99f03f5f8e,2025-10-24,2,5,Approved
15030ef4-cb02-43aa-a345-1032540ac20d,2025-09-13,2,1,Rejected
b5ffdc36-c85c-4fa0-9a78-95a3de4ce756,2025-07-16,5,2,Rejected
83212698-a959-465e-802f-58f62f4b7af3,2025-06-10,3,1,Approved
d40cb1be-9bf0-48b0-8d02-be42d9ae933d,2025-04-28,2,4,In Progress
b3ef862d-7926-48bd-80f6-e48fccc79082,2025-11-17,5,4,Approved
932fd7b6-cd7e-438c-98e9-cf54f06de82d,2025-04-10,5,2,Approved
5fcb3926-7322-49ef-a281-da2cda7683c8,2025-12-24,3,1,In Progress
557201ea-00e0-417e-a015-38df8d96e226,2025-03-07,3,5,Approved
6cdbf2fa-bd86-4fa1-8bf5-8011b31d3e25,2025-08-22,1,5,Approved
8d16262c-57e9-498b-a73c-c5c77f06774d,2025-06-27,3,2,In Progress
9f334be4-7c31-4f19-aee6-04873b5b102e,2025-12-31,2,5,Rejected
c07a2843-316b-4672-b3b3-5afc70fb916b,2025-08-14,3,4,Approved
39af49f1-85b3-40cf-b43f-82c0e505a376,2025-02-21,4,4,Approved
c60a9f06-70a1-489b-8bb4-2474bba5ef3b,2025-09-11,3,2,Approved
78af71be-dbd6-44ff-830e-2db7fad0ffe5,2025-09-28,1,2,Approved
c9c73475-dcc1-4a2a-b631-4d669bc363a6,2025-11-21,2,2,Approved
c386aff6-1f6d-490c-8fd4-517c4247f069,2025-03-05,3,4,Approved
ae3cb0cb-8e48-45c0-88f2-9a0ff8aa68f6,2025-05-26,2,4,Approved
9e3e110c-8dbd-480e-915c-ca3946f8be7f,2025-12-01,1,4,Approved
42b8b0b1-ac21-4290-b00a-2a4277a56d24,2025-07-20,4,5,In Progress
40f8ea8d-9861-4e81-ae7c-ac5e703cc46e,2025-11-07,5,5,Approved
42239446-ecf2-4e96-9989-71c392dd9bad,2025-10-25,1,5,Approved
108f64ea-108a-4f71-88fc-392b482c922d,2025-06-22,3,1,Approved
28b48f6e-02c1-4d54-b158-8080de84b8e7,2025-02-10,2,4,Approved
c86a47bf-b16f-4231-b5d6-4addfd53355b,2025-12-26,3,5,Approved
646464df-2e7a-4142-afd8-6a3656586068,2025-01-18,4,1,Approved
e677dfe2-de12-44d9-afb4-a9f3da3edc6a,2025-10-24,1,4,Approved
02771862-8c06-4129-9380-037adee1814e,2025-04-04,1,4,Rejected
71249e80-1c04-4edd-8983-8dc56adc4e4c,2025-10-17,3,2,Approved
a2c24555-70d5-4eb4-a3e5-a8479d3c209b,2025-03-05,3,5,Approved
2a760fff-80f3-440f-8e15-4494ea5aff41,2025-04-22,2,4,Approved
b073db64-19b1-4659-97a5-715ebae2dd78,2025-03-26,3,5,Rejected
056325a6-003c-4dec-a85f-9988705c473e,2025-01-11,5,4,Approved
89a4b854-1c32-473f-bb95-2f40241bd5e7,2025-06-12,2,5,Rejected
454c1c20-3d0c-457f-9f1d-f3377507f9d5,2025-08-06,5,1,Approved
492211c4-3651-4912-a709-f193c252557d,2025-06-22,1,1,Approved
fb178407-e5ea-4176-8cfc-85b5f33c002e,2025-07-18,5,4,In Progress
02fdd8e2-542e-45fa-8f2a-e64fb7a9ae61,2025-11-12,5,3,Approved
6d7b4e94-5bbe-467c-b78d-f86f436ed032,2025-07-07,4,3,Rejected
93bab108-4ad7-458c-a879-27ec81f13600,2025-11-02,3,3,Approved
ac6eb2bd-f702-4ceb-a322-4e1b0961b84f,2025-04-04,5,3,Rejected
819d7414-bb9c-4b4e-ad59-af8ea50917e3,2025-05-23,5,5,Approved
d4410a6b-6aea-4f01-b605-317b0a1e1da8,2025-12-31,1,3,In Progress
8812aa74-2618-4ba5-aa90-3f546134a2cc,2025-12-08,2,3,Approved
6eb96fd7-94b4-4393-84b3-177d8dd60089,2025-11-21,4,1,Approved
15bb3629-65a3-49b5-bb01-ac02194d7955,2025-06-14,2,4,In Progress
a9527034-fc8a-4d3f-a0ca-aae7b7aa6f0b,2025-12-19,1,4,Approved
8cf0d4cc-c7a9-4e5c-b7a1-7c7ee6a4f715,2025-09-18,4,2,In Progress
edc747a3-f515-465f-8fdd-587b72f79819,2025-04-19,5,4,Approved
45ed352d-df11-4d3f-b529-4e368de16493,2025-01-21,5,3,Approved
dd62608a-e39a-4f4a-a280-144ad505f9c5,2025-05-19,1,5,Approved
3ef158f1-defe-451f-b5c9-f875dd6f3ec1,2025-07-28,2,5,Approved
7ea4cec0-cbd2-4ff8-8759-e62420cdc964,2025-05-08,1,3,In Progress
68945f90-c654-49ad-b037-2a98b5dd0566,2025-04-20,3,2,Approved
8ebef57a-cda6-43ac-a951-19b9a4a374cb,2025-02-25,1,1,Approved
d4f54ac0-cfe0-4edf-9ed7-955e73c52b90,2025-11-08,4,5,In Progress
19cff994-c00a-4391-83d8-ea1c80498b82,2025-06-07,5,1,In Progress
a9be3df3-1917-44d6-b837-dc85e0802162,2025-07-29,5,3,Approved
5f20b96b-2611-42c2-9118-03aff42c2049,2025-03-10,2,3,In Progress
9afbc06b-6a98-40f6-a0a3-863cb194005c,2025-01-31,2,5,Approved
303e7f31-3752-4972-b297-c6481dd68b50,2025-03-02,5,2,In Progress
eb63f48e-6e44-4583-a988-f2ccc035acbe,2025-08-30,2,2,Approved
d30cc69f-5db0-429e-af16-6d9bfb9abe8a,2025-01-29,4,4,Rejected
7d1aed52-60fb-49b3-8444-f64c4e052722,2025-12-17,5,1,Approved
76317d5a-f1c7-4c13-aeb4-5b5a8e1cc73a,2025-07-18,1,4,Rejected
2d4e3a10-4958-43f6-91e3-99647100e064,2025-01-19,2,1,Rejected
c3688f82-eab9-43af-a13d-8b9580c43193,2025-09-20,2,1,Approved
c87c15ca-2cc2-4e84-a586-c88d7375f0f6,2025-07-23,1,3,Rejected
1d762c8b-f712-49db-9fa3-2fd52ff092f0,2025-10-14,3,4,Approved
0cacbeef-621c-4a57-92a0-b3e1c660d565,2025-08-23,4,5,Rejected
e939d027-4b44-4f20-8d8c-01908677590b,2025-06-04,2,3,Approved
82b836eb-cd19-46a5-ac7c-2f7d94a39617,2025-01-30,4,3,Approved
fd406c9f-78ce-448d-ac1b-431a4d53c040,2025-08-15,2,1,Approved
6a15e654-d890-459b-8bff-e8bb412261bb,2025-02-22,1,5,Approved
c8933d47-63d6-4885-bfba-35b8dc7cd918,2025-02-01,3,5,In Progress
5c018f67-02da-440d-9b96-2c114b43d846,2025-04-24,4,4,Approved
457af9cf-7df5-425a-9a61-b3ca8eb038ac,2025-02-05,3,4,In Progress
cea84112-5f43-4ab1-a9b7-756a46295c00,2025-03-06,3,2,Approved
e648f9f1-ddfc-439f-8370-8b2f844d8fee,2025-01-24,2,5,Approved
710dac34-b5ed-4260-9ae2-c7eddc5e68bd,2025-09-14,2,3,Approved
be691800-19d6-420a-87b8-bd9a1030c5e5,2025-10-27,5,1,Approved
4f1d5929-7884-489a-b1f1-47fd0b80895b,2025-12-17,3,2,In Progress
19381a36-7961-4c62-acd7-6de86ad013d3,2025-04-26,2,2,Approved
d9d82fbd-fec7-49da-9270-a8bafec986d4,2025-02-22,3,1,In Progress
8d2d984b-f4d3-4da7-973f-73452638ef32,2025-06-30,1,4,Rejected
4f9c6c1c-2dee-4edb-bea0-3e035530e1f6,2025-06-20,2,1,In Progress
b8fd5d48-dd2f-40f4-95f4-01b47526cf9c,2025-02-04,1,4,Approved
4385c8c2-c621-4884-b849-a787759da6ff,2025-03-09,3,3,Approved
1b40cd77-fc5a-4f71-ac1a-21c990ff3e38,2025-07-26,1,3,Approved
c0a318f7-3418-44d1-844a-763ba3f4f85e,2025-09-25,3,5,In Progress
3abecdca-9109-43b1-97d9-b6a33c6c1323,2025-03-19,4,4,Approved
77618dce-69aa-44ba-870c-ceebaf04edd5,2025-09-11,3,4,In Progress
cccc0b45-aaab-497a-b7ff-62a2d001964b,2025-03-08,3,5,Approved
98d9313d-4d8d-4a68-89a2-abce2a22f8d7,2025-06-27,3,5,Rejected
b5919a30-aea4-42fd-a901-6271ec90ecc7,2025-11-19,5,5,Approved
61f0a88e-fdeb-436f-97f4-df98b5d409a9,2025-02-27,3,1,Approved
70dce757-d758-4309-b4b7-4bef93532c72,2025-08-14,3,1,Approved
4562aa74-dabd-4318-b2b4-fdf1c367cfae,2025-08-04,2,2,Approved
8fe07a69-3267-4d27-879d-13d46017e17d,2025-02-04,5,4,Rejected
d594339a-5a6d-401e-9f25-4c53cb4b13e1,2025-10-08,3,2,Approved
76f5974b-96cd-4015-9dc5-8ffd6dc1d243,2025-05-21,5,3,In Progress
7c69130b-b78f-4331-8e8b-a14354df6435,2025-06-06,4,1,Approved
0565d04a-ba9c-4713-b9e3-f7521910f733,2025-07-13,2,1,Approved
c5833eb4-4608-4205-9d85-8a07b679ec1a,2025-04-02,3,5,Approved
8e8692e9-c381-4b27-b7c1-1164c7578dab,2025-03-17,3,2,Approved
b7b8936c-4a05-4bd5-b14d-5992c33c2606,2025-07-15,3,2,Approved
3ddac063-bc75-45b7-8755-bbddb70af6fa,2025-12-26,4,3,Rejected
7a2642da-e889-4d3d-b029-890e362375a2,2025-11-30,4,1,Approved
31b24346-0bd7-42ca-bf48-588a5cdca262,2025-02-12,3,5,In Progress
eddfdbd1-979b-4312-a1a8-b4a1caa20587,2025-10-02,4,5,Approved
506e7125-6074-42b3-bc67-899659a2e00d,2025-07-27,1,3,Approved
7780dd0d-b978-48bc-bcc1-32acc7a3e1c5,2025-02-25,2,3,Approved
c4550c0b-170f-47af-917f-ca27a9d8c619,2025-09-25,1,3,Rejected
c1886f1d-631f-4e1b-a0a6-f11c9374c53c,2025-10-30,4,5,Approved
f76bb2a3-9d9c-4254-a54f-4b0d62b6d5b5,2025-04-13,2,2,Approved
cbc4f6c0-c397-4069-b507-1a2264008fbd,2025-12-17,2,3,In Progress
5d07f8e0-dff9-4c38-b9d3-b92db41d8c79,2025-10-04,4,1,In Progress
e6e0fe17-65ba-4dda-a7a6-c901af06fa71,2025-08-03,5,2,Approved
3cbc5bb1-f8a1-4969-bad3-a66cb9903009,2025-07-31,5,2,Approved
2aae9598-40ee-4d3b-8ec7-0ea0a3436ada,2025-08-04,3,1,Approved
324852cd-129c-4bbb-a4f8-00d0ce38ca5e,2025-07-22,1,2,Approved
2d50b618-99b6-45a1-ad17-86c369337806,2025-08-15,1,3,In Progress
3d723843-e196-4e43-86eb-f56aed927304,2025-03-15,1,5,Approved
1ce39274-7a1c-4065-9675-f6ba25a234f9,2025-06-23,1,5,In Progress
0a97e263-1f18-4863-bacb-d5e76ae9ba48,2025-01-31,4,3,Rejected
70a833b7-e07e-42e1-886e-49cbe36996b1,2025-09-11,5,1,Approved
ff988920-879d-42dc-8289-83fbbb48be4c,2025-10-03,4,2,Rejected
421f2748-aaae-4314-97da-17714ef08815,2025-01-14,4,3,Approved
7a5bc8b2-8968-45fb-b1cb-33d0d8421fef,2025-03-24,4,5,Approved
cb1b7430-3d01-475f-a32f-14aa5b447fab,2025-10-28,3,1,Approved
c2650d20-f15e-4f1c-ac56-4f888200bb08,2025-06-11,4,1,Approved
a54b60d6-ed26-405b-8cbc-a1e4583eaa1a,2025-12-02,3,3,Approved
9611a44d-700f-4fbc-ac1b-96a694b27621,2025-10-10,2,5,Approved
93ba7887-c7f9-447e-abd6-5d59832682bc,2025-08-05,2,2,Approved
6faba2e6-d63a-432c-954a-653bae4eb53a,2025-05-16,5,1,Approved
1cef392e-7231-41bd-9429-f65c51900019,2025-11-17,2,1,In Progress
5067456d-15c6-431a-8c84-67f623473dbc,2025-12-22,5,3,Rejected
520fbb3c-6751-44f3-802e-12c0cbcdcf44,2025-06-03,5,4,Approved
b4eda2e8-eb43-4849-ab03-0a601789bc92,2025-03-27,5,5,In Progress
3508f2ce-289c-4826-897a-f6f9b5a8cdf9,2025-06-04,4,5,Approved
34f8b9f6-6803-410b-ba6d-fcabc5c96824,2025-10-07,1,1,Approved
332bd295-ccbe-472b-8961-361fb296314e,2025-01-09,5,3,In Progress
fe12bcdc-8956-4de7-9d09-d93e10ea5dfc,2025-05-31,2,4,Approved
abf2f8ef-beff-4327-bbfc-590313f8b618,2025-04-20,1,2,Approved
a6c107fb-ef39-4c54-87a0-2db8f9b76a1f,2025-09-25,5,3,Approved
985a0b57-a761-4c57-8e44-d0984802d6ae,2025-06-25,4,5,Approved
e59e7824-c526-496f-8f37-89da32b3f8a0,2025-12-28,1,3,Approved
ed9684e2-cd75-4f16-8808-b0222341b2ac,2025-09-07,1,3,Approved
922166ae-ca5d-47a1-b894-71cb46677e71,2025-12-28,4,4,Approved
a08d2510-00dd-4e12-8749-7f81ba705751,2025-07-30,3,5,Approved
af4ba36b-d1d4-4cb9-b7fd-ad151b2191f5,2025-06-28,1,5,Approved
c2213103-938e-42f9-afbc-eb0dfd18daa3,2025-11-30,3,3,Approved
47c7c38f-af37-47a8-95f7-1aaefe2d1808,2025-06-08,5,5,Approved
1d8db0b3-824f-4e4b-b3ca-560ac17525e0,2025-04-28,4,4,In Progress
f76ffc6c-97fd-48d9-bd2d-b5e73e264df0,2025-04-28,3,5,Approved
6a5a6a70-8ff9-4675-a936-b4697b745e8d,2025-11-25,4,5,Approved
9cbb2357-1bc1-4627-9353-cae7e10cf7a5,2025-04-29,3,4,Approved
7fe19c09-b397-40af-bbe3-c526fa2d62f0,2025-01-01,2,1,Approved
8e5da9e9-9087-4ca0-a398-060a84a62c9b,2025-11-05,3,2,In Progress
e5a88cba-41e9-4265-b63b-5fc848dce701,2025-02-26,3,3,Rejected
376be780-9e7d-4f44-a3f6-08c9eec4ae80,2025-09-11,2,5,Approved
865610dd-7304-44b7-b24f-3da99fd8dcc7,2025-01-29,1,4,In Progress
60728201-7ed7-4473-b0d4-0a9ca4278750,2025-06-15,2,2,In Progress
4087e577-6246-43a3-a776-2b2368f00011,2025-05-27,4,3,Approved
48acaac8-b71a-4ce8-b04b-e7d6712f5e44,2025-04-19,1,5,Approved
2329a946-152d-4364-a2d6-ce7b01fb2415,2025-07-26,5,3,Approved
cc9e42a8-f886-45ae-b67d-502af8c4b755,2025-08-12,2,5,Approved
29d16d4d-1e15-4542-b0a6-cb3c0038fd44,2025-05-06,5,1,Approved
01867d5a-077b-40a7-8961-74e4059397a5,2025-03-24,2,1,Rejected
479e9e7e-3f16-461a-a4ab-ca5f5317f4e0,2025-04-01,5,1,Approved
ae16dee0-ab5e-45a0-b04d-711623c6a8e0,2025-04-28,5,5,Approved
c22aa3de-b366-4087-a4d1-02e19ad18bc7,2025-07-20,4,2,Approved
c20b13d6-a0b0-4891-8e55-03fdf9e21266,2025-10-09,4,2,Approved
8d5e1cf7-1b84-4101-80b2-8801b4d0f10d,2025-05-08,4,4,Rejected
0ca77364-76a1-4da9-ae85-8d7e569d0b78,2025-06-24,1,3,In Progress
06aeacdf-4a09-4d92-81a4-e8cf61beb6ea,2025-05-30,4,1,Approved
26f017d3-395c-429a-a6df-d48ef7c526d7,2025-01-06,3,1,Approved
a95006d7-8655-4764-9d29-4de8a40ee854,2025-05-31,4,5,Approved
f344a277-a786-4cd5-95a4-b603aeac283f,2025-09-28,4,4,Approved
fbce2d20-77ae-48f4-8acb-d81cbc67c01f,2025-09-10,4,2,Approved
62980b8c-3cc2-48d1-b4f6-92407dddd918,2025-10-22,4,1,Approved
d3bae458-0429-4472-8c7c-731321906ea0,2025-04-14,1,5,Rejected
fddff960-15af-469c-9e17-c4f9d3b76456,2025-03-31,3,3,Rejected
2e8a9bbb-cbee-4417-9207-e59f6388fc4a,2025-02-24,2,3,Approved
abc040c7-57a0-48e3-9d20-0808e8600b02,2025-12-31,2,4,Approved
3941d13c-e217-42a6-9a64-84b6c2e9c7a6,2025-11-21,3,4,Rejected
a839015c-1b61-49c3-82c0-527ba0dd4c75,2025-02-14,5,3,Rejected
40f2af0d-f81b-44e6-9ba0-fd8a697e842a,2025-10-01,5,2,Rejected
eb801071-1087-4647-83c8-fa5308fa7a50,2025-05-05,3,1,Approved
7ec718c0-bb14-4c7d-849c-c7b1b87f9d16,2025-08-19,2,3,Approved
f4a53498-f137-43ab-a398-20e16eb9fe95,2025-12-26,3,4,Approved
0cc3d1e9-ff43-4d99-bce7-8f77358ea6bb,2025-03-28,4,4,In Progress
41577bae-a5df-471f-a0b2-fdee46cf924d,2025-02-28,1,4,Approved
cf57d191-95eb-4e97-a776-06358d3efc89,2025-10-23,3,4,Approved
11b2fb64-0560-40cb-8ac3-35660ff55c50,2025-02-09,2,5,Approved
ad20316b-4b54-4e5e-a298-db668560b59a,2025-04-02,2,5,Approved
94ba2251-5aad-4400-b54d-2745766a60ac,2025-12-30,5,3,Approved
a1cefbc9-5818-4438-92b1-57ac591a528a,2025-09-08,4,4,Rejected
7f48c1ea-86fc-4266-ac34-3c999d676847,2025-11-09,1,2,Approved
bc83a3e2-018b-49bc-a302-6c920fe6f14e,2025-04-30,2,4,Approved
e7084246-ef37-4d19-8be2-a961b1b1af9f,2025-08-13,3,2,Approved
397ddc7f-6fad-4e69-98a5-52198bdbb7c1,2025-05-26,2,3,Approved
b39c0107-f60a-4f90-ac16-56ded6da2e9e,2025-07-23,3,3,Approved
0646e265-db0e-42b9-9201-4313497b9a2e,2025-02-28,1,4,Approved
474efd3f-6710-4e48-bbb4-8126d16d88c2,2025-04-18,3,2,Approved
404c65c7-ec79-4970-86fd-b5b199ba5e79,2025-09-19,2,5,Approved
b3c5b2ed-5ab0-4358-b4f8-2b3059893a1b,2025-10-31,4,5,Approved
36cf440c-2a2e-412b-8a4f-f4e4c0b3a25c,2025-08-10,5,4,In Progress
37264845-65b4-4969-9a14-f9f068d9d796,2025-10-28,5,1,Approved
7f88e789-06d6-4ef7-a2c5-636c0b7fa013,2025-03-07,1,5,Rejected
2f01a57e-c58a-4bb0-86e5-10b7330a4984,2025-08-01,4,3,Approved
e430dec7-a385-47ea-8a5c-e298a132a81e,2025-05-12,2,3,Approved
0abb4855-2473-48a4-802d-8617d5ce4c7a,2025-12-06,2,4,Approved
477ce11e-55e1-41f6-a2ee-05ea958c12bf,2025-06-22,1,5,Approved
eba89a12-1770-4f13-bfd4-3974b2aa974b,2025-12-09,5,3,Approved
805f5766-05f4-478e-a8df-4145b76cf909,2025-09-19,2,4,Approved
6f7b8b0a-4f95-4b62-8cf1-c035a8b86991,2025-07-12,3,5,Rejected
dc2c3291-664f-493a-afd9-7613fc49bdcc,2025-11-23,3,3,Approved
eef6c66e-2251-4378-a366-b6414619486f,2025-10-01,2,2,Approved
c5bd04e2-5b5c-4d75-8761-a2bc7cea2328,2025-05-02,5,1,Approved
e4071419-15c3-4791-82ad-0aac039d96f9,2025-03-30,3,3,Approved
e83da3a1-a405-4b78-bc9d-a5fec87b0fc8,2025-12-08,4,3,Approved
7279886a-558f-46a0-90df-8e92d01c9d2b,2025-08-05,4,4,Approved
b237a86f-acf0-43c5-85fe-4a64b2c276c0,2025-12-27,5,2,Rejected
d012c534-f4ad-41a2-bab5-2804707c5466,2025-01-15,2,2,Rejected
46e1d149-03b9-4921-8076-a0fdbb22295f,2025-05-27,2,3,In Progress
ef18dcbb-486b-4d3f-9125-fe67d7e98083,2025-11-16,5,4,In Progress
4e7fe75d-0a37-4484-8c06-bedb829d729f,2025-12-16,4,4,Approved
013bd4f4-90ba-4457-b2fe-8464551c8642,2025-08-11,2,3,Approved
8ef0ff1c-98b1-4189-a842-3312f60ec58c,2025-04-06,2,2,Approved
c267d9af-46f5-434c-9276-8fdd1f36a516,2025-12-18,3,2,Approved
61704927-71ee-43fd-a95e-518877384f8b,2025-01-29,3,1,Approved
323d238d-5ab5-4b7c-9af8-c12fd2ac885a,2025-04-03,5,4,Approved
a20c5ad3-6314-4e15-aeb9-dfd6427775f9,2025-05-02,2,4,Rejected
c524bc45-c78d-4b19-9a1b-920a01565e6b,2025-01-26,2,2,Rejected
1a8b8176-580a-4f53-8043-bd3bcf993a0a,2025-11-27,4,4,In Progress
f796e8af-2c0d-4779-bd3f-2f39a6565d6d,2025-11-25,1,4,In Progress
282684f6-31ac-4f4c-8812-62657595f46e,2025-01-12,5,5,Approved
7f24e878-b05b-44ea-9aef-79a7d78bd178,2025-09-12,2,5,Rejected
b679cc9a-9f63-42ae-9ae6-a812025bea1b,2025-07-25,5,2,Approved
2f3360dd-c6e0-4968-9990-ad9652e60f0b,2025-01-15,4,1,Rejected
efe1a3c0-fa8c-4fdc-a341-a6f9a0ea40fb,2025-07-03,4,2,Approved
da834dd9-cb64-419c-93e9-655ccf2a2773,2025-06-16,1,5,Approved
16b007d0-a0f0-4824-8f88-50c8070fbd6f,2025-10-26,5,2,In Progress
ff6ec51c-82b5-4992-8b10-7dc2f5a24b99,2025-10-30,1,3,Approved
8c5098e8-e442-4284-8b2e-cf67c8362a87,2025-03-30,3,2,Approved
f1276d59-6c9d-4665-bc9c-2ca351aa9982,2025-08-13,5,5,Approved
3ecd1d93-5fa2-48c9-9f98-7bde22a7a485,2025-04-18,4,4,In Progress
51583ba3-8cfb-4ef6-8f23-86d4ba65c80a,2025-03-17,5,4,Rejected
f07d3f7e-7008-4e5e-bf75-bf3b2021ffd2,2025-05-08,1,2,Approved
a74e08c5-54f8-4e6f-bd5c-64a115cd38e2,2025-08-31,2,5,Approved
e1a0ba33-1bc7-43a9-bc93-3a35cec6ebda,2025-03-04,2,5,Approved
ad6c20c4-4f9d-40d9-90ff-41e206c6f94a,2025-08-04,4,1,Approved
f28d5397-ffa2-41f3-8a47-216417f0f215,2025-02-23,1,3,Approved
b7c4d18c-9b38-4265-b1e7-86dbd8c9f289,2025-03-14,2,1,In Progress
d31294c4-1b6e-40f9-801a-6fee6467a289,2025-04-19,4,3,Approved
312ffa23-218b-47e0-a179-0be72a58f146,2025-04-16,3,3,In Progress
bd6c57d1-ffae-4d7d-b393-de6307b42215,2025-04-14,2,4,Approved
3064a98a-cd70-43a0-8870-6e02fbfdfcad,2025-12-04,2,1,Approved
94beb981-a2ce-4de3-8900-9ec73370bf34,2025-05-07,4,3,Approved
cb33c928-2bdc-4cef-a7b0-f3b8a25a834e,2025-08-05,3,2,Rejected
67233942-f447-442f-bb33-3385e28a4b1e,2025-08-12,3,3,Approved
28fa719a-23a1-4293-857b-106d2387de15,2025-12-25,3,3,Approved
b187972f-1b3a-4237-a8b1-c8271b844c6a,2025-04-18,3,3,Approved
40ff081c-8869-4f74-9430-6bf2cca6cfd4,2025-12-21,1,5,Approved
69c4f289-59ae-46db-bc0b-ea6286e3b943,2025-08-14,2,4,Approved
88ec163f-e009-47ac-9e44-d948b885c100,2025-07-07,3,4,Rejected
255fb733-51b3-4cd8-a9d8-d9e12deb4093,2025-10-27,2,4,Approved
adc2d340-1496-4316-8e5d-f4bbf68357d1,2025-05-15,1,2,Approved
e3365b78-b07e-488e-afb6-a45898f306df,2025-02-15,2,3,Approved
18b68dd5-ca17-4748-9a15-5c9642878153,2025-09-07,3,5,Approved
75b588f4-f6a2-439b-abba-0214a35224a7,2025-07-11,5,5,Approved
99014900-ba3d-402a-9583-b417f6936770,2025-07-19,5,2,Approved
0a395d5d-3109-495a-9272-faeadf253b1b,2025-01-20,5,3,In Progress
375d6060-c6a4-4bd9-8e6d-e7f91fe75f8c,2025-01-22,5,4,Approved
b4fcd2f3-d7e2-4b50-b9b5-719088fb9dfa,2025-12-30,5,2,Approved
cdb74381-53ae-4921-8bef-115f0e462542,2025-12-30,4,4,In Progress
f4f968e9-0d86-46a0-93cc-bfb08958dc11,2025-11-28,3,5,Rejected
348d8fe9-a18a-4622-86ac-1db4af926cba,2025-07-04,2,4,Approved
3b4edc13-0d19-4dd2-8e30-8f0fd47a1ef6,2025-02-01,4,1,Approved
e4e2e41d-3897-46e2-a37b-7ee68a637203,2025-10-27,2,5,Approved
509f4b70-ba2b-4465-b0f3-dd03fdfc2cef,2025-12-25,5,2,Approved
2cab26ad-d877-4791-a368-5995505224f0,2025-03-08,5,5,In Progress
bd376536-0b00-4e70-a6ff-9358ee4793c5,2025-02-12,4,5,Approved
db9b88ce-4ce0-4579-babd-9343146b594f,2025-11-22,3,2,Approved
6a186a93-f31b-48ff-8b9c-f831600b1425,2025-05-04,2,1,Approved
fc7c67d2-65a1-421b-86af-2eaf9e3c8fd1,2025-05-02,3,2,Approved
dbfdc85b-bff4-48da-8e40-9c36e38b8ac0,2025-09-23,3,4,Approved
a37d25a4-8b27-4ab7-bcd8-130c908bd7ad,2025-11-28,2,1,Approved
0e9417b4-8b06-4002-9585-710ad9ad2dbb,2025-02-08,1,3,In Progress
cf0852ff-ef4c-47ed-913f-8040f34efa27,2025-01-16,2,3,In Progress
5d312323-7651-46b6-9523-8fd4b16821c4,2025-09-26,4,4,Rejected
87c258c8-63c3-4792-a1d8-c21814ba8fcc,2025-02-13,2,3,Approved
8e256c29-43c3-4bd5-bbf1-bde6f29be120,2025-03-23,2,2,Rejected
2e521276-9227-4a20-b846-8de993e44370,2025-11-06,1,5,Approved
65c35566-20cd-4d2c-bdf4-f677a4a47e63,2025-11-01,1,2,Approved
58d05979-8d03-4d05-b806-0df4f6c16617,2025-02-18,2,4,In Progress
6e555817-81f4-4cd0-be2c-126deb979216,2025-11-14,4,4,Approved
4edd604b-cb6f-41ff-9b01-b9c2998f2c48,2025-10-26,5,4,In Progress
6b72bda5-352c-41f6-ae28-394984eb5041,2025-03-29,3,1,Approved
53f42433-f042-4ab5-9807-4550220f59c1,2025-04-07,1,3,Approved
8dc043a4-fdaa-49e2-9eb1-782be4e531be,2025-06-07,1,3,Approved
3f167d9b-535e-4576-8bea-9f289dc259b6,2025-12-20,1,2,Approved
6d8bf50e-a7e2-461a-806b-810ece4a1985,2025-06-23,4,3,In Progress
3e70a5bb-e609-41c1-8c05-4059133cfb5b,2025-04-02,1,3,Approved
e2259a65-6757-48bc-9ea6-1c022d871305,2025-06-26,4,1,In Progress
ac0ca617-083c-4e6c-af80-be30192a8254,2025-07-05,2,5,Approved
be69e19f-1a42-4549-8a9a-40f82410c267,2025-02-04,2,4,Rejected
05cd66bf-58fd-4161-be65-cc9e10d79212,2025-09-14,3,4,In Progress
ef5381f3-ca4a-4cfd-8632-4e3899ac6ce5,2025-12-04,1,3,Approved
e003784c-9578-4001-a0af-dc8cec566023,2025-09-28,1,2,Approved
df3d95b9-800b-4cdd-9f19-32b7beb12e66,2025-02-05,2,3,Approved
3dece89a-66f6-4ece-8725-7a0192ddc781,2025-02-18,1,5,Approved
ea12d6b8-dbc8-4360-9965-cee41a60972d,2025-11-14,2,5,Approved
4014b6dd-5464-4de7-a07b-4318e87e53c6,2025-07-11,5,1,Approved
e2da9769-3e18-44da-b4ca-51d36b66ad59,2025-09-08,5,1,Approved
b0718d04-6526-4c18-96f9-e84a6d0cf2fe,2025-12-21,4,1,Approved
85de4989-da9f-4d38-89bd-5c2080b96232,2025-11-01,5,2,Approved
81f7c9c1-f882-4bc0-bb83-47fadee1f710,2025-03-15,3,2,Approved
bb5f1f45-9792-4241-a0fd-2ae1ff12daa1,2025-02-18,3,2,Approved
2cf2d8e3-a388-4466-afd2-8efd9f809fea,2025-08-23,2,2,Rejected
bda6308d-43b8-4c61-959d-f9c090c4e45f,2025-03-11,3,4,Approved
68c36b12-a969-4077-9a2c-085a76783bdd,2025-09-25,5,5,In Progress
c040cca9-c554-4ec4-916c-b4278c4cce45,2025-04-21,2,1,Rejected
ae798b6c-280b-4477-8a09-99c642e24b2b,2025-12-20,4,3,Rejected
00c8fbb2-9547-40a6-82f0-051623dd1d6d,2025-08-04,3,4,Approved
da09f747-6540-46fa-842d-998992813ba6,2025-09-20,4,1,Approved
47c7af3f-9945-4f16-a35d-454343f8ac7c,2025-06-01,1,1,Rejected
88b1708b-327a-4721-aafb-46b4cea88557,2025-02-23,1,2,Rejected
2a2dbc66-cfd4-40b0-b222-e1cf655e1bdb,2025-04-01,3,5,Approved
5160533a-0ed8-4c29-8b74-434441f8b2d0,2025-02-23,3,1,Approved
dd313f0a-071a-45c6-b0c2-11d2401129e1,2025-10-26,3,5,Approved
e81c4870-3479-4cb3-bf81-dfab960ff517,2025-03-06,4,1,Approved
eb57ebcf-3689-414d-9ac2-01616a055076,2025-03-09,1,5,Approved
1ee9ba63-fa71-4d7e-b137-8f57ee45d136,2025-02-04,4,2,Approved
89892a37-5687-43ac-8e24-f0429f2fe208,2025-03-03,3,1,Approved
759e8acf-fbfd-4f4e-8905-802698bd9e3b,2025-10-01,4,1,Approved
9c786b14-11eb-4b09-9b4e-95970cf7d591,2025-12-20,3,2,Approved
f8729d10-3066-4b56-a5ee-a12fe6e50346,2025-10-21,4,2,Approved
049ed4f6-00fa-4a47-b6db-420781324328,2025-02-02,4,5,Rejected
3edfd442-d60a-40ee-8037-704a0d8cafa7,2025-09-10,1,1,Approved
594027bb-e576-481f-bd35-cd89ff108512,2025-02-10,5,2,Approved
ab223ef9-d83a-4fba-9349-c66562e705a1,2025-07-05,5,2,Approved
632f3367-59e4-40c4-a14b-e83a05a4e363,2025-11-27,5,5,In Progress
4f00dde7-601a-43a9-a8c6-fb56c59a7d3a,2025-10-09,4,5,In Progress
fae1c3e5-cd8b-4af0-a73c-9c9aedc90162,2025-06-22,3,5,Approved
6527aae8-08ef-4d59-aa82-b73a461e25cd,2025-02-14,2,3,In Progress
e537d808-56ab-4380-bbde-cf049fff31da,2025-04-03,4,5,Approved
62704dc9-4f52-418e-bdc7-23595e804b79,2025-02-22,3,2,In Progress
e540255f-4ed3-4496-9d4f-74043c849c5c,2025-10-17,4,3,Approved
1f4b62ed-1f79-4031-a417-5e9d65e7849e,2025-08-21,1,4,Approved
74a6e195-dae5-4097-bb1c-49fe198eda5d,2025-12-06,3,3,Approved
b04ba122-46b6-461b-979b-7e7b3ef695bf,2025-04-05,3,4,Approved
2288f0df-24b2-4c09-9e1a-938e02e7252f,2025-08-05,2,1,Approved
b00a4b14-9010-4bb5-aadf-941c3bf5ba65,2025-08-17,4,5,In Progress
508c4abe-f861-425d-9d8f-3dd6f939c2b4,2025-01-20,1,2,Approved
d7220c3e-660e-484f-9528-a938348da477,2025-12-03,1,4,Rejected
a063f2f3-ecb4-4c41-a61e-481935fbd938,2025-10-13,4,5,Approved
2d377a19-66d4-49fa-bdfa-0f6020e2b35b,2025-06-26,2,3,Approved
0c7fd27d-5945-4233-b01a-a28a71729249,2025-01-06,5,2,Approved
79b19584-b1d4-4b34-942a-6195e9ae7c56,2025-08-28,1,1,Approved
4d084360-362d-4483-82db-1246fd96bfaa,2025-03-14,5,4,In Progress
941a1360-a856-43be-8320-417e94ae7926,2025-03-16,2,4,Approved
db60df74-205d-4806-950f-911bd3cd27f9,2025-11-26,2,1,Approved
62af6bab-02fa-43b8-8d28-9c69d1dcdad0,2025-04-23,3,5,Approved
38849449-1f4a-4611-b413-474f817cf412,2025-03-09,2,5,In Progress
22193cfc-0ecb-452d-855b-55243c1e68bc,2025-11-12,2,2,Approved
5249be9d-1007-48c9-993d-8f5ea15ef384,2025-03-25,5,4,Approved
dd869372-a397-43af-9816-c9496b05ed3e,2025-08-14,3,4,In Progress
7996a28b-7710-4ae4-ab31-a5219700f4b8,2025-10-04,3,5,In Progress
e2b0c67f-01cc-4299-b1bc-46cf9d2d9335,2025-01-02,2,3,In Progress
059a4965-6434-47f6-a739-f6a3a2f93fa7,2025-05-08,5,4,Approved
2d508c16-9ed3-4bb5-a44b-239a0eb3236d,2025-09-25,1,5,Approved
d7bf9ebb-faeb-485c-beb9-9624eb12db13,2025-03-08,1,1,Approved
909f9f08-f5e9-4b2c-9c3b-d07125caffc6,2025-01-06,2,1,Approved
28399a41-498d-4cc7-abdc-5de6a8c0c461,2025-08-17,4,1,Approved
52fa0796-e720-4703-90f9-0dd8ace2d4d7,2025-09-16,4,1,Approved
e5ad078c-8d29-430e-aa66-637b17b4f4c7,2025-08-30,2,4,In Progress
51fe5abb-8408-4f37-8171-27870b6c2296,2025-06-04,4,2,Approved
2d244d3c-1944-405d-bf97-a5720aae0ba3,2025-03-12,3,1,In Progress
f9ed6ee3-6915-4b7d-9a90-e4d8086cbf02,2025-11-22,3,5,Approved
68c3eb4f-07f9-4420-a494-a86d36705a99,2025-12-10,2,1,In Progress
e16ba8aa-7dd0-47dd-9d00-893ea53bdde1,2025-04-12,3,1,Approved
c3886d06-2684-481e-a168-6f6dd39a963d,2025-06-17,1,2,Approved
e7d84e44-cab5-4d25-ae0b-35d967a365dc,2025-08-19,2,1,Approved
0e5243e9-804a-4cce-99e7-3a7e31b112df,2025-06-02,2,2,Approved
34bb070b-4c30-46c0-a6df-9e6720185a01,2025-10-05,3,3,Rejected
0bb2cdfe-9062-4163-91f2-65c0accd53d4,2025-02-19,2,3,Approved
bc47c2fd-957c-45c5-be07-e70fce9d9900,2025-01-07,4,1,Approved
4f4425b1-725d-4f9e-8cb3-e85f500e5d22,2025-03-30,3,5,Approved
8d36ec9e-9e9e-427a-a157-4c39a30ddad9,2025-10-27,3,3,Approved
483b5264-9439-4275-ae01-2f7d8e3c41ed,2025-07-19,2,1,Approved
09706de9-9d08-4fff-be7c-77f48579eea0,2025-08-22,1,3,Rejected
4987468d-7658-47b6-9e8d-9dd25067f39d,2025-07-05,1,3,Approved
e4abf985-09ea-458a-a511-2a944a1dacbc,2025-04-11,1,5,Approved
976bbec7-7dcc-462f-abae-742c2b75c609,2025-09-23,1,1,Approved
b6c132ba-c62b-4593-9e8a-760a758adb9a,2025-06-19,2,3,Approved
e378b61f-d15d-4998-a460-92f75362441c,2025-04-04,4,1,In Progress
0a9e325f-c440-4c34-ac9d-e667f8bf0cb0,2025-02-04,3,5,Approved
5538042e-fdd4-48ae-9db4-712ff79c5785,2025-05-16,5,5,Rejected
a1cdf8ff-879a-47bd-9577-9c3f8f1f45d5,2025-03-21,1,2,In Progress
8e3d2b3c-b999-48c3-ab52-255379594ebe,2025-07-25,4,4,Rejected
dadf4871-1747-47a0-96f3-f7ddbf0a089d,2025-09-05,2,4,Approved
24350c0c-c409-4e48-835b-d11e9d08d333,2025-04-07,3,4,Approved
2d9d107c-251a-4f5d-bcf4-7dfc19781483,2025-12-05,1,5,Approved
34d67dfa-f627-4898-a08b-437c5ad2ee8c,2025-10-26,3,4,Rejected
ad3b558d-8e88-4eb9-b376-b32ca6bc7920,2025-10-01,4,1,In Progress
4e3a73c1-89f7-42c5-ad24-bead2d858f1b,2025-07-05,3,3,Approved
33d87654-a510-4e48-9552-ca13373a4f06,2025-07-29,4,5,Rejected
2d878728-b565-445e-885e-5a5f63167210,2025-07-05,5,3,Approved
25b3ad9a-26af-4c3d-ad29-8403404ffe90,2025-09-17,5,3,Approved
bac11ae4-74bb-4c2d-adcd-3b6732c2bc5f,2025-04-17,2,5,Approved
3a9a363c-b30a-4232-8100-ea9fe85ee11f,2025-10-23,3,3,Rejected
00b1ac91-8528-4b8c-aa00-89d4172db4d0,2025-10-04,5,1,Rejected
3eb2d4c8-d841-4235-a55e-4441d116e682,2025-10-20,1,3,Approved
f37cf0bd-9fe2-4843-914e-36e7de98e0f7,2025-09-26,5,5,Approved
0ffaacd7-0781-41e1-b2be-e07568eb71e1,2025-06-15,5,4,In Progress
193d513b-0293-4767-b2f3-1a8d6406bd11,2025-03-30,4,4,In Progress
06151a04-6d7d-4047-82c8-fde1522c296b,2025-08-06,5,3,Approved
c231853d-3b50-43a8-bf12-86bf1af691a0,2025-06-16,2,2,Approved
c9150623-a1ce-4944-980b-08cf9ba77e23,2025-02-01,1,3,Approved
77abc051-f82e-4288-8afd-037cf64a83d3,2025-03-22,5,2,Approved
ce14439c-bd44-417a-b4da-15f9628f9437,2025-03-04,3,3,Approved
25776485-9864-4ec7-b2c1-3f01bb103d56,2025-09-16,3,1,Rejected
511c5f95-b674-4ca2-a2fc-bf8f5f0cd049,2025-02-12,5,2,In Progress
05def83f-7a6d-40d4-821a-da62d2ce9fe3,2025-04-10,4,2,Approved
ab02d1bf-3f36-4e0e-b235-69c5f45a2a59,2025-06-24,2,4,Approved
19515b36-52dd-494b-bda8-a2bba45cb4bf,2025-01-17,2,2,Approved
fb766b76-25f9-41c0-b18e-a8450605f1e8,2025-08-06,4,5,Approved
3157071b-333f-417c-8661-0f8272242c89,2025-03-21,3,5,In Progress
dbe4cd73-cb77-496a-9809-3c5be3c1aadf,2025-12-26,5,1,Approved
788ea978-bc86-47d1-8216-520a5d5b3f6b,2025-10-07,4,2,Approved
be1d7d94-3475-4974-b4e5-9733488e5098,2025-09-26,3,1,In Progress
0afb40ad-6e5c-4961-9202-374e66712baa,2025-08-03,1,5,Approved
bc3675d3-daa3-4434-8cb7-d078c3457991,2025-01-08,3,3,Approved
957d8ed4-fa5c-48e1-82fa-ed6ae4a78b6b,2025-08-03,5,5,Approved
a2e79d17-7b57-4dee-b3a8-4a84928bcb40,2025-03-01,2,2,Rejected
be4fad60-16c2-43d2-ad13-d3cf94e6e7ec,2025-11-19,1,3,Rejected
edbf7d9c-6537-43a1-ad5f-949e4e29a5b1,2025-07-18,3,4,Approved
b461e6ee-cfc0-4fa8-b51d-f7a2db9188ca,2025-01-25,5,5,Rejected
52a1dde1-efe8-47bc-a078-c3e6319a035b,2025-08-29,1,3,Approved
0ec214da-8933-414e-a445-88b43b42be2d,2025-05-17,1,4,Approved
1cd205ea-1eb6-4bd3-bcd5-c219271c977b,2025-09-14,2,3,In Progress
1c7dcce6-8c44-4aee-af1c-d440db8d7e7a,2025-07-07,3,3,In Progress
0b65fcbf-df53-4e51-b8d0-beb57092615f,2025-06-28,4,5,Approved
db6203ec-1e56-4622-b6e1-e3c039b24ff5,2025-04-08,4,2,In Progress
060e72ce-3aa9-4339-9e2f-725c31ae396f,2025-06-23,3,4,Rejected
fb1175e4-eef1-4e00-8cdd-079da76809b9,2025-05-01,5,1,Approved
a84899e0-1f1f-4645-9beb-272d91b8ee59,2025-01-12,4,4,In Progress
109f3628-4b17-4895-90c0-65060c9bcf3d,2025-01-11,5,3,Rejected
fe1c1379-7315-4b4c-b1eb-40b6d70435a2,2025-08-02,2,2,In Progress
0bb620df-f554-437b-b533-e49847e74a0e,2025-09-24,5,5,Approved
b288d4c4-bbed-4af5-9f67-5179ecbee1f1,2025-08-29,2,2,Approved
00f968c1-c901-4e3e-ae31-af9ab249fffc,2025-11-17,2,4,Approved
17b76ae8-8a47-4d24-884e-3f9227228bdc,2025-02-27,1,4,In Progress
2dee5a87-92ea-4c29-998a-47d91086a986,2025-06-24,4,3,Rejected
9c85772c-0460-4c8a-8fb6-8a9c2e47c1cc,2025-12-04,5,5,Approved
de9cb7be-915c-4d13-8750-fd1f51def7d4,2025-06-05,5,3,Approved
0d9fc201-5f1f-477d-8e1e-895716888bff,2025-02-16,3,4,Approved
2e3c7259-a8d7-448d-b4a3-10e36bdfa4e6,2025-08-25,3,2,In Progress
4fc0216c-e859-4781-808d-b1be37749c81,2025-01-08,5,1,Approved
744ad47c-47a5-4d92-a219-ccfea59b439c,2025-05-17,4,4,Approved
e4b7d9c5-1816-4992-9939-03669c2e0217,2025-02-26,4,3,Approved
4a32fb5d-bcde-4c15-82d9-5fa86cb2d944,2025-08-22,4,4,Approved
e80f218c-cccd-40b9-bc8e-2580e4d79a1b,2025-09-18,5,5,Approved
59082bd3-2698-42e7-a705-fb64f5613cbf,2025-04-25,2,4,Approved
49738e94-86ea-4143-9361-86ee57a5c134,2025-06-25,4,3,Approved
a6248c9d-90f1-4cf6-ac80-5d5418d6de94,2025-08-07,4,2,Approved
6d2cc429-1194-4863-ab4f-189eeda558f0,2025-06-04,2,2,In Progress
bfc2cc8c-7179-4778-b9a1-8b7532436020,2025-01-08,2,5,Approved
84db24c4-a77c-4a36-834a-94dc8c9b8c63,2025-05-02,4,5,Approved
f1519b8d-9b69-467c-8554-5c7961a7e2d9,2025-09-26,3,4,In Progress
7d6ba8f0-3e89-4312-8fd5-841d68866185,2025-09-19,4,3,Approved
bd319c31-f61e-48de-a5ec-cb1f68bd20bd,2025-04-17,5,1,Approved
a3dea895-210b-4b0a-bb3c-d4f9d92cd014,2025-09-11,2,2,Approved
bffed4f4-7160-4095-ade4-49acd45202f7,2025-03-19,4,2,In Progress
d07c47e4-dda5-4242-a08d-b49bfe39e49d,2025-09-03,5,3,Approved
f757622f-468c-417f-bcb8-9e68cecf955b,2025-11-30,5,5,Approved
cf5b1dda-f093-45de-9663-da1f2b13c1e1,2025-02-11,3,5,In Progress
017855c9-3c00-4b6c-8b6b-c9f60df6a139,2025-10-26,4,1,Approved
6a3cfdcb-5bd6-4525-895b-6133480c6022,2025-09-28,4,5,Approved
3aed2b64-ad6f-4942-9458-ce4eabbe5cb8,2025-07-10,4,2,Approved
a1ef4029-0731-4788-bcf9-cbf44c4977c2,2025-09-09,1,5,Approved
5a021919-377e-4fe7-8e9f-1317663c8124,2025-11-16,2,3,Approved
94a6e168-a104-4c48-92c0-07e78c3b4aac,2025-12-27,4,1,Approved
ec7d69a5-81c8-4e82-9962-6332650b3888,2025-08-17,5,5,Approved
1d8638fd-7687-422b-b216-28af92c90d16,2025-01-20,4,5,Rejected
f35da691-c7a9-47dc-9757-311f1a2d7226,2025-11-04,4,5,Approved
7572f688-461d-451d-bd24-9d43b8cc6a18,2025-10-12,3,3,In Progress
2030a5bc-8426-42f3-be0b-a11e37982cde,2025-08-21,3,4,In Progress
f4ce48ea-73bd-4cc0-b38f-0d620271e792,2025-03-17,3,5,In Progress
12c6dba3-3c54-49bb-85a7-78e527570ebd,2025-05-03,4,3,Approved
03e46d39-048e-41b0-81ab-3ed9f46a13db,2025-04-26,3,2,In Progress
6df189f7-e4bd-4349-ae77-0fa790e251fa,2025-07-05,3,4,Approved
584c7467-b2d9-4cd9-aa13-7fe62866c7cc,2025-04-10,2,2,Approved
29358f71-886f-4412-9a0c-8268efee7997,2025-05-26,1,3,In Progress
f8f7b2a9-fac4-409b-b485-530de2f31c82,2025-05-03,3,1,Approved
5c7751a5-6ec0-461d-a444-daa7e1474716,2025-08-04,4,3,In Progress
ef994b9d-6c2a-4e2f-8295-7659bd869d48,2025-10-18,3,5,In Progress
1ac796a5-fd56-4961-822d-3f6ad93f93c4,2025-11-03,3,3,In Progress
2b4c9eac-b60e-4afc-885a-8fb78c6db9a4,2025-09-10,5,5,Approved
487533c3-4346-4cbb-b9cb-000d05a86386,2025-03-15,5,4,Rejected
088b5cb1-329e-4455-91c7-ae7fc615ceda,2025-11-06,4,5,Approved
e05ddd88-3220-440f-aa70-899fa5cc6e00,2025-03-30,4,1,In Progress
041ff37e-c22a-4f94-b780-c3d7951bd2ca,2025-09-08,2,4,Rejected
cc2f0bbb-e5f2-4717-9f3d-7dd12ad5028e,2025-07-18,5,3,Approved
d64b2a4d-1a29-4b7f-a39d-66b94e1dc954,2025-07-27,3,2,Approved
0ce2f6f1-16f2-4f25-b8b7-94b923d23737,2025-09-11,1,3,Approved
f5b74259-08b2-440d-b2b4-847bb5d9c29a,2025-01-26,2,4,Approved
1e316124-d4c9-4731-b0b5-887ed3b1e7e1,2025-11-03,3,4,Approved
a6a671f9-a7c9-49be-959a-77dc847af28d,2025-08-12,4,4,Approved
b266f057-2cdf-4061-aae2-2e37888f8204,2025-11-10,4,4,Approved
c8d8e697-271e-4cfa-9fe8-eec4b7ecc3f4,2025-12-13,5,3,Approved
7acd4ef5-35de-4266-a9a5-4b17f2ecc172,2025-09-15,2,2,Rejected
a84b24a4-6f2b-4bde-a4e4-b9ec08f9749b,2025-10-07,1,1,Approved
58ec3d93-c2eb-4827-94c9-7a38e5292881,2025-12-14,2,4,Approved
b8b4d319-f415-4bc8-95a4-d5e95aa30194,2025-09-20,4,5,Approved
eab34552-8ac7-484f-a742-662b8113b10d,2025-01-30,1,5,Approved
76eed925-a33b-42e2-b10c-e08d7e6a5ee9,2025-08-16,1,2,Approved
e4286c40-b1af-441e-b11f-1c541ed28b59,2025-07-07,4,2,Approved
177896aa-8392-4bf5-904e-1c7103e70087,2025-11-20,4,2,Approved
fd3c4837-cfc8-40c9-add1-654521761603,2025-04-05,1,2,Rejected
d625a67a-d87e-425c-8b74-4205d3744194,2025-08-21,1,2,Approved
3143f049-8fdb-457c-a68b-7b904c9a1eb2,2025-06-12,5,2,Approved
9396bfad-62bc-4113-a8fe-8c7d23901fca,2025-09-01,5,5,In Progress
981fcee3-eb71-4d8e-91ba-6abd8aaeb292,2025-03-26,3,1,In Progress
cc78a9b1-dbb0-4c21-835e-72308c56b0c6,2025-10-25,3,2,In Progress
d6ba6d2a-7d85-4a6f-a4d7-b8ddb9537a42,2025-10-06,2,3,Rejected
a450dc1c-40d7-459e-8ce1-887c89583de6,2025-06-27,2,4,Approved
c1f1182f-b7e1-4049-8183-99c316758f65,2025-01-01,2,3,In Progress
a6b95b37-8a7e-4aaf-9989-bb12c3fd755d,2025-06-04,5,3,Approved
fbba9aa7-ded1-41a8-98ae-c7e1c68b861b,2025-10-02,5,5,In Progress
0b792106-8bd6-4c7b-bb4f-dc10724ded54,2025-03-09,1,2,Rejected
97450517-1bdf-490f-b1f1-00710a29092d,2025-03-14,1,3,Approved
527a9d90-1a38-4c07-8806-a2788d12065e,2025-03-18,5,4,Approved
0c83d9e0-b630-4d4c-8a0b-0aed2215cca5,2025-02-22,2,1,Approved
9c8e7239-8eb5-4fe3-8fe2-cd7441a8e55d,2025-03-24,2,3,Approved
bce2385a-8329-448e-af14-b182e5f69295,2025-03-12,5,5,Approved
f84407f2-2be1-4362-85c9-6c4235318a7b,2025-10-19,2,3,Approved
8ffbea6a-8fea-4326-8d06-1cbf8ed2e57e,2025-05-31,1,2,Rejected
0b4516e6-5eaa-4ac0-89f7-14d3b22c18a3,2025-01-25,5,2,Approved
4ebeb81f-3fdc-4491-9446-7ca284613b5f,2025-10-03,4,2,Approved
4ccfeddb-9c97-4518-b262-8b5d32663fcc,2025-11-20,3,3,Approved
bbd535b3-7d6b-43b3-81c9-040c5de977d9,2025-03-26,3,1,Approved
e78afd4e-92c9-4aed-9744-7b2dc42290b6,2025-09-09,5,4,Approved
889c160a-a66b-44c1-80ef-3e8dd67519af,2025-04-03,2,5,Rejected
62e7b476-64a0-4d72-bd5f-58b3128d94c1,2025-10-20,4,3,Rejected
4fc44bd7-afd8-41e2-8d69-8c91ee2c75be,2025-06-13,2,3,Approved
8b3ff017-5273-4551-9b24-ade06ad1fd17,2025-05-03,2,4,Approved
b18e1895-72c5-4575-a4fc-5fd319f8cb86,2025-11-07,1,4,Approved
b542a67e-12fe-4741-a271-db0ce13c0982,2025-02-20,2,3,Rejected
1977e676-3ca3-4c29-a1cf-08b00f4e3913,2025-11-23,4,5,Approved
a62bed98-9f50-465e-931a-67dd1907b175,2025-01-11,2,2,Approved
12349d8d-a31f-4b00-b0f4-dc17e39c4af3,2025-11-01,4,4,Rejected
2168f727-7e1e-422a-b491-169a56e093a9,2025-10-30,1,4,In Progress
3f540c8b-4c8d-48b9-ae97-047e62ffbb63,2025-02-27,3,2,In Progress
2c8a332d-4e9a-4caf-b0b6-3aa77b31696f,2025-06-22,2,3,Approved
f843e835-e063-45d8-ade8-36ea103b3feb,2025-12-25,4,2,In Progress
a520fd09-5962-4e92-912a-21c1de467790,2025-05-06,1,1,Rejected
611d6bae-1c87-4dde-a222-f28dbf448e31,2025-05-16,4,4,In Progress
45c43fa9-7fbd-40d7-ae97-05df6e531ca5,2025-09-29,1,5,Approved
89a4b50a-8e70-448e-9ed6-c52cec80f3b5,2025-01-05,5,4,In Progress
f2223f65-f758-45b6-b232-f1421ded3e8c,2025-10-30,4,2,Approved
30e62e9c-8ded-463d-9ebd-8d041d89c668,2025-07-06,5,2,Approved
05fcb13b-5481-4ec1-a7e7-59e441f5dd54,2025-08-23,3,3,Rejected
1ff88679-9f76-45b5-ada8-d8bd78e82259,2025-05-19,3,2,In Progress
238561b1-4146-4985-8be6-8c47bb7e75e8,2025-11-20,2,2,Approved
cc2ba6ca-35c9-48a8-a4f6-8b69e885592e,2025-04-08,1,3,Approved
ef3accc6-823e-4de8-a5bb-11ee6dd61219,2025-02-11,1,4,Approved
9a585576-30f5-4c6d-8155-390a85a3a157,2025-07-03,4,3,Approved
f05266e6-bd36-4078-9bbc-72bc7e102f5b,2025-09-06,5,4,Rejected
d844930c-1b17-4e8d-8927-b32eb0f1377a,2025-05-02,5,1,Approved
ba4c14bf-cd5a-41f1-8e33-200381c95a0b,2025-03-27,4,3,In Progress
f837ac7f-ba41-4acf-acc3-3b37ff66fbdf,2025-05-26,2,3,In Progress
a18f776a-590c-418c-89cc-fe50a0cd49a9,2025-02-16,4,1,Rejected
7d22f05b-f627-45dc-bb01-0d90575c4122,2025-01-29,1,3,In Progress
e8052e53-e969-4d12-bee0-b5386e8a5f9f,2025-08-27,5,2,Approved
7cd8f3e5-0d8e-4d71-b79f-3c89ca98bfe6,2025-01-10,3,4,Approved
d915e0e1-e2c7-47b7-b684-0fb07d099ff7,2025-10-29,1,3,Approved
1aace084-f4e8-429d-ba10-20e1e0235cc7,2025-12-07,2,3,Approved
5ad0ce7e-5c60-4c98-9502-a6d875ca874b,2025-01-07,1,5,Rejected
da137192-2273-4cd0-81b1-b950d2123113,2025-11-10,5,3,Approved
c27aa08d-f875-4ad8-bf79-075e66e585c0,2025-07-20,1,5,Approved
483cb9f6-13d3-4ffb-a620-e9a81f5287c7,2025-09-11,5,2,Rejected
5595e098-5593-45f7-89ec-2dba3da3af29,2025-04-01,5,1,Approved
8d023119-4de9-4178-afc1-c6253eae4f68,2025-11-10,3,3,Approved
e99683cd-3702-4890-9baf-09f7726860ae,2025-10-20,2,4,Rejected
f3593523-0946-45e6-b73f-9b199a8d078e,2025-07-21,1,2,Approved
3cbf213a-bd14-4976-afcb-384e7378a2b7,2025-07-04,5,5,In Progress
f544465d-b4ff-4d88-8306-0e40d670855f,2025-07-15,2,2,Approved
85e61ba8-e572-4278-9103-0a7818ba8962,2025-05-21,3,1,Approved
c9bcd44c-2a62-43cc-8f08-d4aa32efd9c4,2025-10-06,5,3,Approved
b6acffe2-06ac-4652-85c3-c919dfc5fa54,2025-04-02,5,1,Rejected
a07ea84d-a482-4350-8750-27c5a22d81f6,2025-09-23,1,5,In Progress
6d64e4a6-e2d9-4b43-9308-9a063f690132,2025-10-30,2,3,Approved
65e0a50b-63d1-4d89-b2f9-75d64dd54ca7,2025-07-16,2,1,Approved
78efde40-6924-4e24-b7c1-2087afc36f72,2025-06-01,1,2,Approved
8b041998-2f5a-4fdb-8548-3552a585976f,2025-08-29,1,1,Approved
dffa1368-de13-448b-a214-19702bde1149,2025-06-04,3,4,Rejected
2757003b-8d66-4b0b-91d9-4222babc59d0,2025-06-22,2,1,Rejected
cf675af5-65b2-48eb-b250-723782040dd9,2025-06-13,2,5,Approved
0514b196-8650-4039-94e3-7830b67f3b74,2025-09-03,1,1,Rejected
ad43bc33-4532-41f5-924f-099c5371b9c4,2025-03-18,3,3,Approved
71c9015b-edbf-4dfa-8aff-f73fd52d00b9,2025-10-15,1,2,Rejected
d19b112f-9b2d-402f-916b-8f618ed59435,2025-06-29,5,2,Rejected
fdbda384-d65c-4a3d-91f4-314966ca248d,2025-03-23,2,1,Approved
ebdeebfc-66a0-4c6c-becd-192dc743266e,2025-08-22,4,4,Approved
4f2cb269-8c8a-4a86-a03f-afee148bd3e4,2025-10-12,5,1,Approved
cdc0f7e3-8c71-4237-bece-42ea3794b9df,2025-03-02,2,3,Approved
3e9f34b9-24b5-4c1a-8ba3-be68153d0d27,2025-12-02,1,4,Approved
7b9e8b4a-da8b-4625-9aa0-4ef3ba15f54d,2025-06-13,1,3,Rejected
edaa38f3-01a3-49ba-8126-ff2360d100a3,2025-03-26,4,1,Approved
0655c5ba-b5a9-4db8-b0da-e9289cafddee,2025-07-24,4,3,Approved
45cc2230-a933-4439-be5c-bd69a5641b3f,2025-05-24,5,2,Approved
ef79674c-64af-4c0c-b4ba-fb5bf17031b7,2025-01-03,2,3,In Progress
31578a75-f6f3-4c71-b7e9-52014bdbb5c8,2025-10-04,1,3,Rejected
960d6a42-9486-4044-a6a2-c9429e28c8ce,2025-08-30,1,1,Approved
50964caa-846f-4d90-b985-5bf1d88442c7,2025-01-07,3,4,Approved
d671da4b-6f01-4466-8e47-d96509c4e5bd,2025-03-06,4,4,Approved
f710e768-e1d9-41a4-9d6b-c40e623c8e54,2025-04-03,5,5,Approved
39bb4ab3-c3d5-4bfa-91f7-502872a7ce3e,2025-06-21,5,3,Approved
9c51c4ee-6c66-4748-8bb8-589bc311a757,2025-01-18,5,5,Approved
bb1162a4-5139-4628-89af-a0c4b6e6cfb0,2025-09-16,4,1,Approved
a60f35f9-1750-4bd8-8cbc-dc28e5ecae19,2025-02-13,2,3,Approved
bf130588-5bc4-41c2-8bf4-8e982aabe6cb,2025-12-12,2,2,Approved
89020ba2-3584-4587-b490-6a03e8a6ce61,2025-05-29,4,4,Approved
63f0f82a-92ac-422e-82e7-295b2797824c,2025-01-03,4,2,Approved
2ddeee46-e0c4-45cf-a5be-457bd4931071,2025-04-13,4,5,Approved
3bff966e-a1c6-4e95-b43c-99a719a53293,2025-02-20,4,1,Approved
67e5cf8d-6665-4d0e-b89d-8f48fefb82bf,2025-04-18,1,2,Approved
9b3efcce-7be1-449f-b051-4d5df708e668,2025-08-14,1,4,Approved
ab662845-f8a3-42e8-9aa4-f79de98185c8,2025-11-30,2,4,Approved
2ef545a0-65ad-4288-ae5f-14cc83a736f8,2025-12-02,1,1,Rejected
f5219764-9968-441e-827b-a9e0a766d097,2025-04-13,4,3,In Progress
6e4a91f7-3482-47c1-bb48-9cf95240b97c,2025-12-07,3,5,In Progress
e4deeab7-563f-4115-a1ea-6c2f0ca602fa,2025-01-04,1,4,Rejected
12be2baa-db8e-4ea1-922d-1eef7f7a08b3,2025-04-20,5,1,In Progress
318796a7-c270-4732-b55b-5b612f554b9a,2025-11-28,5,4,Approved
dd98592d-c752-4085-a75c-50e533ef4212,2025-06-18,3,5,In Progress
38d1eba6-e80c-49c3-af2c-f721186e3875,2025-03-20,5,1,Approved
f9344dc5-f53b-4b35-bbd6-489aba063714,2025-06-22,4,2,Approved
0c124f27-7c92-4819-bad9-5bfab0e87b41,2025-06-10,1,1,In Progress
ac7443b6-057f-4e2e-a385-c0ed8cc55e2b,2025-09-18,2,3,Approved
e72b6dca-db7b-49ec-ae9b-1b287b5f80de,2025-06-07,2,5,Approved
ad72432f-7c35-424c-b892-31d8f7ffc2c2,2025-07-19,1,1,In Progress
7a0d953d-ef7c-441b-8605-78fa8810b631,2025-10-28,1,2,Approved
cb4eb569-0d0b-4658-ba3a-382f96324e1a,2025-07-29,2,4,Rejected
b96ce508-bbc3-45b3-971c-3ab46d8642c3,2025-10-17,4,3,Approved
08cbbd40-6602-41bf-a74e-c3f48af7234b,2025-10-15,2,5,Approved
25c92bc6-f94d-447f-b865-0c441edea600,2025-01-16,1,1,Approved
04678122-de3e-43ed-ae81-6ab42013ff99,2025-06-08,1,4,In Progress
9e5f2835-4315-41b9-8a20-bcd2f855ddf4,2025-02-15,2,1,Approved
7030b10d-4ca5-4b1b-b782-d12208b547e3,2025-03-18,2,2,Approved
f787e6dc-19e5-4bc5-925c-0c8133bd9e1d,2025-11-27,3,1,Approved
2d1f5074-7c90-4e3e-801c-dd455aa46bc5,2025-01-17,1,3,Rejected
b6d01115-4766-423a-a8e5-fa73d7132be3,2025-06-25,1,5,Approved
67c68d7f-12e3-4ee8-af92-7daf6b9625e9,2025-03-21,4,3,Approved
d63565ae-eb27-452d-999b-025d344f46d1,2025-01-10,2,2,In Progress
b3e431ee-684b-46de-9e96-aba667bbb854,2025-06-07,4,1,Approved
e90d09dc-c148-4540-ac7e-96dc073e412d,2025-01-28,5,2,Rejected
8149bb31-549b-490b-9043-2cf6d1ede159,2025-08-22,5,1,Approved
ca383360-5725-4613-b601-aa4b9b0d40d2,2025-04-18,5,1,Approved
ff9667c5-4bd5-4cc1-a05d-567836694bf2,2025-10-30,4,1,Approved
65edc51a-3734-4c42-aef6-b27a0648f56d,2025-05-24,5,2,Approved
04d9ef49-8efd-419a-b1e7-5f6f01bfff8f,2025-11-08,3,4,In Progress
e2571982-25d8-4754-837f-0ee7895fe72e,2025-11-09,1,4,Approved
89a2ff5e-d2a4-4b30-8ef8-1dbba22acb4c,2025-02-07,3,1,In Progress
2610b53a-e3d2-4572-a370-46f1fa87d3bb,2025-07-14,2,1,Approved
c29476ab-f013-42e8-adae-29a5332d3ccb,2025-06-07,5,3,Approved
7f17838c-53b6-4a7f-a169-d98e9161ba72,2025-11-29,1,2,Approved
412b00e7-acfc-45c3-8ac5-c589162a9475,2025-06-08,1,2,Rejected
217c8f6f-3a3e-4f0a-877e-cd481679c8bd,2025-01-18,4,3,Approved
c8693c07-620d-4c44-b739-2293ef98b56b,2025-01-20,2,1,Approved
86d95278-0e1d-4aaf-9fed-9a0d612cf301,2025-01-09,4,4,Rejected
fbd103fb-423b-4294-8e61-a9a167ed1b3a,2025-08-10,4,3,Approved
2903f60e-6e6b-427e-80a2-6ed6b7ca7619,2025-10-26,4,3,Rejected
5f281b5c-f868-49e7-8fd1-86f0ec2d91a8,2025-01-09,3,5,Approved
ce7148a5-f3d1-44a3-a8c5-9f373caaf256,2025-11-13,4,3,In Progress
44edfa5e-cac9-4ec2-ab6c-48861fb53802,2025-09-02,4,2,Approved
ab34c6c9-b682-45fe-9e20-09bf10e36293,2025-09-17,3,4,Approved
af5e1ada-6436-46a7-90b0-712d42cf59ae,2025-12-18,2,4,In Progress
8c08d437-3467-4afc-b385-8708ffc1c58d,2025-07-27,1,2,Approved
403abfee-1857-45f7-80f0-c704051ebcaf,2025-10-05,4,2,Approved
0d520cc5-636e-4e58-8c7f-92f73baa5c5f,2025-03-07,1,3,Rejected
9861188b-6d3a-4a6a-a515-14f7a50afe1d,2025-03-16,2,2,Approved
c10f6303-7d60-4992-bf84-6a0a04925194,2025-05-20,4,3,In Progress
0bfa5862-bcce-4404-9edc-ffda08bba6e4,2025-12-05,5,4,Approved
ed188c1b-0493-4dbe-9d1a-83f361ad507c,2025-10-03,3,5,Approved
af38d518-c150-4719-8453-518d7e251512,2025-08-23,2,5,Approved
8583f4cd-2f6d-4078-a340-bd1bda77eeeb,2025-02-28,1,1,Approved
2ec43bf2-a811-4574-9051-ebed92300862,2025-07-31,2,5,Approved
f00a0b5f-9e1a-46cf-9fb0-b83c967828f1,2025-10-22,2,1,Approved
06893ced-95be-4419-9812-18e8e768230d,2025-01-12,4,5,Approved
9b40815d-b4ed-491f-aa6e-6886add5d7c8,2025-08-22,3,1,In Progress
50d0a7ab-57c0-488d-bfcc-521a6b77c058,2025-12-26,1,1,In Progress
5aac8a87-aed8-474e-b31f-60d66c9fec06,2025-02-23,3,3,In Progress
cfe6d567-504f-4789-8778-ac426114c0ac,2025-09-04,3,3,Rejected
fa84ab39-5c5b-4b3c-9a80-59779d6f0e69,2025-01-28,5,2,Approved
55e408b3-b607-4dc1-a136-716762eafa45,2025-06-15,1,4,Approved
afe9f859-9f1b-4cce-b4fc-ef7c0ad84ae3,2025-07-12,2,1,Rejected
df0eed7f-2020-4e88-b7b2-63bb7a9c4e38,2025-10-24,2,1,Rejected
c95726b3-da4e-4079-bae8-b997e0749075,2025-06-11,3,5,Approved
7ddd5e4c-48d4-46d9-8fa7-0d86bd9446dc,2025-02-25,2,1,Approved
16693312-d9ba-4437-9c4e-534aed055bfc,2025-10-01,5,4,Rejected
98afbeca-8812-4a88-871b-cdbd760f80bd,2025-09-23,4,2,Approved
b369b77a-cf0c-406b-bdf6-acb0c168b17c,2025-11-18,1,1,Approved
5edcbdd3-bc95-4f09-9e33-bfee26109713,2025-11-21,1,5,Approved
6178e9b6-d90a-46b3-aea1-147c78117105,2025-08-21,3,2,Rejected
989a8f1c-8029-414d-ba2d-d07584b50948,2025-10-22,2,5,Approved
c1c9fbd3-5d5c-4164-a6f4-036c2a66a911,2025-06-18,2,4,Approved
c429a45d-b7b5-466b-9fad-52fd60292bbd,2025-11-12,5,4,Approved
443e413b-98d1-4ff8-8c1e-4ef6b8e3d1c7,2025-03-31,5,3,Approved
518cdf13-00e4-47b5-b99d-d96e28080fae,2025-10-03,1,3,In Progress
82565c94-9ed8-4b72-9e0c-6ac13a10c700,2025-06-28,1,4,Approved
08ba7b1a-7e2e-4709-887d-e4b9e274d930,2025-11-28,2,4,Approved
7738c4cc-af20-473e-9c10-7a79a7b105d9,2025-01-02,2,1,Approved
7e4b5de2-571c-41ef-9faf-18074ab85c50,2025-12-28,1,3,In Progress
61490303-5945-4e9c-9528-19e74bf4eb18,2025-05-21,5,5,Approved
778a4cf9-5380-4b22-acc9-b75a1be465aa,2025-06-29,3,5,Rejected
5ab51b38-a8a1-46fa-ae5d-738e61bb4f4e,2025-11-14,3,1,Rejected
b81f457b-47d0-4b00-8756-4aa90a6f9f2d,2025-04-26,5,4,Approved
c578980c-2f99-4931-bfba-624ba24e6bb2,2025-05-22,3,2,In Progress
f227fd17-e6dc-421f-8e57-d68d944e0a56,2025-04-15,1,1,Approved
3a4f64ad-183b-4f3c-8abf-ddd781d67f59,2025-09-09,5,3,Approved
e06633c3-46d6-4f50-b1d9-38e48d415b8e,2025-03-05,5,2,Approved
e193d082-93b5-436c-a2b7-2468b1ba9ab6,2025-05-21,3,1,Approved
6a8fca19-c19e-420d-8976-e22c823e2893,2025-09-17,4,5,In Progress
ec30a0e0-c8be-4006-bda5-498c3fade53b,2025-03-09,2,5,Approved
ceddd2d0-f95c-45e2-a408-16f600072f7f,2025-09-12,2,3,Approved
337ec1af-3f8a-4ddc-adda-a2968661add7,2025-08-02,1,1,Approved
293f6c93-fc25-4706-a368-0ea559e5d34f,2025-01-17,5,5,In Progress
887a9f35-4e2c-4f95-aff9-6d60950c3f26,2025-05-10,1,2,Approved
e8085357-4465-4769-ba67-9a51bbee8172,2025-01-15,4,4,In Progress
92c6b2d2-1095-4553-9709-24c39024d5bb,2025-06-01,5,4,In Progress
ea2b4b05-9646-4d22-9337-2bb4dfc1b0a6,2025-12-31,1,3,Approved
7e993bda-4634-4e1f-b728-3bd39e7b4069,2025-07-25,2,2,Approved
c784bd8d-f30d-405a-9c1c-8759f6305655,2025-12-21,1,1,Rejected
4a904e4c-4918-443c-8367-f31704e2ae06,2025-11-17,2,2,Approved
e6a36d13-a24a-4f05-ada8-daf35e7842b2,2025-07-29,4,2,Approved
770b0e82-684a-425c-ae5e-7ad66b627e57,2025-10-25,5,2,Approved
75f8b5c5-f746-43d5-8026-7c0612694160,2025-06-14,3,4,Approved
18c3e51e-1345-43cc-b534-e899d8c14a2f,2025-09-02,5,4,In Progress
6dbf1597-8d28-4223-92eb-d189d59f319c,2025-06-02,4,1,Approved
d33d13ce-7bae-4f9e-8309-3c8465dddd64,2025-07-23,4,2,Approved
cca4a5ea-d8a8-4449-8647-d583e5750fbd,2025-03-01,4,1,Approved
2558d1f6-afe1-4dd8-a4f7-a1e17b6e96a8,2025-12-24,2,2,Approved
92abd393-3b7c-4801-a0f8-6cfff2710a83,2025-08-20,1,5,Rejected
d3adc14e-1576-4bf1-9a52-3855f7c6425e,2025-02-17,2,1,In Progress
7c44d8fd-2281-4013-b612-4c6d8e8b71d6,2025-12-31,1,4,In Progress
167efea4-703c-41c2-bb1a-e7a1a5412655,2025-02-08,2,4,Approved
32beb0b4-03a8-42fa-90ad-f650896b59da,2025-10-24,2,4,In Progress
1ce8f526-c7f2-48f4-b090-01b0710072f8,2025-10-24,3,5,Approved
474ec737-0237-4cca-8b6b-278ba99d4e6f,2025-11-28,3,3,Approved
eb42f576-ac45-40b4-a3d7-e3d5d94195e5,2025-07-08,4,2,Approved
35c56cc5-e994-42b1-beb7-ad90635e29cb,2025-07-01,1,1,Rejected
f00e1591-fa86-4763-bbe1-af57922495b9,2025-02-20,5,5,Approved
d64055be-2054-4508-817d-584123112002,2025-12-12,2,1,In Progress
948a7062-fd83-4bee-9cc2-1f9f2b8c2f73,2025-12-11,3,4,Approved
feb51c84-97e8-40e4-bd25-81d2bf7b9f77,2025-01-05,2,2,In Progress
fe365789-bfa2-4aec-9e42-159c0da9d903,2025-03-18,3,2,Rejected
6c0dac20-2fb3-4a86-9473-8d5ce6f9875b,2025-03-17,4,3,Approved
dd861110-a221-42d8-81b6-847ffb8415cd,2025-06-11,1,2,Approved
848a22e2-5b5b-4f67-9e2d-333931f091cc,2025-07-05,2,2,Approved
174b4061-e843-4d0e-a192-7040f26141a8,2025-10-31,5,2,Approved
d422e828-df37-4536-83ef-31f4a1880aa0,2025-04-25,3,5,Approved
405796df-940c-47d6-bcfe-8d0defe1b31b,2025-12-13,2,1,Approved
5f359052-9e4f-4a50-9c08-6a970bc45416,2025-08-26,5,4,Rejected
03096eb0-37c6-4f17-8874-13b676c1dadd,2025-05-11,2,1,Approved
8dfe9741-7421-4938-b7ac-947b4d5f672c,2025-01-22,1,2,Rejected
219ddc3d-fb95-4490-b48d-81c28723f84e,2025-01-28,4,4,Approved
51f87492-8c6a-4588-b1c5-1af9d39f8640,2025-10-27,2,4,Approved
94e3e1e7-53f6-47ba-b904-442fbb5ab1ed,2025-10-14,2,3,Approved
bc351185-2051-45c5-96ac-746ca0055ec3,2025-09-10,2,3,Approved
db98dcc7-4334-4228-8139-7c3f048dd580,2025-03-30,1,1,Approved
c1da92ad-611c-441d-ba13-40c7a9611212,2025-08-09,5,5,Approved
3ced5fc6-c21d-4155-863a-15acb514e67e,2025-10-14,2,5,In Progress
dea746d0-7ac5-489f-9a0a-a684d3bc5220,2025-01-22,1,2,In Progress
882ce16d-4568-4167-8cd4-78ce88c4d4dc,2025-03-31,5,5,Approved
8ffa1019-9d5a-4a5f-a98f-fd8b57ca79df,2025-02-18,4,1,Approved
e7c40c2d-73ef-4adc-9ffb-4920f8c07950,2025-12-22,3,2,Approved
0821aefd-8510-49c7-a1d2-73e831a4e15d,2025-03-12,2,2,Approved
a6edf058-3e34-4768-90cb-1cb1fcc14414,2025-09-01,3,4,Approved
3fd6f07a-684e-4c75-b288-72a0c7a39fd3,2025-07-18,5,3,Approved
f451235d-3c8d-4f07-bbdc-c5b0721ce6a8,2025-09-06,3,3,Approved
654aa653-23b4-42d3-9a95-3476b6c7b815,2025-01-29,4,3,Approved
57bdbaff-d043-451d-90cd-c7ee66d24709,2025-03-31,1,1,Rejected
9669b1ca-0660-4dc7-b6f4-83bb3be8367c,2025-11-27,5,1,Rejected
7be43b3b-73dd-4b9b-a696-5dcbd61e909d,2025-08-07,5,5,Approved
7269164e-7b54-4a75-8288-cb87bf9d3aa7,2025-12-09,3,5,Approved
3f44ef7a-d8c9-42e6-8c6e-7d6f79afefb9,2025-10-03,3,2,Approved
2e0b767c-d044-4c25-859c-319fff2e148f,2025-05-05,5,1,Approved
01982462-4e87-4ae6-8997-fa7ad23a6e5f,2025-06-03,4,4,Approved
0dea4e40-c55c-4bc6-9dfe-7030d5850bac,2025-03-28,2,2,In Progress
2c4085e2-98fd-4674-ad07-1df54efe56eb,2025-09-12,4,1,Approved
69da804a-a182-49e9-a5ba-2e73c5124c46,2025-07-24,1,2,Approved
21bf14f3-7f9c-4e0e-b3ee-a0117bc54f7f,2025-09-30,3,4,In Progress
7706c08b-9ec8-4409-8285-7afaf908da18,2025-09-02,1,4,Approved
cdeb3707-2c94-4333-bf5b-26a65f53560c,2025-05-26,2,1,Approved
f792366d-c975-4a9e-a86e-82bddb22c20d,2025-06-14,2,4,In Progress
7286aef2-0c26-4ef4-910b-bbd1e5238671,2025-05-14,4,1,Approved
b4d1e11f-43ae-4a4b-a76b-2e192d679e76,2025-10-13,1,3,Approved
4177a9f0-24c8-4d89-97e1-1fba68aa4490,2025-08-06,4,2,In Progress
61fae502-9bb2-4867-959b-ba4bea9a99b4,2025-02-10,5,4,Approved
70529164-7227-49cd-8367-186cb0924fa8,2025-10-11,4,2,Approved
0bcdcd78-f749-4151-9278-c5658bff0482,2025-08-03,5,2,Approved
75912ef0-4a07-4c18-ba20-4f0f0bdbd5d4,2025-12-02,4,3,Approved
6a783f24-268a-41bf-b6d2-8e0bfaa8fbe0,2025-08-18,1,4,Approved
bdb54500-3887-495e-abf8-c03acac5572c,2025-05-27,3,2,In Progress
ec2a8f82-88ea-4a0b-8948-22eee9ce3c2b,2025-10-09,3,3,Approved
0565cd0d-85fe-4b75-83e9-48583112cdf9,2025-06-20,1,5,Approved
450b8138-3b02-489c-b913-b21a64d259fb,2025-06-05,2,4,In Progress
48243f70-4b4a-4719-982d-3229d8471893,2025-08-05,5,4,Approved
2c9e5eb5-fdeb-458e-b001-9efc8c8a8fbc,2025-10-11,5,1,Approved
511349c6-2b75-432e-9d05-3946649214fa,2025-11-09,1,2,Approved
1fb4de4f-3916-4ee9-b012-4250b78b594a,2025-11-22,5,1,Approved
bce27547-162f-4595-bfa9-9479da984a2a,2025-07-01,2,5,In Progress
6020a177-e905-4112-bdcc-8f3973885fd6,2025-04-08,2,5,Rejected
51c66c4a-9196-4765-8c7f-cd479581194b,2025-03-23,4,3,Approved
ade1505f-8ba1-4308-8eec-7b3cece306d7,2025-10-04,2,1,In Progress
34d8b806-8932-43c5-aa3e-4060e3f027a1,2025-10-25,5,3,In Progress
2fc89f77-d256-4327-8359-f1a7b4660abf,2025-07-06,5,3,Approved
877a92cb-a005-4298-a394-48abd0f50222,2025-10-13,1,4,Approved
677860fe-b2eb-44bf-8c8b-bfdc168ce4c2,2025-03-13,3,4,Approved
8d9cfeae-02e4-43c7-864c-62013d42b610,2025-05-22,1,1,Approved
29b116d3-bb24-4577-9f34-77c21651ec56,2025-10-11,4,2,In Progress
f543059f-c1f5-47b1-9087-ae4a2ba2ce49,2025-05-23,2,5,Rejected
ec363b66-65a1-46ac-8385-d563884efd82,2025-07-01,3,1,In Progress
34a2bf3b-fc4d-412e-ad8b-af30e74a831f,2025-06-20,4,3,In Progress
e4ed4cce-e8df-415c-8b8b-879b4b70b148,2025-08-21,5,1,Approved
df9fedc9-c5b7-4b2b-9a70-b7f8f4cb6076,2025-09-23,5,3,Approved
644544e4-039a-4007-aba4-ea6c0aa76f8c,2025-12-29,3,2,In Progress
b12f06e5-ff9c-45b2-8984-6cb93797f35c,2025-07-10,5,5,In Progress
6a3c091c-2972-4e10-aac9-c63d2a0d1e7d,2025-04-02,1,5,Approved
8a5197dd-8d43-4c8a-bf18-9344e41d899e,2025-05-22,5,4,Approved
b060de83-765e-46d4-965f-796662ffe692,2025-12-23,4,2,Approved
73dfa3db-70b6-4ae7-b2d6-84ab3c47739f,2025-12-07,5,4,Rejected
dc702373-2852-4020-91e0-7b215031c32e,2025-11-14,1,4,Rejected
6418cf13-447b-4af6-80ed-614a15547e00,2025-05-22,4,4,Rejected
7570641a-ec49-4c40-a3f3-f2627d9671dc,2025-03-30,2,2,Rejected
3a2c1aa7-71d1-4055-9b58-f3a65747dace,2025-09-18,3,3,Approved
00cb8b16-4e35-4f7d-ac59-457f2912e127,2025-08-15,3,2,Approved
69071cc5-bfdf-4e05-a9ae-d107e725bb0a,2025-09-18,5,4,In Progress
3958e36d-8482-4124-b663-7f772f744f0e,2025-09-28,1,2,Approved
2feed48a-fac4-42d9-b95c-13bb1f23aab4,2025-07-16,5,1,Approved
5def5c95-275b-4c62-83fd-a837eaa3dbce,2025-04-07,5,5,Approved
ea564ccb-eaca-4bb4-bba9-6dbe696c77c3,2025-02-07,4,5,Approved
be741aa4-7b29-4341-aaf8-20782af3de0d,2025-04-16,4,5,Approved
db20403d-e107-4b61-a2e1-b2b979723364,2025-08-17,5,4,Approved
6f2d7802-16ee-41b2-b1b8-5170dc64ad5e,2025-08-26,2,5,In Progress
df456bb2-f70c-4053-a528-581347388dd4,2025-11-14,1,5,In Progress
2dedc24b-35c5-4368-a1a0-f1e5dbb2252b,2025-10-18,2,4,Approved
e9bd4f2d-0bd6-45c5-9169-889ab8c50fbe,2025-12-30,4,5,Approved
c23fb063-3689-4fca-9747-68cc42de829c,2025-05-05,5,2,Approved
9481ca7b-c106-4de0-8f30-0f4caa12d514,2025-10-12,3,4,Approved
80694c8a-9341-4bee-901d-6bd1d42f525d,2025-03-08,1,5,Approved
2ac53372-d525-4f0c-9704-fd2c64f5176c,2025-01-14,4,2,Approved
a424bcf5-54af-4ec0-8c98-5be095399b72,2025-03-21,5,3,Rejected
f6489e9f-9842-4968-9be6-91c0e5a52659,2025-12-17,3,1,Approved
6bfb20d3-c8c7-47ac-a9f6-e3cbdc2dbfea,2025-05-25,2,5,Approved
2b42fad4-1bdb-4ea4-b764-c6583432528e,2025-07-23,5,4,In Progress
39d1a3b1-1778-4ab6-b015-7be50132e16a,2025-05-28,2,3,Rejected
c2b57d0e-eba9-4b9d-bb78-7e61fd042879,2025-04-13,2,3,Approved
004c7da6-3cda-4e84-9000-b5d068d4de23,2025-11-15,1,1,Approved
490c3b5e-aa07-4fbb-840c-79a077b6069d,2025-09-14,5,4,Rejected
78e03dca-aaab-4153-b56c-49b7ee61a4d1,2025-11-18,4,3,Rejected
318b6e01-8b49-4333-a729-290f497d958d,2025-11-10,3,4,Approved
60d71c68-162b-41c0-8cf7-5582a6b4420e,2025-05-13,3,1,Approved
eab18a7a-96ad-43e6-85e3-6d6d8596cc14,2025-06-11,2,1,Rejected
36e75852-8eda-41d1-b9c0-6d54f6690a30,2025-03-23,2,1,Approved
f0946b23-a01f-4f87-b292-b329652dcd3b,2025-11-11,5,4,In Progress
256fd166-026d-45e2-b633-500ca49e2843,2025-09-07,1,3,Approved
adbd361c-3988-4b50-ba78-6a9f0233aa45,2025-03-15,4,5,Approved
f2d7d1e4-0df0-48c5-961f-4bc97652ae9b,2025-12-06,2,5,In Progress
189d3638-9e69-402d-97aa-4ce7ee506c51,2025-10-21,4,5,In Progress
1b5c2773-0286-4fae-bc1d-6b0a98278fc1,2025-01-07,2,5,Approved
88535d7d-b875-4194-94b8-2d787f10a463,2025-05-29,2,1,Approved
9f7b6c40-7c55-4ff0-b36c-03cca2e5346b,2025-11-20,2,1,Approved
c503fdb5-29db-427a-a261-ae71112db6fb,2025-12-21,4,5,Approved
21663871-68ea-4c0c-93a4-b4457e1062d2,2025-06-19,5,2,Rejected
330966fb-bf3f-4e51-befd-f8c3486139da,2025-11-01,1,2,Rejected
1b5b7150-d1b1-4962-8169-2d15ec1a3321,2025-06-10,3,5,Rejected
510c14be-b841-41a4-b4ba-087c59a373f2,2025-06-19,5,1,Approved
4f7163f2-b451-46c8-9e5a-7c3204834c02,2025-06-23,1,4,Approved
b9bcf88e-7c85-4147-ba4f-c0d0008a82e1,2025-04-15,3,1,Approved
c8b66db1-5626-4c48-b05f-3692704a338e,2025-12-16,2,1,Approved
a877ffa5-5e39-4a0d-8818-a735630799ee,2025-06-20,2,4,Approved
9b3ab7d8-f3b3-47b5-b8d9-7c0f7900698b,2025-04-11,2,5,Approved
f7c88e45-0e99-43bf-a2a9-ab6c73509b7d,2025-03-28,2,4,In Progress
3c770171-7132-4ed3-bec3-3c9bb4f81ad8,2025-03-08,3,1,Approved
c9cbcc5d-3093-47cf-a6bd-099530ac5e30,2025-03-10,1,1,Approved
b9d1fc9b-17eb-47d8-8c2e-0080a88b02cc,2025-06-30,1,4,In Progress
7aef1a8f-0321-4576-801b-0b0b90127211,2025-02-13,3,1,Approved
77cd9901-ad7c-49c0-8677-22084d3e072e,2025-10-30,2,4,Rejected
90f08f5b-3ef7-4536-942d-bf194b7414d1,2025-06-18,1,1,Approved
73036e65-ed13-46e3-805d-cb8c91147fe0,2025-04-22,5,1,Approved
a8554a45-c42f-4680-be63-c532f55d8b2f,2025-02-17,3,5,In Progress
ea0c76fd-8304-46d6-8eb9-3c0ae329a410,2025-03-12,4,3,Approved
a46d0b28-60ce-40af-9645-7e0e348628b0,2025-05-03,2,4,Approved
015ca247-bd82-427f-b2b1-87202b0c3be3,2025-12-23,1,2,Rejected
9a9ae96d-360b-4277-b44d-35006df94310,2025-07-07,2,2,Approved
0a26d696-e045-4b36-a4f3-e7a99935a580,2025-07-05,4,4,In Progress
fc1c8711-e7a7-4bdd-a428-d8e01793d4e3,2025-12-06,2,5,Approved
c7af9861-f002-48db-9ce6-263808eee258,2025-05-03,3,3,Approved
ea1e7b12-6789-4713-9857-263689ba6719,2025-01-10,2,3,Rejected
eb5e2ef8-6daf-481b-88c6-3dd51549c091,2025-10-01,1,4,Approved
cd7a4e7f-6822-4e5e-b452-d004db35af99,2025-04-16,4,4,In Progress
3b4199ed-336d-4b70-91af-c3700d826d80,2025-01-15,2,5,Approved
f5e5fd27-9a33-4f80-ba6c-9cead3ad83ad,2025-08-16,4,3,Approved
be808072-570c-4600-82e6-ecc4b970a60d,2025-02-07,4,5,Approved
ad401e71-c1b9-4d09-af62-163ad8f3986a,2025-10-08,3,2,Approved
2d8174d5-b3f4-48ec-b5af-9db0608bd1f6,2025-08-08,5,5,Approved
febc57f4-53f0-47ee-b1d3-c69b70e302b8,2025-06-01,3,3,Approved
e950f14f-c90d-4224-9c2b-8f2d96b11233,2025-09-22,1,2,Rejected
4001835a-8c1d-463d-9aff-b000795169b8,2025-05-11,3,3,Rejected
1a74080b-29d3-4381-8961-e17e773fefc9,2025-10-19,4,4,Approved
a425a26c-8384-49e8-bd6c-b220ba226a9e,2025-08-22,5,4,Approved
7911b217-e801-44a8-8787-0071b7461aae,2025-05-27,3,1,Approved
fa640368-4824-48f9-a060-253c3085d8bf,2025-03-13,4,2,In Progress
9efbaea4-29ab-43e7-b010-10ac0d1f68dd,2025-12-26,5,4,Approved
35b9ed9c-1046-4e13-9087-c0a5ca62d97b,2025-03-28,4,3,In Progress
ead13ed8-31cd-4208-98b8-89911236c3d3,2025-02-28,4,1,Approved
1d3bef6a-dfc2-44f2-9f14-66d7da76ce38,2025-05-14,4,1,Approved
2f94fccd-d956-4653-8309-f92dd1fdbf64,2025-11-20,2,1,Approved
3bc1d443-ff7d-4d93-b696-cd2b5aac9b42,2025-12-10,3,2,Approved
67d88ff1-ea48-4536-8f28-5816c36b84fc,2025-02-28,4,3,Rejected
14243964-c15b-4445-a6c1-0ee5207f6f62,2025-03-08,3,2,Approved
00b33f68-60a8-4913-af41-876c5bfd47ac,2025-03-19,3,4,Approved
eafcecee-f9b9-4e56-aac7-df0a50ec9407,2025-03-03,5,2,Rejected
3682ff85-2afc-4d6d-a0e3-b4309730129c,2025-05-30,1,3,Approved
d5ebb392-a8ad-4865-815b-750ddfe40dbb,2025-01-06,5,3,In Progress
c0d15147-c73f-4579-b92d-691880e14d16,2025-01-17,4,2,Approved
d819aabd-24e4-49cd-9927-316579786f11,2025-12-31,2,5,Rejected
e2e29b5f-056e-432c-ac26-a30ecca027bf,2025-10-12,2,3,Approved
37f167a8-b4b9-4178-8cd2-48652ca4b3bc,2025-07-30,4,1,In Progress
daec85d8-3415-42a2-8328-5b21af95b7e7,2025-06-23,5,4,Approved
c1d4ae8a-cbbe-46dd-b665-bc8ad33bf55b,2025-02-10,1,5,Approved
b5daff66-7127-4138-8ed9-5d0b966bd895,2025-12-28,1,5,Approved
5d001e72-ca3d-42cd-9326-dbbd36aa2a67,2025-10-06,3,4,In Progress
9695e138-d7e4-4a13-a2dc-808ae4ee3c47,2025-03-02,5,1,Approved
5a4fb3a0-7fe3-4e05-b765-ad9a614d6171,2025-11-17,3,2,Approved
62bc0099-b42c-4d57-9988-cddc22b2b7b7,2025-07-30,3,5,Rejected
926daf97-5618-4833-89d7-3d1ed9290eac,2025-08-17,4,5,Rejected
780bc40e-6dcc-4fc6-8cf7-bdf474dc1d66,2025-10-06,2,3,Approved
594eb71b-d80d-4594-a0e3-3a3452634856,2025-11-04,1,4,In Progress
9b83458d-975b-4d2f-adf5-02e179be2237,2025-01-18,2,5,Approved
b00389b2-482f-4bbd-904e-4781cfc7461b,2025-03-08,3,4,Approved
0887ca62-bbaa-41ac-b561-234364834644,2025-07-11,5,5,In Progress
563ff614-f5f9-40cc-8529-c3a06be9e83f,2025-06-25,3,3,Rejected
ecff25c7-8fec-4667-a1f6-860988c35db4,2025-06-21,1,2,Approved
a714489b-d7bf-4001-8915-c6925c0d46e9,2025-10-01,5,5,Approved
9e7160c7-2ecf-4709-bd6a-15de45269bf3,2025-05-28,3,4,Approved
a236d39b-4c76-4676-adf5-4775f5d99d84,2025-08-05,5,3,In Progress
8567fa2b-01f7-4ae7-8d4e-433f1fa4835c,2025-02-25,3,1,Approved
f9f313a7-7a08-4398-bd6d-0dea27e2d482,2025-02-06,5,3,Approved
029ab146-3671-4002-9fde-f117be97a45b,2025-08-10,3,1,In Progress
bcea6fd2-6871-4818-88fe-bad378e20d03,2025-12-25,4,5,Approved
d3d65d50-f43f-43ca-af7a-42f0efa1f428,2025-10-01,2,3,Rejected
94fcd5a8-44df-49cb-8081-05a933bc8aef,2025-11-23,4,1,In Progress
a0dccc38-3ab9-4171-8b66-9e8ea03bdf96,2025-08-19,1,2,Approved
6bf7313a-8b96-4206-9372-cf216ea69284,2025-11-05,5,2,Rejected
fa425c0c-40f5-4ea2-9468-0cd5b786c961,2025-03-31,4,4,Approved
fb10cb98-8f89-4966-81b0-05cbdd511125,2025-12-10,2,4,Approved
d487d5a7-f62c-4301-b629-7991c2a9648b,2025-08-06,2,2,Approved
b157c8ff-c903-48bc-9519-0477a56fcad1,2025-09-06,5,5,In Progress
93554a83-b80a-4e49-ba51-dfc92ddb2cb6,2025-07-09,4,5,Approved
e11d1a2e-baa0-4042-b16c-bd141231e743,2025-06-16,4,1,In Progress
cca872b9-240d-41df-8736-ea6a167222ae,2025-03-21,3,5,Approved
e007b681-d1c8-46fd-bc59-42dcb18941e9,2025-12-22,3,2,Approved
13ffe7d7-03c2-4a5f-8731-33c63a6f3157,2025-09-15,2,3,Approved
98fa0e35-32af-4d24-aed2-b5c2cc3a2db6,2025-05-20,4,4,Approved
123f8b25-0d54-4d63-9168-7dc42f934c05,2025-10-07,2,2,Approved
8290142b-f094-4d4e-b9dd-3abc6a6316eb,2025-03-03,3,3,In Progress
7a30884b-6a8c-4c87-a47c-14ea79a09fd0,2025-12-30,3,5,Approved
f9d3c16f-aee8-4a88-a91e-c663e63013cb,2025-11-20,4,5,Rejected
f1fd3ef2-c0c8-4bff-8ff6-fc6dababfbfe,2025-05-09,2,2,Approved
4d9d144d-3562-4fb5-93d9-1e6471c07120,2025-08-08,3,3,Approved
30fa9b44-637d-4f78-afce-5935b06f6104,2025-03-02,4,2,Approved
19792b9b-7e35-47a0-94a6-cefd96c6cd6b,2025-03-14,4,2,In Progress
5dbb2e26-a1db-4353-b951-cf0624dfa986,2025-06-27,1,1,In Progress
e474c32b-1006-4bfd-a4be-64e5b0961888,2025-07-28,3,2,In Progress
67005145-6548-4297-8522-63fafef35291,2025-07-19,2,3,In Progress
a412ad51-313b-428d-b4e9-4e44e7b0d0c0,2025-02-14,3,1,Approved
e5662b9f-2e5c-4c53-99f3-d7a4d9000154,2025-04-11,5,4,Approved
94f9018b-c110-40e2-a312-795cec2eddab,2025-11-21,3,1,Approved
e53cf89a-8148-4efa-bdcc-14ed068c99a0,2025-01-05,2,1,Approved
0333c5c6-7793-4c14-8211-0fe6ac639bb5,2025-07-23,2,1,Approved
844578eb-07d9-40e3-bf8c-26c0cbdcc7ea,2025-03-02,2,3,Approved
890a8482-08f4-4dbf-a2b1-82378fbb1881,2025-05-29,5,5,Approved
cc459409-e86f-4f97-b00b-ad9e085b6025,2025-01-23,1,4,Approved
87ad80a2-180e-4d7b-9271-e3af75c4ced9,2025-03-04,5,4,Approved
d696897e-75a8-47e5-86d9-76eaa323a93c,2025-03-23,4,3,Approved
ca6317e4-c54a-4ae1-9acd-c41f5bc1b28a,2025-02-01,3,3,Approved
abe35c88-4306-4174-b768-9344b85c2be0,2025-09-08,4,4,Approved
27208208-c8a3-48db-b17c-66802fbb7c59,2025-01-20,2,1,In Progress
aa873f2d-e57f-44bf-8a97-fed7bd5f1375,2025-06-09,4,4,Rejected
7e7f7a2f-5a85-44ac-b7ee-269af6a9443d,2025-02-24,2,3,In Progress
4530e567-424c-498a-964e-4482b8093299,2025-06-29,3,4,Approved
b8ca0cfb-f3d7-4140-b276-b243050c2866,2025-05-18,4,1,Approved
ca92f6a0-e566-4cee-9380-d539c96c3a4c,2025-09-04,3,3,Approved
1d75764f-662c-436f-9a16-f93535d1d6e2,2025-05-13,1,4,Approved
c9f3699e-21d6-4f4c-aa36-6d1f5c4b5b2c,2025-02-26,2,4,Approved
797cc3f2-4f14-4203-9b64-9583a4cd0090,2025-02-07,5,3,In Progress
f9ab49a4-28a9-4980-8b47-a7ef3e2d3c53,2025-07-03,5,5,Approved
0691bf5e-a0d7-42d1-88e6-6715fcdca068,2025-01-19,5,2,Approved
6d82bc7b-bba4-4a88-bc84-300e0a2aeb5e,2025-03-27,3,3,In Progress
f5a62608-00b2-43a3-b325-35a4357beb27,2025-07-18,2,4,Rejected
39d1f991-158a-4b86-91dd-eecfba9e43cd,2025-09-26,2,3,Rejected
5bb3ddd8-64e6-45c4-8ee6-a00d93ce04df,2025-05-17,2,3,Approved
5a1df89d-1b66-427a-b2e9-b4478572832e,2025-07-12,4,3,Approved
26c45c83-c409-4edc-b34c-6b42a74188f4,2025-12-19,4,5,In Progress
5704582c-ed5e-4a37-8dbc-02c707d9b66c,2025-03-28,1,5,Approved
e272af23-d296-4082-914e-a1cd6f28ebe0,2025-12-22,1,1,Rejected
12e71eb1-9cde-4ba8-825e-41ddb7081fbd,2025-10-19,3,3,Approved
20cc5cf8-32a6-4d65-b08a-042db0f0dceb,2025-07-03,3,5,Rejected
396f52e2-aa4b-4a9b-91e7-8720570ca76b,2025-10-07,1,5,Approved
3ef76ce8-ef1e-4320-8632-1a37193c1261,2025-03-02,4,2,Approved
d40a7e23-bc1a-4e98-bc39-0c3e1a660aa6,2025-06-22,5,2,In Progress
8f35efaf-7527-4638-bfe6-b1e781477837,2025-11-18,3,5,Approved
b873b08c-83a9-4f7a-8dac-1515ac283b76,2025-05-23,3,2,Approved
1efbaedd-eeec-4183-8e2a-c8e3fc522bd1,2025-12-17,4,4,In Progress
853ef057-843f-4270-87f6-f468967b824e,2025-07-07,4,5,Approved
dee25be3-3c18-4d17-9781-846bbb28a741,2025-02-25,4,1,Rejected
7edff3ad-3008-42d8-8a41-bb206d7037fd,2025-04-23,3,4,In Progress
593b752f-db8a-4c98-81f7-7853d953dd34,2025-07-19,1,3,Approved
e3f0330d-84bc-48bc-a004-20d9fc5c67d4,2025-08-18,2,5,Approved
456d6492-c855-441b-9e19-0df76253b505,2025-11-21,3,2,In Progress
1ba58b5b-4fc8-4da7-9315-c122d3e930b2,2025-09-18,1,4,Approved
d0ea7d6b-8d44-4b3e-98a5-73c78a823673,2025-12-26,1,3,Approved
d73eb4a4-04d3-43c7-9f7d-d954d87db6bb,2025-10-18,3,3,Approved
a4d58684-99d3-4196-96e2-fe355d4fbc00,2025-07-25,5,3,Approved
5940f4fe-a087-436e-8d63-25f9f7282e98,2025-05-31,3,4,Approved
30e6215e-2bd2-4a80-845b-08f46cf10b0f,2025-02-10,5,4,Approved
69bb40b4-03a0-4d2f-bf79-0ee29de1265d,2025-09-24,2,5,Approved
f9c97df4-83a0-4933-8c2d-1416dd94e6de,2025-03-26,5,3,Rejected
ac84a1c7-6fca-40f9-a716-bb0c49b44e27,2025-08-09,3,2,Approved
3800a88c-ca63-4280-84d7-288f467a5264,2025-02-07,4,2,Rejected
413b5dff-af8c-4584-a7c1-2ade9797e662,2025-04-29,5,3,Approved
957af1aa-76f4-4df4-b663-3f06121365fa,2025-04-11,5,4,In Progress
c4ffae7d-3ecd-4a5a-9251-93ad3bcb2a5b,2025-09-01,3,3,Approved
bf5a684f-d791-48a3-8a29-c650db0b42ad,2025-08-22,1,4,Approved
e50ebd7f-bc3b-4738-afe3-c51508354f22,2025-10-09,4,5,Approved
be5f2bf6-2e8e-4dc1-9b3b-ff7031038268,2025-02-26,2,3,Approved
2d830b02-1741-4385-a96d-6ce006c87077,2025-07-10,2,1,Rejected
66ffc8a1-54e8-4f55-a63b-b339c1b95d37,2025-05-29,5,1,Rejected
17fe9606-a68c-4a8e-88ef-5d18252f0fd2,2025-12-29,4,5,Approved
70fbfdbb-f20c-4f2f-b8b6-04425b9a2752,2025-11-04,3,5,Approved
ef510686-8ca3-4272-81f3-23150e6152fc,2025-02-24,3,3,In Progress
80a4a8ef-1f14-4693-9e63-32569042fd3d,2025-06-06,3,5,Rejected
398c81f6-ffa5-40fd-8514-40c4493d7023,2025-03-28,1,2,Approved
fabfe317-6b89-4f0b-8ae9-3bbc5d544515,2025-09-26,1,2,Approved
a20b9d30-161c-4a31-b09b-d4097e352edf,2025-08-27,2,2,Approved
fe90eaf9-0f82-4a8c-8d69-af39d845ae56,2025-08-21,3,2,In Progress
f19fd2e4-c6c3-4c4c-8ee1-bb0b341c1b13,2025-10-31,3,5,Rejected
bd3d24a2-f6d3-4e22-a893-55d98e9656fb,2025-04-18,5,4,Approved
6c6c5130-ea5e-4160-8010-3a4df150eea3,2025-05-12,5,1,Approved
3970f037-714e-4d14-83b3-33d8a83f7d47,2025-08-23,3,5,Approved
a267cce8-2d07-4ae7-980c-204e40305e76,2025-07-06,3,3,Rejected
a7e6bf91-eb4f-4b4e-80d8-f1e20642d76b,2025-04-07,5,5,Approved
8d488980-e31a-415d-8cfd-a8ab8797eeae,2025-02-16,1,1,In Progress
80642a94-34d4-4b5e-8cb8-eb14146af887,2025-12-25,4,1,Approved
aee98cfc-b3f1-4d47-9baa-1339051b80dc,2025-04-22,3,4,In Progress
976b7615-95a4-40c4-8dc4-c3f3b4564cc5,2025-06-25,4,4,Approved
76c2504d-8978-4701-8e00-fbff62ff2726,2025-01-10,3,2,Rejected
bb381057-4415-4628-9eff-505ab3bbcf59,2025-07-22,2,2,Approved
25044c8d-59f3-4924-87ec-b25493b9b4b5,2025-11-23,3,5,Approved
a9e46a1d-2b24-4e48-b4b6-ecd7c5ecdd16,2025-07-28,5,4,Approved
cf5ca888-9283-45d1-8aab-14106c800c02,2025-05-07,1,2,Approved
5fea507a-57c3-4ead-adde-4f078400b05f,2025-07-28,2,3,Approved
3e13813d-62ea-454d-adcf-76898db0f622,2025-03-22,5,3,Approved
71da50fc-5885-4718-8ee0-4e48b7646941,2025-03-05,2,4,Approved
7a7ea3c4-9e78-41e3-b9bd-25673f1331e5,2025-10-30,2,1,In Progress
b46cdf0f-a4c5-4562-83ea-a88f134de99c,2025-01-29,2,1,Rejected
8bae9f6e-9942-4d58-9e10-bdd95fcbfd9b,2025-09-04,4,3,Approved
0c265fb3-9f55-401b-9b4c-6ce64390ea84,2025-03-27,4,3,Rejected
47d604a0-a2ef-4dbe-96f8-7a5d5abb2105,2025-08-12,2,4,Approved
d6c039a2-77b5-4972-87fc-1f45819f17fe,2025-08-21,3,3,Approved
dc8ed53d-4f09-487d-af60-ae978bd50af2,2025-02-17,3,2,Approved
be0561c2-b816-478c-84c4-f92fdc12cf76,2025-12-06,4,5,Approved
566553cc-4a6b-407d-adc6-a5573f2b2d56,2025-10-12,5,1,Approved
f4f663a5-2287-401b-bad5-57050e3573dd,2025-06-30,4,2,Approved
40b9a817-0df8-4054-bcf7-95a0808a465e,2025-12-12,3,5,Approved
47bc7b1c-f141-4327-8b44-729cde25f5f4,2025-12-11,4,3,Approved
96e68b03-781c-416d-820a-b9181d274072,2025-12-14,3,3,Approved
bf1d58c8-f1cf-4bbc-8b42-e012f8d12f8d,2025-06-14,3,2,Approved
a7c26f24-a034-4207-bec8-33f473fe7547,2025-01-13,2,5,Approved
fdfd441c-21bf-4fca-9ca3-b86eef673aee,2025-02-16,5,4,Approved
61d2f717-481d-426c-bef5-a80fd638854f,2025-11-24,2,3,Approved
aa601e34-5cbc-4867-9985-ae6e0f68bcb8,2025-02-15,5,4,Approved
94314fce-3fbb-4bf4-a44d-0ffc4fe84c9f,2025-05-17,1,1,Approved
13c7ad91-5947-49c1-a13f-f2fe1b47d37f,2025-06-13,4,1,Approved
3286bae8-955f-430d-b06b-727d705f8ecc,2025-05-30,2,5,Approved
27f344a9-ea79-437e-ad81-b86f6b26a80d,2025-04-15,1,1,Approved
905081b9-f38c-4b25-8434-06b87779faac,2025-06-21,5,1,Approved
aea74383-7c3a-4323-9524-894ed27ce740,2025-03-01,5,1,Approved
5b9c5c8f-fcd5-40cc-b4bc-3596ad62625d,2025-09-24,2,5,Approved
a83a106d-5af7-49f3-95e0-dcd5b762be26,2025-02-23,5,5,Approved
9af3c66e-a5a9-46df-ac5f-298fd3b77519,2025-01-23,4,5,Approved
142bd1ad-d14b-4ae9-b7e9-e1fbf5393feb,2025-08-11,2,4,Approved
826d6a42-51e2-43c5-878b-d76517f1d2e1,2025-01-16,5,3,Rejected
a439213b-2880-46b1-8586-6a060a4ea4fe,2025-05-18,4,1,Approved
ebcf09e1-f465-4232-9254-92b35400a4a1,2025-12-18,5,1,Approved
d6f26dba-a770-4a3d-997b-51610315fdb1,2025-01-06,4,1,Approved
9293c5be-acd4-4d76-b0f5-cd42f41ed963,2025-03-14,2,4,Approved
8609ef6b-b38c-4e1f-883c-c4fc982b93c0,2025-03-22,5,4,Approved
d8e3a763-b02e-4eb2-8bf5-aef269c2eb27,2025-12-31,1,3,Approved
1a1bd07e-8e3c-434d-98e9-24bb145da9fc,2025-07-11,4,3,Rejected
3e3c9278-4889-40b5-bdea-e4769d1cdfb6,2025-08-28,4,5,In Progress
c73e7ae0-eb23-494e-838d-40f952e40348,2025-04-26,1,3,Approved
fb61b268-c245-4d93-94b2-9dfee8cd6bf1,2025-10-05,2,3,Approved
864f1179-0f9d-4a8c-8e7e-dcdb54daaa6f,2025-04-04,5,3,Approved
be9c38b2-174e-41c1-a2c7-b89bcd20068c,2025-02-11,2,5,In Progress
a1b734f7-2316-4520-abf4-c0d679d92356,2025-10-30,5,4,Rejected
ffa5b4c7-5fed-4058-92a0-565220e6a0c5,2025-07-23,5,1,Approved
44c5b1d5-4495-4fbf-880e-15e55f34f78c,2025-03-29,2,5,Approved
5aa8d773-37ab-4933-a067-5cc6ca091bef,2025-12-08,4,2,In Progress
6b990629-fe59-44ba-8a6a-e06a5bf18ac3,2025-01-09,2,4,Rejected
84d75063-cf87-486a-86b0-a49f774fad6b,2025-10-10,5,3,Approved
5d0bbe4f-4913-4d87-917b-8e4059135ac3,2025-02-09,1,3,Rejected
43483eb0-fc85-410b-91fe-750e41d1f4ee,2025-04-24,5,5,Rejected
955e74e0-3670-4714-a6a6-f841689011fa,2025-08-08,2,3,Rejected
c57241b1-386f-46fa-bef0-776a96ebece3,2025-05-23,2,1,In Progress
a89df93c-639d-453d-800b-7911f7f1758c,2025-04-20,5,2,Approved
eef9a53d-b519-406b-ad4a-9126fe8d3544,2025-02-16,5,5,In Progress
f415ea22-dfc2-4f9d-8b42-8b392c710512,2025-02-19,3,3,Rejected
66948993-132b-4a6b-8411-90c3e6ef0890,2025-11-08,1,1,Rejected
aa30cecd-0350-4f6d-8ed7-82a78bebb345,2025-04-16,2,3,Approved
8e389d22-a45d-43c6-8f40-bfa485e70c1c,2025-11-12,5,1,In Progress
6be88e6a-378a-4625-b9e4-8227550083bf,2025-05-27,5,5,Approved
b0a2b8db-3cf0-4c90-a36d-05c3f7c5cbb0,2025-07-26,2,4,Approved
721b6e4a-7c0a-459c-8158-52f1273b32b2,2025-05-11,4,2,Approved
1e218095-d544-47b7-8cb8-a6da11e8db48,2025-11-11,3,4,Approved
f96eecd6-4200-4212-869e-d03fc18d89a9,2025-02-06,5,3,Approved
287df5a6-cba4-4b32-aae1-60f2215a583b,2025-11-20,2,2,Approved
189acdc0-f262-4867-a6dd-e9c8226c1045,2025-04-29,2,1,Approved
c0d3e799-bdd2-42c2-866b-9c856708e772,2025-08-09,1,5,Rejected
fe6b8780-cc02-4c81-a001-30ce4124c4e4,2025-02-22,3,1,Approved
7b57039a-9071-46e2-bb7e-0867230856d1,2025-01-18,5,3,In Progress
77686b27-4718-4453-8746-2ee7301997f7,2025-06-07,5,5,Rejected
8b412f85-23a1-4ce8-96c4-79e8393e88d8,2025-10-28,3,4,Approved
84fd010c-cb4b-46e5-9bb4-7706c0723c66,2025-02-08,2,2,Rejected
d284af3f-5926-4419-a8fc-9facf45215cb,2025-04-17,2,4,In Progress
093abbad-d6d3-4234-92a8-30b7ff8bab86,2025-10-14,3,5,In Progress
85833116-4a98-4f02-be95-4f0fd43444cb,2025-11-08,1,2,In Progress
f8bee25a-7e85-48c9-807f-7e2dc0f39adf,2025-02-17,1,1,Rejected
0e8a522c-7930-48f5-9adb-fac2a476a50f,2025-06-17,1,5,Rejected
c2b68934-f570-4c59-b99f-238ad258f016,2025-08-10,3,5,Approved
38799ce8-1e7e-4476-8387-037a40bf3e08,2025-12-05,3,3,Approved
57b147a7-79cb-4792-8a83-010e9144254f,2025-06-28,5,4,Approved
a33d620c-9f76-414e-bc15-27e5de253321,2025-12-27,5,1,Approved
5162647c-83a0-428d-9c30-2c8dd0891862,2025-02-17,5,1,Approved
8239164b-bf89-465b-bcb3-7d972f2dba1a,2025-10-16,4,3,Rejected
07eb42b4-4bad-4ecc-a920-283dafd40f29,2025-07-07,2,5,Approved
ec555b21-5c29-4d73-a110-7cfa81affab9,2025-03-14,1,2,Rejected
60e75a54-b7a4-43e1-bdd2-f6e0bc5638c5,2025-04-25,4,4,Approved
e69ddcf0-5f6f-48c9-9cd0-152e1eb5ab7c,2025-12-28,1,4,Approved
20b124df-5d02-4ff3-91cb-fdaa508b672a,2025-09-12,4,1,Approved
c8c9fcec-3215-4222-81c0-6909f6089e48,2025-10-11,2,3,Approved
489eced9-68d3-4790-9066-97d9ee8eaf0b,2025-02-08,1,4,Approved
d29a2013-327d-4876-a7b7-febfad4be8f4,2025-04-02,4,2,In Progress
ef0001d5-6c8b-4f2a-875e-09cd8c5147a1,2025-07-06,2,5,Approved
5c3e6964-1869-4d1e-bb95-508026a30d8a,2025-04-01,4,2,Approved
ee95aef7-5d49-4ebf-a051-c2f435fb57ba,2025-07-23,1,1,Approved
0545a4e3-6205-4652-8be5-d14275a68db7,2025-09-10,4,5,Rejected
2196710b-1636-416d-aea5-1d7eecb30db5,2025-11-29,5,1,Approved
83628e88-4f36-40af-b9db-f31868014c57,2025-03-26,1,5,Approved
d793ad0f-9c0d-4d72-ad6c-8182bac6800d,2025-07-05,3,1,Approved
a653f909-405b-4b46-ad1e-76ef9e01ea22,2025-11-17,2,2,Approved
d73162bb-05fd-4638-ade1-b228aa663ccb,2025-04-26,5,5,Approved
d9dca9f9-fbe3-41c7-9d40-555f4236f427,2025-08-12,1,2,In Progress
5e3ddf55-09aa-4110-b96f-aa09ff7fa1ee,2025-04-12,3,1,Approved
00b79c26-b76e-4daa-ac1a-aa5c5311635e,2025-07-03,2,3,Approved
2aceaadf-d5f4-4875-bd78-781cb14a8f29,2025-06-24,5,4,Approved
f8b7602a-3cd0-458c-953e-9562368a138e,2025-08-25,4,3,Approved
3b0e1b13-9072-4d44-bcb2-e5d75429ad8b,2025-01-06,4,2,In Progress
56ef6441-9ea4-42c6-999e-f01fa57a3ab6,2025-10-03,5,4,Approved
a9b7c6ab-25fb-4414-b19f-916be394056b,2025-08-03,4,2,In Progress
15fe4ac6-7c0a-44a8-9b43-aa4ba2a6932c,2025-09-10,2,3,In Progress
6bea24bf-f632-4c52-babb-4f2dcdcfb778,2025-11-19,4,1,Approved
53da196a-be1c-4170-b4ad-6b8a7c30f833,2025-03-24,5,2,Rejected
006623ea-9c0a-4057-9cea-cdcaecd59ba6,2025-10-03,3,5,Rejected
87624b2f-5a21-4c23-85be-4e80108b9a9d,2025-11-11,5,1,Approved
a3368304-4d84-4e9d-8e03-d30cf62eecf3,2025-04-08,2,4,Approved
fdadd36c-eeb7-4661-a4a6-2354be01b4c6,2025-11-03,1,3,Approved
3dfb8773-bdfe-429a-a909-cfed31ba9571,2025-04-24,5,4,Approved
f8f346ac-3d47-4727-9864-2146f4152b14,2025-04-27,1,5,Rejected
777144de-082c-47f7-82fd-ec8bc33427a7,2025-10-08,2,5,Approved
a27aa957-cc6d-4715-a776-4ebe4ed901fa,2025-01-06,3,4,Approved
5627f75d-aec3-49ec-a9db-82d18cc6254e,2025-03-03,4,2,Approved
584821af-893d-4424-952a-fc5a838a6a0f,2025-09-25,1,5,Approved
85cacc92-65eb-46b2-b9b3-3583527b0dcc,2025-12-28,1,1,Approved
8c553bc4-f09a-422e-a570-d508281db032,2025-08-07,3,2,In Progress
9ab4df8c-6e55-42fc-9cbe-bfac7dca7dbc,2025-06-18,3,4,Approved
705125cb-0d2a-4036-ae33-c8299ebe618e,2025-05-18,2,4,Rejected
785bb353-aa61-4d83-a35f-aef0409bf963,2025-12-29,2,5,Approved
ed812c08-fc0a-4979-9a16-eabacf85ec1a,2025-06-24,3,2,In Progress
8f62f40f-ce22-471c-94cf-671d8dba520a,2025-03-28,5,5,Approved
08b28f11-1b61-406a-9eaa-0ef352eee9b7,2025-11-25,2,2,Approved
e75ca3c1-eb15-4cca-a93b-0d4b4cc4d9e2,2025-05-29,2,5,In Progress
fdc4820c-2c6b-410b-b001-4b643fd61281,2025-01-16,3,5,Rejected
f83bb930-5d5b-4574-9f1e-b51bfe96b0c8,2025-04-10,1,2,Approved
4d1d929f-117a-4f68-a4e0-9780cdad615a,2025-08-07,4,4,In Progress
7f883a8a-8301-4cd6-b0ef-984bcbe73fab,2025-08-23,5,1,Approved
2c332ca7-f6a1-4a09-8388-4452bff890a0,2025-12-20,3,3,Approved
a8da5aed-a91f-42c2-a82f-3a09d803942f,2025-04-27,3,5,In Progress
4f86a68d-4f39-4733-b0fc-93386b646b81,2025-09-20,4,2,In Progress
d592c837-16c5-4264-a411-77e833a852e2,2025-12-01,3,4,In Progress
9e546402-68de-462a-a1fc-e28329f2ca0d,2025-08-10,2,4,Approved
cf7a0354-6767-405c-94d1-9c45a43d0eea,2025-05-13,5,1,Approved
637c6d05-2fd5-44aa-8d5c-6a5d47c4c904,2025-03-12,5,4,In Progress
7f492e97-a91e-4088-90d2-628db306d7c8,2025-05-14,4,3,Approved
b653b0c8-e6a4-495a-8d0e-483b78514761,2025-05-30,3,1,Approved
e9907fd1-2d79-465b-9f53-e6e385386506,2025-10-22,5,1,Approved
0deb547f-fc68-4033-acdf-4fcf0624bb0a,2025-12-24,5,4,In Progress
c8b847d0-55cc-4fbd-8316-00e408c1bc33,2025-11-28,2,3,Rejected
fe84462a-9a49-4f8e-bb58-ef98fade0143,2025-12-31,2,4,Approved
723ae9c4-0994-4f7f-a6ce-23c6a89547e8,2025-11-16,3,2,Approved
f6ed1a7c-d234-483d-a04b-3ef3740dbfac,2025-08-17,4,2,Approved
1f589b55-d15a-46fe-8060-cd6386f103d5,2025-03-07,1,4,In Progress
803913b7-ee71-4dff-8c9b-2ddfcb8417bc,2025-12-07,1,3,In Progress
ff836b6e-92ca-45ae-98ba-1335f2250d83,2025-06-14,5,1,Approved
1c5bbf15-a720-452d-82be-fb79b6d98a1b,2025-06-06,2,5,Approved
010d14f2-4dda-4107-9db0-38aa8929a26a,2025-12-23,5,5,In Progress
831554b5-2a8a-4799-ab7b-944e138e2578,2025-12-18,1,3,Approved
abf0024b-ca9f-48ef-922d-70bc0e993f71,2025-11-16,4,1,In Progress
290440bd-fab9-4d49-a869-a4875007c903,2025-06-08,1,3,Approved
e72dc205-2643-48f8-9bde-746ef09ff704,2025-01-18,1,5,Approved
65eb76f6-36d6-4e95-886d-d21380e45dfa,2025-11-23,3,3,Rejected
6f95ae37-619d-4d0d-8ac6-51610fe46291,2025-05-08,5,5,In Progress
697e99e8-12ab-4dbf-9a14-208f2164665d,2025-01-03,1,1,Rejected
a5b8dbf8-bc98-4d82-a3f9-e87f528912af,2025-09-25,1,5,Approved
56ad86d1-12d6-45ec-b06c-d8783ac84254,2025-12-15,2,4,Rejected
413efd9b-c3eb-4134-bce8-751beafe41b3,2025-12-05,5,2,Approved
0e96a6a9-f645-4710-8147-76f5f4d1d110,2025-08-15,4,2,Rejected
49c2de44-1b2d-46d4-9fe3-c12ace2bb183,2025-11-27,1,2,Approved
3eb1a6ba-c2c5-49d6-985e-a15b9b0878e0,2025-08-24,3,1,Approved
f315b32d-65e8-4555-867f-9c5f76973127,2025-07-30,1,4,In Progress
920b1d0f-eb47-4082-87e9-ee53271868ce,2025-05-06,2,3,Approved
e0f9f8ef-6d90-4e71-b11d-b44517bf2188,2025-11-14,2,5,Approved
ceedd2a2-d188-4c9a-b267-d782405a170b,2025-11-29,1,3,Approved
6343a71b-d2b7-47fa-bcd2-12512f3315c3,2025-02-20,1,5,Approved
8a8a7acc-9649-4b13-b25c-07d831f5aac5,2025-04-21,2,2,Approved
997da11a-c948-43d1-b299-974849d6c520,2025-03-19,1,1,Approved
61daacfb-8eff-43e9-96bc-facbb6098963,2025-10-12,5,5,Rejected
641ebe8a-ec1a-4a6e-b0d2-510bf0a2da01,2025-02-01,1,2,Approved
19a5af51-4503-4299-9e20-851be65a55fa,2025-11-03,1,3,Approved
5307d160-56fb-4852-b09b-f0694ba89bea,2025-08-31,3,1,Approved
87cdf444-3c7a-42e1-942e-91b6a534c1fd,2025-03-23,3,1,Approved
b7e4934b-ab3b-464a-afdb-eb710729dd72,2025-10-15,4,3,Approved
6074bc99-7cf5-4db1-b62e-6536f435b324,2025-12-01,4,2,Approved
ebdfeafe-4159-4934-8eb3-f07b30f0eb48,2025-07-24,5,2,In Progress
8f30fc1a-469f-45a9-bdb4-f5f5090f18e9,2025-04-30,1,2,Approved
c4f99c92-9673-4125-b46a-647aeded4a82,2025-11-12,1,4,In Progress
edf2f8b5-94a5-4900-b701-6d6fb03dcd41,2025-08-21,4,3,Approved
2cf7b65a-5180-40aa-84d4-1354e6084fa8,2025-06-08,1,2,Approved
cad29ea8-3059-42c0-846e-455b02eae1ee,2025-05-12,2,5,Rejected
5b7a0859-dea7-4189-a08c-e53333680a8a,2025-04-07,5,2,Approved
c8457e66-c57a-41fb-a0b5-f2336f65d8d1,2025-12-12,2,1,Approved
3bddb8b0-49b3-4f71-9f28-7f194fa3afe7,2025-11-14,2,1,Rejected
20cf0cc1-62b7-4bbc-ae93-9ead19bbdee7,2025-05-18,3,2,Approved
f390183a-8908-4d44-9df3-4fc4a0296bb7,2025-11-12,2,2,Rejected
e70eb87f-5393-4aef-b8d9-0fd6644fc966,2025-02-03,3,3,Approved
f9dba0cf-2d66-4a81-9ee4-b8495bbef20d,2025-04-23,5,4,Approved
0577eb85-9f5d-4ee6-ac89-b542acaaaea8,2025-03-29,5,2,Approved
5340e1c2-d4fa-40bf-a8ac-5baa6d2316e3,2025-10-06,2,4,Approved
f265d935-98f7-4ba7-9d73-d1dd1699007a,2025-06-07,3,4,Approved
5fc0ff92-01bf-48b5-8d30-13c3aa236ab7,2025-11-16,3,5,Approved
23d99015-7cd1-4117-b0e0-11a9b2e01098,2025-07-28,5,5,Approved
4676d908-4588-49fd-8033-e29bfa72e731,2025-12-17,4,1,Approved
dc806845-3faa-4918-b4cb-caf0b8c0b098,2025-04-02,5,1,Approved
3ecf2a6c-45eb-4570-baee-4c40067a01c4,2025-06-01,1,1,In Progress
84000ce9-8f64-4348-b239-a6137347dd76,2025-06-01,5,3,Approved
fea52c2c-5f8b-4a5a-af95-df18a6f5faf9,2025-09-07,1,1,Rejected
fee1d78f-d4e5-438a-9f1e-4dbd4e416c5c,2025-01-05,5,3,Approved
ec8affeb-44c8-4212-90ab-342ba8320913,2025-05-19,3,3,In Progress
cf1ff2ab-37c4-4d58-b1d8-dafa6f43ed7e,2025-07-26,3,4,In Progress
2b15e2a3-5de1-4f17-a223-8aa52742cfcb,2025-01-24,1,2,Approved
b7533e77-fe27-4074-b0c1-295494989bea,2025-11-05,3,1,Rejected
d3c898ba-062c-4f83-b6a0-0d395189520b,2025-08-31,4,2,Approved
15dfcd86-0160-43bd-ae7a-260cab3c7879,2025-07-08,4,1,Approved
43358659-b45c-4351-b7ef-5a5ac1a0ea6a,2025-08-27,2,5,Approved
1e0292bd-cc63-4581-bd59-3664f6b47df3,2025-07-25,4,1,In Progress
8e69a51d-5323-42e3-8890-d3395b6c8dba,2025-11-16,3,2,Approved
4a688c55-d3d5-482f-bfe2-98eb740c2bea,2025-05-08,2,5,Approved
d1f0bcdc-4f55-4be8-9130-652956022298,2025-05-28,4,2,Approved
be2edde9-3cc8-448b-be50-049f8111cfcf,2025-05-20,4,1,Approved
3c0844dd-6699-4091-b7a4-47e2310d213d,2025-03-14,2,1,In Progress
7d3f10a5-d1cc-4df0-9d04-92fbb613c3a6,2025-12-01,3,1,Approved
57eff9e0-4db9-42d3-a44c-facc5600a3e6,2025-10-04,3,1,Rejected
f046c80f-a15d-49a9-bb59-72f96bafe98b,2025-04-14,5,4,Approved
c2953be3-6e17-408a-b06e-918ce38eca06,2025-10-19,2,4,In Progress
18cef3b4-8b88-48c7-a971-49a22f47d349,2025-03-22,4,3,Approved
c352e634-01d4-489a-bcdc-4ba4313ef25d,2025-02-07,4,5,Approved
150396e2-1303-42cc-9fd7-2d28493ff0b4,2025-02-26,1,5,Approved
de75cdca-c927-4fc1-bb4f-b0a5fadcc59e,2025-11-14,3,3,Approved
a572ad80-3b0a-4bca-be95-63ea8697940a,2025-11-28,2,4,In Progress
27c2cbbf-1275-4bea-a65f-78df113b4c3e,2025-04-11,5,4,In Progress
1f74d6d0-b95e-48d4-bc33-6a3dea3626a5,2025-09-17,5,3,Approved
73f4fbc9-193b-41dc-a12b-687e65317110,2025-10-28,3,2,Approved
53441eb4-d84e-4a78-94b9-4ecb901ce468,2025-11-06,5,3,In Progress
9c019dad-bfaa-42b8-8538-8ecd95e2b286,2025-02-11,5,5,Approved
9dee06ca-f843-4dde-b3e5-9fa7b4a19446,2025-01-18,5,3,Approved
bf6eb641-f18b-4c38-a58d-15b7d8377d79,2025-09-19,3,4,Approved
8a9a3212-49fc-4595-b2da-141caaf32b12,2025-02-23,5,5,Rejected
e8e0ff7b-f688-443b-8b30-1659d0429125,2025-12-16,3,1,Rejected
e9a36268-82a7-4e18-8b77-4913df9ac5ee,2025-06-06,1,4,Rejected
03339b26-6789-4a61-a38b-b1f322ac7441,2025-11-30,5,4,Approved
15acb32e-3b07-4aeb-8bc9-28a515436334,2025-02-22,3,2,Rejected
4bbe51a8-9b91-4cd8-8c46-32c1db193744,2025-01-22,4,4,Rejected
0fd0c173-56b3-4694-ac9d-a3aa56a9d34b,2025-07-24,3,4,In Progress
656688f6-0f54-4398-b46c-6e094b0d87e2,2025-12-12,2,3,Approved
35a9ac2e-da3e-436d-808a-20a16790b80a,2025-08-18,2,2,Approved
23291781-292a-40e3-b812-efb12fe4a9ea,2025-08-26,1,1,Approved
ce869f38-4fe0-4077-af5c-b96a61675f58,2025-04-09,5,5,Approved
a12bc1ad-0ea7-4f2d-b025-c424837e5520,2025-06-19,5,3,Approved
4d42d4b7-b5c6-41ac-ae96-379e16814e5f,2025-08-05,2,3,Rejected
5f3aacd5-8de4-4597-997c-cb6f3052e118,2025-04-07,4,4,Rejected
cc05d4ce-d2c0-44ff-b015-e21483a76142,2025-01-13,5,4,Approved
4fd1081c-feba-4211-9c7d-e667d98aff2a,2025-09-06,4,4,Approved
d88cf6a5-6dbf-4868-bb2e-24d5e90651d5,2025-11-19,4,4,Approved
f44b8c1b-d8eb-45e8-8d9e-4c1d55a88853,2025-08-09,2,4,In Progress
4713db25-d957-4997-a930-cd5e228b3e0f,2025-02-13,3,4,Rejected
b135cab6-6069-4986-8fcf-4de6f26065e2,2025-11-01,2,1,Approved
299c41f8-025e-431c-8983-feda282644f8,2025-12-31,2,1,Approved
22f0a828-4bf2-459f-9973-edf1994e702d,2025-02-28,2,1,In Progress
b78eaef6-5281-46ce-83d7-84f4c86da050,2025-06-25,4,1,Approved
fc29cfc3-278e-4cc0-9117-98337ace593d,2025-03-10,5,4,Approved
2a78b7cb-b9b7-4eab-a3fd-799bbe94fa55,2025-03-23,2,2,Rejected
1a3ae02d-793b-46cd-9bd0-81f282daea96,2025-09-26,2,3,Approved
f1a1313d-b9f4-4729-8240-942390ad1eb8,2025-01-28,2,2,In Progress
0268a8ad-9158-4808-ada6-58a1aee31ac8,2025-04-14,3,1,Approved
a81e5d2f-3d4d-4b8e-b505-44c77b86c1cd,2025-10-08,1,5,Approved
934b8db2-c8a9-430e-b172-61608a12f34c,2025-09-19,1,1,In Progress
bb9df7a7-f6bb-401d-bd6e-7fce8f6a4cc5,2025-11-03,2,5,Approved
0f1e70fd-1572-43d4-a45b-bd5764227443,2025-04-19,2,3,In Progress
c3a418c6-8cee-4a71-97df-999cd383f24f,2025-05-09,1,2,In Progress
a33ee502-9166-4586-bc8d-c263fdb0a602,2025-03-20,2,2,Approved
911b3d75-779b-486c-8d6c-6cef6a410ec9,2025-10-28,5,1,Approved
8d5b8b6d-0530-4649-b752-ac5870c11e09,2025-11-23,3,4,Approved
485b03c6-7892-4570-9c18-a0af1b82a423,2025-04-06,3,2,Approved
788e21ed-2072-409f-8aa1-3cf76da167e2,2025-06-21,2,1,Approved
650ae35f-b1bd-4b17-a7f6-9470ee280d6b,2025-09-21,5,5,Approved
3439af2e-3d48-4a7b-8ad0-8e53f31c27cb,2025-02-15,5,5,Approved
3731edf1-0adf-42f4-bb57-768e4b9ac66e,2025-07-22,2,2,In Progress
80357b5b-afd5-415f-97bb-d0e865ecf457,2025-07-02,5,3,Approved
11b7439a-cea3-4540-bdf6-200b1edc088e,2025-03-07,1,2,Approved
0e7cb66a-c811-41ea-80c1-0f3ed4045304,2025-02-10,5,3,Approved
fc4ac7b4-bbd4-473b-a22e-f6d3574d42b0,2025-08-10,1,1,Approved
24b632e9-8c75-4a89-9157-36cc5fe8a770,2025-02-23,1,4,Approved
818cecfe-1623-429f-93fb-069a45270048,2025-06-03,5,4,Rejected
ee08c691-84c4-4322-8db3-05e179869e7e,2025-06-27,4,1,Approved
a68925db-e529-4edf-bf1c-b0e03f852f3b,2025-08-20,1,2,Rejected
860e3c8c-b832-4880-b11b-1c17604b33f4,2025-12-12,1,5,Rejected
b08afb65-8eb7-4e39-964f-5e2fa87877e0,2025-05-22,4,2,In Progress
e2159113-db1e-4206-b4ca-1253bdbea355,2025-06-06,4,2,Rejected
bd550fbb-2493-4cbf-9b97-97a18ca1827f,2025-05-14,4,1,Approved
83229a19-9f4b-450d-8b0d-7efdb248769c,2025-09-02,2,1,In Progress
d30b17d7-7954-43d5-bd00-1d94e7199652,2025-04-09,1,3,Approved
d1347908-531b-46f9-9f94-29553045952f,2025-07-07,3,2,Rejected
f642395f-48fb-4de8-9c10-924e20edb166,2025-05-08,1,4,Rejected
6181501b-eb4a-431d-a254-34210be37a0b,2025-11-08,5,2,Approved
f9bb0e45-1404-4974-9721-0c28058a9ce0,2025-10-16,5,5,Approved
94d06bb7-a20c-4fc5-abee-4fdae12159a4,2025-08-29,4,3,Approved
99c33191-e9bd-4db6-98e9-5a4875395f86,2025-09-26,4,4,Rejected
7007fa3c-b0ea-4d59-921e-aa63de0e5f65,2025-11-06,1,3,Approved
1deced8c-e6e4-42e1-b2f1-d1e3e873ef49,2025-04-27,5,5,Approved
4f6783c0-8855-4e37-b953-4b6a9b1ff20a,2025-11-27,3,2,Approved
6d45b954-51ac-49f0-9910-ecea81f7c60a,2025-01-23,5,5,Approved
19d83de3-4862-48df-930d-e14cb438b3ba,2025-01-25,2,4,Approved
5af294aa-2c04-461c-a4df-a3863ced3b29,2025-02-01,5,4,Approved
2f268f4c-2f87-4de3-86f8-1a0e05991209,2025-02-12,4,1,In Progress
349174b9-6361-4143-88b3-c0136021e44e,2025-04-23,5,3,Approved
41bd3efe-ea6b-48c2-a718-71464bccaa3a,2025-10-29,1,1,Approved
33b21f48-6a3b-4b77-870d-5df0718e3fc9,2025-07-09,4,2,In Progress
256e3a01-6ba0-456c-9fe3-25da8722608d,2025-10-11,5,4,In Progress
9e4518c1-674e-42e6-ad4b-76d46b682d1c,2025-08-23,3,1,Approved
9e42693d-ccdc-486a-b697-d49ef7e65c39,2025-06-21,3,4,Approved
24d2bddd-f02d-4a06-a0c8-18d65557853c,2025-07-06,2,3,Approved
17cd7d06-cf1c-4052-85f0-34a90a3d3509,2025-09-04,1,5,Approved
cd04da34-4f2c-4cb0-806b-7491c8f7f943,2025-01-06,2,3,Approved
885333e7-f8e6-4d17-b363-de5b8087a2c3,2025-11-21,4,2,In Progress
2d648485-b74f-4e1f-9f35-551a72f5be09,2025-09-20,5,4,Approved
d460ef3d-92a0-432e-b8e4-d9c7f97dad04,2025-03-14,1,2,Rejected
a9138d19-7825-4fc3-a1ab-6ee3ce0f336f,2025-01-10,3,4,Rejected
4cb63604-d278-4d02-b093-c932f40c421d,2025-11-17,3,5,Rejected
38260133-664b-49ce-afd6-be14476c8913,2025-02-17,4,1,In Progress
523cfde6-0005-4fd3-950d-895be73240d8,2025-05-01,5,1,Approved
05b062f3-7717-48c0-9216-8877f1ed2350,2025-12-20,3,3,In Progress
427766f6-ebf1-44eb-a86a-9817761a7e79,2025-12-21,3,5,Rejected
711a435c-aa78-414b-afe2-1fc553188e83,2025-09-08,5,1,In Progress
533ee932-7b4e-4a3d-b260-ae9878d5cff4,2025-11-15,5,3,In Progress
7fa51113-0826-414b-8df3-99db434b2c28,2025-08-19,2,5,Approved
b6965382-2397-490e-bfce-741dd5a54739,2025-02-20,3,1,Approved
c02fffb8-6133-4cb1-b4c0-fc47a4a01bcb,2025-06-06,2,3,In Progress
4568940f-262a-4dec-8485-33d46d3a5b6c,2025-02-27,5,1,Approved
28ca2679-c035-47dd-ac9b-6ba119f1bc32,2025-05-19,4,3,Approved
3778032c-2996-4b0b-96fa-f6def9d10ed3,2025-11-19,1,3,Approved
9dd1c046-8630-4f30-8f5e-424991be30dc,2025-10-25,4,1,Approved
4e4af1cb-dec1-4839-8b71-c4d15f99f346,2025-04-08,1,5,Rejected
6d4f59e4-fb58-4875-a767-81f55688593c,2025-10-20,2,2,Approved
fd928ebf-1a83-4881-93cf-7c35924cf12e,2025-07-15,3,3,Approved
803ac3d3-2a4b-4c7d-9765-6e54ef1b1bda,2025-04-06,1,4,Approved
133ed327-d276-4b59-a125-eb7e8f9e2a41,2025-08-18,2,3,Approved
fb5f5523-cc2d-41b1-9490-37b9c75d6711,2025-12-09,4,2,Approved
8c27c712-0227-4b2e-b0b1-2712d71c874a,2025-08-08,3,3,Approved
872bb5f8-5b65-4a36-b5d7-e803a4ba8ebd,2025-12-03,4,1,In Progress
b7b605e8-9d45-48c2-b47c-026b433691e0,2025-02-22,1,3,In Progress
399003b1-0fad-45e3-96e3-4e4da500d600,2025-01-09,4,3,In Progress
14564e7a-8d39-4c16-bcfb-df568b649a47,2025-02-21,2,2,Rejected
758db1aa-ab76-452c-bc09-225c2c1a7b1f,2025-06-14,2,5,Rejected
85f5488c-fdeb-46f7-811e-7361d2f72f6f,2025-06-13,1,5,In Progress
932f6964-eb2a-4f34-8a82-9093251e831b,2025-06-27,4,5,Approved
77d00990-084f-4a2d-aab2-48c32bf36545,2025-12-08,2,4,Approved
c6f14b1a-81d5-4664-81e6-967ac82cb6d6,2025-06-27,5,1,Approved
b75322c1-d64f-4226-b4cb-8324a4158ae7,2025-05-14,2,1,Approved
bf56b33a-86fb-4bbb-b2b4-473b3568e3c4,2025-10-15,3,5,In Progress
b3d03c25-0cc7-4b34-b9e3-545ef14faec7,2025-12-14,2,4,Approved
e7e2c5f0-e963-4d48-bbc3-2c372dff0c12,2025-01-10,3,3,In Progress
09477727-6e5c-49f9-86b6-8281f43ffe89,2025-12-11,1,2,Approved
2cd6f310-acf8-41c7-9dc4-c612eba61db1,2025-04-01,1,4,Approved
ca88407b-e25c-42dd-9c9f-a508a3abd94e,2025-11-20,2,1,In Progress
563d6c63-f67b-4ae5-bf90-5d09608c2ad6,2025-08-10,1,2,In Progress
cf8974cb-0608-40df-880a-2b3aa27f6a9b,2025-09-29,5,5,Rejected
5361742b-6d1b-4f6d-b4f8-6c74cbf60211,2025-01-11,1,5,Approved
3de4795e-1912-4e1d-950b-76a86eb8121c,2025-10-13,5,1,Approved
e058fa8b-2158-4e26-beb6-6d3a862fa898,2025-04-23,3,4,Rejected
7b68335a-cd3a-46ab-bec3-666f20eb2053,2025-07-03,4,5,Approved
c520df61-41c6-4489-8bc4-47b9ef38d727,2025-03-29,3,4,Approved
3217a3ec-7344-4ed9-b87e-cea1bdbc54fb,2025-11-29,2,2,Approved
c9a770b8-7205-487c-9db7-85d588d93543,2025-12-23,1,1,Approved
9d17b495-bd46-4fa1-a047-14b961d9521c,2025-07-21,5,1,In Progress
8453972d-9f21-4d36-8509-c99966413293,2025-02-01,4,2,In Progress
a5b7efe3-91ca-4587-b6c3-a4f9e07a90ae,2025-11-30,2,4,In Progress
18d3c35b-a883-41f5-80ec-8650a47b5b38,2025-02-24,1,1,In Progress
71c0f835-83e0-492a-8568-b47b3a47679b,2025-09-04,4,4,Approved
ce1ea5ce-7282-4193-a162-5f07ac2762b9,2025-06-06,4,3,Approved
66223e29-a5e7-44e2-8512-d95a7a56ef08,2025-05-31,3,1,In Progress
18c6f64a-7c27-449e-9d88-bb43df332a6c,2025-11-25,4,3,In Progress
ab3aa924-8ac6-4f0f-b97b-5135807fa527,2025-08-27,5,2,Approved
2b518095-c085-45ae-9ff6-e3ad70487353,2025-04-05,1,1,Approved
02e7898e-4244-4028-a8ac-c2d9e0f35e0b,2025-02-06,3,2,Approved
30ecfd27-e22a-4c08-ab0b-fb1a89b362ca,2025-05-16,5,1,Approved
24125fd5-9f00-420c-b5ff-6bf2b02fb2a3,2025-07-10,2,2,In Progress
86818a9e-acb4-44db-8a09-be9ae7769be2,2025-07-02,3,4,Approved
fe51bc1c-c88e-45ee-a1c6-ad6b0ff78540,2025-03-02,5,3,Approved
fa16d114-f314-4868-92ad-894f9175f382,2025-05-09,3,3,Approved
51bd9656-7f32-4840-895f-ab4ad3c507b1,2025-01-27,5,1,Approved
6d408454-96c0-4cbd-8d7c-04747f029144,2025-07-23,5,1,Approved
d8a514a5-c107-4781-aa79-422c1d885edc,2025-08-31,4,5,In Progress
3ca82d48-a7dd-4342-8332-694670458f37,2025-09-20,5,4,Approved
63989f41-aa39-4b0d-8e7b-1ce391b92fea,2025-11-12,2,4,In Progress
6fd2bada-ecd9-4249-ae06-e3d4f4c77833,2025-10-11,3,2,In Progress
7437561d-2a69-4f64-9a85-1f370b827c5e,2025-05-31,1,1,Rejected
0c981797-83f1-47c7-965c-8ef13b4a64fe,2025-11-20,5,2,Approved
0175d74d-6165-4884-87d1-5aa0e434288f,2025-09-21,4,5,Approved
1eb70176-c376-472b-bae2-1fd718b0588b,2025-10-18,2,5,Rejected
26ad16dc-bdbe-4605-bd49-fabb33d11696,2025-05-11,2,5,In Progress
a20230e1-72e2-4d8f-bef0-c6ada7054d90,2025-04-04,1,2,Rejected
9d83b8bd-5611-47f3-bc37-3894570527b9,2025-06-12,4,3,Rejected
9b488206-2c6f-427f-a1ad-0cc1b144a5ff,2025-10-07,2,4,Approved
4d4451c5-0d93-4d4f-b51f-3db691a25d33,2025-10-25,1,2,Approved
a52b68d4-0de9-4b6c-aa2a-30e6cf2676fa,2025-12-03,4,1,In Progress
f8f8897e-c455-49e0-82d7-3b7ee410ad3f,2025-07-02,5,5,Approved
5861f2c4-d903-4a5d-a2f8-b0de9ed994dc,2025-07-25,2,3,Approved
c4f2afb0-94a1-45ba-838e-78a51271182e,2025-01-06,2,4,Rejected
5c57ce87-e144-430e-8636-ec02b8a36bd3,2025-11-26,3,5,Approved
29e85365-8ca4-4787-8cc4-638786e8fa0b,2025-01-31,1,5,Approved
4249a6d9-f1be-40fe-a8d1-fdda47b2955e,2025-09-22,1,2,In Progress
fe8dc63d-d5f7-42dc-8fc2-e24c987e7d86,2025-05-17,3,2,Approved
6fa3834f-364c-4e5d-8385-b1f21c19f975,2025-08-17,1,5,Approved
e19a0f76-c78c-4ba2-8c81-b01b860a3594,2025-12-31,4,4,In Progress
79c03445-0351-4da3-9dd9-2dc535aa5636,2025-06-25,1,4,Approved
a11d2361-4154-4203-8440-7949fcfb3777,2025-04-30,1,1,Approved
a0cd7b62-807f-4e2b-af98-10c965d1bea6,2025-12-05,4,3,Approved
0aeb76f2-b3c8-483a-943c-2b3844f5e8aa,2025-10-16,5,5,Rejected
86b072ae-3741-49c2-8e36-809e4580b428,2025-04-11,5,4,Approved
90b2df28-4b87-4b85-a08c-de28d4827e06,2025-03-28,3,4,Approved
af44f09b-9108-4e80-ad5c-d1769a25b2be,2025-10-31,1,5,In Progress
628c93d1-f369-47d5-a978-8b556e0a90b2,2025-11-09,5,4,Approved
5201c584-ee93-460b-b59c-de09b47b3155,2025-10-29,4,5,Approved
afcd7cba-4e37-4970-a213-762d2983caca,2025-12-02,5,4,Approved
04dbbdfa-ce6c-4063-b0d3-c77f63a04766,2025-08-07,5,3,Approved
12d7a998-2cf8-479c-bfa6-da305f14d24e,2025-10-04,1,4,Approved
1b3e29ba-31c4-4284-a97e-4441474b7f26,2025-08-12,5,1,Rejected
331bac5a-7300-4a3c-a49b-a0d5e3406fc4,2025-10-05,5,5,Approved
3860a19e-c288-4cbc-8ac7-e11e9527e73e,2025-05-28,4,4,Approved
85000c42-4edc-43e3-9bf9-d9baa7100bd2,2025-12-10,1,3,In Progress
095603f7-ea19-476f-b085-8bee513abefd,2025-09-08,1,4,Approved
3029c9ab-e777-4dec-b17f-942d3e0f8ded,2025-09-04,5,2,Approved
17ef104d-d2ea-43cb-9b8a-362cb2b21093,2025-06-30,3,3,Approved
08340905-33b7-450c-b4bf-94cbd867abae,2025-11-25,5,4,Approved
d71950aa-0a7d-4b96-8182-492b7425f63c,2025-11-21,5,4,In Progress
38a996cb-801e-46ed-880e-5c9ed3a8f98a,2025-07-27,5,1,In Progress
52a62e81-6ae5-4118-a584-d31210c9f5d2,2025-09-08,5,5,In Progress
bfa4a233-a873-479f-9744-bb41ae9b0aa3,2025-09-09,2,2,Approved
bb49715d-3a7a-4f3e-9152-090919caca90,2025-04-22,5,3,Approved
26c553e3-b8db-4d2a-8e0e-47bf1ac90939,2025-05-29,1,2,Rejected
3d79d94c-df00-411c-9f29-59efa350329a,2025-01-09,4,3,In Progress
72494fea-21c2-4916-aee7-717c3b4e2951,2025-06-03,2,3,Approved
e7540aa8-a465-44cc-8fd0-b9ccf9575bf8,2025-03-26,5,4,Approved
37095831-26ab-4e48-8c6c-7dd32f9df8c9,2025-08-04,5,2,In Progress
c10fe620-7f92-4d45-b3ce-56da864e216a,2025-02-23,3,1,Rejected
ed6b394a-87cb-4613-8755-168e6245a99d,2025-12-22,3,5,Approved
ae1fd3ee-e943-4521-8659-270f03ad7f2e,2025-01-23,3,3,Rejected
0fd450a9-563c-4625-9d4d-cf6c4dc23350,2025-10-26,4,2,Rejected
5d446743-88ee-459a-9d4e-869a791fbfe2,2025-02-07,5,5,Approved
471c3ee3-692c-46ab-b74a-2660aa0efc30,2025-11-10,1,3,Approved
748ee98a-790a-48f8-9297-47b9f2b46b89,2025-03-08,2,1,In Progress
23a2e498-6de4-4810-a90e-987ac5008e61,2025-10-08,3,2,Approved
437e38cb-9cfc-4219-b166-c836e71159e0,2025-05-24,2,4,Approved
0e1c9992-e6bd-4328-a75f-a26d4490e1c8,2025-05-03,5,1,In Progress
25f653ff-f7bb-43c9-9764-7a0d3244ffb2,2025-03-23,3,3,Approved
30b131cd-25e0-4393-9928-8964933a20b3,2025-11-30,5,2,In Progress
71d2df18-2afe-4a2d-9b76-72dc1910c5db,2025-10-20,1,5,Approved
ef0a2683-6338-4c05-9cf7-d317cb62f5fc,2025-01-17,5,5,In Progress
682d3cce-e083-4cc7-bd5c-4f2091bd22eb,2025-05-31,4,1,Rejected
bac88359-5648-428b-a86d-1f269d0bb211,2025-01-18,4,3,Approved
b248e50d-993d-4aa2-99f9-c5b2c5ef02bc,2025-06-15,4,3,Rejected
becda1d5-381c-4d3e-9cca-5cc9bc31f750,2025-01-22,5,1,Approved
e99866c9-339e-461a-88a1-b8cb5e98523e,2025-09-16,4,3,In Progress
ceadb402-d4c6-4623-8db1-b736e207b0d7,2025-09-04,2,2,Approved
377783da-9f41-4b11-b2e5-7e57a8165877,2025-12-11,5,1,In Progress
29db6a9d-71a6-4aa0-b1f5-5bbbd2ab078b,2025-12-02,3,2,Approved
8b225e4d-fb81-4aba-8b3f-755b01d49eb4,2025-02-09,1,5,Approved
d19b2c61-5208-422e-8b49-925a78067fcc,2025-12-16,4,5,Approved
4244d514-8fec-44b5-8cac-ed12b92f4684,2025-10-14,1,3,Approved
e4b3b7bb-301e-4c90-84ef-0d73621feb51,2025-08-24,2,3,Approved
75326ca6-36a9-4338-82a2-c3cea7ee7b7f,2025-11-10,2,1,Approved
ac7f786a-831a-463b-a0e7-ccd9a28799b9,2025-12-04,5,5,Approved
4755d435-595d-4d70-92a3-bf6bb5458a2e,2025-10-23,4,1,Approved
82c330ca-ab9a-4a34-b3c0-653fbe5949e1,2025-02-26,3,5,Rejected
ef36db79-3055-4a85-9472-a0fd839684ac,2025-02-08,4,2,Approved
ec997e2d-6a01-477c-909a-4899efe654e0,2025-06-24,3,4,In Progress
6987d828-2b25-4181-81d1-64a18dd5aada,2025-10-24,1,3,In Progress
1faead63-c008-48da-8d68-61a5af6afdfe,2025-11-13,1,2,Approved
d58e9c23-ccef-48b0-b9e2-796671e358bc,2025-08-27,2,2,In Progress
b1643859-f7b4-4289-870b-aaa3378b53a3,2025-07-15,5,5,Approved
378f8b8c-9df3-4906-bd86-584c7ea7df51,2025-06-09,3,2,Rejected
42561a39-e99e-4d9f-8526-adacaef86981,2025-04-04,2,5,Rejected
dc6813d2-3d35-4c68-91ed-a2ad88f2a881,2025-08-10,2,2,Approved
1ba619e3-ac2d-4c17-abff-3804c245e550,2025-08-20,5,4,In Progress
b98ad06f-ea49-4035-baec-c0c9de21b444,2025-09-04,2,2,Approved
f921025a-c159-4d67-af48-f3ffa367703a,2025-10-12,2,1,Rejected
6f2261a8-2f7f-422e-8d7b-5cc7f855c7f6,2025-05-16,5,3,Approved
7201a59e-ae7b-4427-9268-ee3201c909ed,2025-08-20,5,3,Approved
a3327fd2-c0e5-416d-be73-da4a236599ab,2025-01-07,2,5,Approved
f1fe49dc-38c4-46f3-82c5-70e6236680ae,2025-11-29,5,5,Approved
89cc2246-8cfc-48e0-a7e9-8b0016ae6aba,2025-07-05,5,1,In Progress
05f1c04d-dbc0-4229-94a3-060727be4035,2025-09-29,4,1,Approved
787f234a-59c3-49e7-8e0d-4fe640b64b71,2025-05-07,3,2,Approved
3fc2e18a-68b5-45ab-bb0b-4b8c9abbd8a8,2025-11-20,2,2,Approved
d5fb20cd-432d-454c-a826-76674a0bdebf,2025-08-23,3,2,Approved
ce8ba113-d29c-49d7-b7b1-3512d7d522a1,2025-07-04,5,5,Approved
77b21554-ce38-48cc-bb91-87bcc6cf1995,2025-04-11,4,4,Approved
c6b4a2d9-b75f-453f-a32b-23802d7af2d0,2025-09-26,4,4,Approved
8b788c8c-da08-45af-812c-efd89536712f,2025-09-08,4,2,Approved
8f605f8c-e7a6-4499-8c39-859c82fd2c1f,2025-06-28,4,1,In Progress
56c3e559-89bf-4e6f-b12d-1708605c8325,2025-03-11,1,4,Approved
be017f6e-99ef-497e-9011-142207a8452c,2025-01-11,3,4,Approved
7085ca91-6228-4937-b39f-365036667a5a,2025-11-21,1,3,In Progress
b361245d-c764-4e8f-ac39-f6a058b0465a,2025-05-01,1,4,Approved
ec29c561-c492-4eb3-adb1-5417b2cb3868,2025-08-15,2,4,Rejected
8d4ed001-d771-46bc-8b7f-8939077b9358,2025-01-07,2,1,In Progress
8b821668-4608-468d-96b4-de93e87163b8,2025-10-23,1,5,Approved
b67ed99c-2c43-4ce9-8d52-1155cee3d7a7,2025-03-19,4,2,In Progress
c8aa0380-5406-4d05-a02a-08b4b6930a3a,2025-07-24,4,5,Approved
957333d8-22af-4304-b723-b9ac0779cf19,2025-04-03,3,2,Approved
4928d11c-074a-4a1d-b1bc-1b4b7c0ce29f,2025-04-17,2,5,Approved
aba052d2-aff3-491c-ba0e-576eb4678c02,2025-04-05,5,4,Approved
0fe44957-76d9-4cf4-863e-7a4dbe07c927,2025-04-08,4,4,Approved
941b2807-746c-4062-8919-4f1bd94522e9,2025-11-13,3,4,Approved
2e32535d-e8bd-419c-9eaa-f5e3e0fc7152,2025-03-29,1,3,Approved
34749a69-5e67-49af-b771-81514abeccf3,2025-04-22,1,5,Approved
85b7206c-e465-4723-b09e-a5a0c6ac2fd7,2025-02-19,2,3,Approved
e473b14e-37c4-4b47-916f-c03c9efbae5b,2025-09-07,4,1,In Progress
e5911457-b09e-4e83-a767-c29104a08f63,2025-12-07,5,4,Approved
e619da72-c27f-4055-ad60-c98d92839c55,2025-04-01,3,4,Approved
2d8885d0-73cd-473f-8775-6b260b48b641,2025-07-21,5,1,Approved
a75c8317-6ac7-44fb-9045-5032ff46f45e,2025-10-30,5,1,Approved
ca1a8da7-5a3e-4787-9745-b906e7350f4e,2025-01-21,3,3,Approved
c76f24dd-d904-4125-a63d-8e891bd1b601,2025-04-14,2,2,In Progress
55e57f03-e86c-435a-b0f4-6c7688f93150,2025-12-21,4,1,Rejected
03c15e08-c14a-4225-9f0e-314740efbcad,2025-11-25,1,3,In Progress
a373364b-3785-45f3-afb1-a421f698e38b,2025-01-14,2,3,Approved
8b354401-cb8c-40c4-9be0-bed42251f08f,2025-07-23,4,4,In Progress
0d32315c-14bb-4450-8e97-f9e320736cca,2025-07-06,4,2,Approved
bb26fc42-f46c-400c-99e2-de2e8c31e9e3,2025-06-10,2,4,Approved
df07b6f0-b9ef-481e-8933-bebc33ce9b9b,2025-02-22,4,4,In Progress
f429be81-2ae3-4ab9-9aa6-a2bac8d82058,2025-06-21,3,2,Approved
0ddf6ba6-49c6-469d-ab37-659936afc672,2025-10-18,2,1,Rejected
87772f42-0f2a-449d-9cc4-70889b6f25d0,2025-02-20,3,3,In Progress
ce3a02e3-f97a-41a9-a444-82f61f5a3e98,2025-10-31,2,4,Approved
fb4e7d85-591f-444c-b15c-64b79aa36097,2025-09-11,2,3,Approved
f50823c1-8da6-4ea8-8023-cc977648ffed,2025-06-20,2,5,Approved
17a0ae09-0cd6-4238-bfb8-b34eb82c6b3b,2025-10-26,3,5,Approved
793baa3d-2591-41b4-ac5f-4b2be481e32c,2025-02-25,3,5,Approved
e74316c0-a077-45fb-90ab-83dcb3aea1e5,2025-05-26,1,3,Approved
2d33fb79-8071-4a1b-bcc8-ea170f7c9892,2025-09-16,5,5,Rejected
652633ee-9775-48c9-9491-3f0ae00110eb,2025-07-04,3,2,In Progress
c4470f57-7de7-4a9e-8e47-313284cf29ca,2025-03-13,3,5,In Progress
757361f0-3889-4024-90c4-834a2a373668,2025-12-05,2,2,Rejected
806b4683-cc8c-4ba2-9511-053aea5c770c,2025-12-30,1,1,Approved
fb063f9f-5f43-434b-a7f4-d23bc4daba56,2025-01-03,5,3,Approved
fdb44a58-7ec7-4071-9507-a59b28dfc184,2025-05-22,1,3,Approved
4e6e937d-3d0b-4e68-a7b4-6ec532a5be3c,2025-01-25,5,1,In Progress
6d650b66-4235-484d-9fae-14fe429eec58,2025-06-08,3,4,Rejected
80a3c8f2-996a-4bb8-b3e2-cfbb93875b83,2025-03-25,4,4,Approved
a3999353-0674-48ec-b45c-a478769085ca,2025-03-07,4,5,Approved
224886d7-5857-42fc-83f5-4e1dbeabc747,2025-09-20,1,5,Approved
1a9a19b2-1478-440e-8252-25d3e7f973cc,2025-06-08,3,3,Approved
efbe6d10-f223-4e7f-ac47-773db03d3884,2025-05-18,5,1,Approved
07d4ea18-fa4b-4071-86fa-b29d8b4417b2,2025-10-08,1,1,Approved
ecfb81f5-45d1-4a6e-84f8-1c03bdfb9f0b,2025-08-27,4,4,Rejected
12b85514-bd0f-4472-aabd-e81a43087e4d,2025-07-03,3,5,Approved
dae13d41-792b-4d96-ad5e-951bd463195b,2025-06-01,5,5,Approved
36e6910e-e682-42ee-a703-72ad3ef24c1a,2025-03-25,5,3,Approved
d3d627ce-ce55-45a8-bb74-f15de4620ab5,2025-03-19,1,3,Rejected
25bc1417-1c06-48fe-908a-e442e7cf1e67,2025-02-02,4,5,Approved
dcb5cd33-9c03-4a33-b81d-33ae9a0f14d9,2025-12-06,3,2,Approved
1373097a-de82-44a3-8e13-b9e2bf3530c7,2025-10-23,1,2,Approved
0600b9af-487a-4c82-88e4-c8265ae77c0d,2025-02-08,5,3,In Progress
e5b0df5d-26f2-4f76-a003-0080182834d6,2025-09-08,2,4,In Progress
39327edf-2cc2-438e-8de5-5d6dd393fec5,2025-08-06,4,5,In Progress
dc1983eb-eee7-4402-9641-f4897f2d0565,2025-11-29,4,3,Approved
6526cc0c-c087-4ffb-b533-7edd28d4dbf9,2025-08-07,1,5,In Progress
5bb24b5c-728f-49f1-88c9-bdde6aaad8de,2025-11-06,4,2,In Progress
50f61ca9-dad1-4781-bb24-83c7f1df2084,2025-11-29,2,5,Approved
c9ce8c57-ca83-4255-91e7-a1c34adc427a,2025-07-26,5,4,Approved
241d5544-9a91-419f-9970-ba81660139cd,2025-03-29,5,2,Approved
4e444ee5-5a2f-40db-9bdf-94f6fad927a6,2025-12-30,1,4,In Progress
16c02cb1-b0e9-4f62-8b3b-9f62aff840c0,2025-11-23,3,2,In Progress
c0b7fa9c-bac4-40d0-a8c2-59ddc106a8c7,2025-11-07,5,2,In Progress
0a951566-8e45-4d5b-8a05-7ae9811b76e0,2025-06-19,2,5,Approved
f199150b-e732-4511-84a7-5dd85146bb0f,2025-02-03,4,2,Rejected
6bf7b791-62dc-4ad2-918d-04e560e67a42,2025-04-24,5,4,Approved
abf45912-ebe7-4850-a4a0-e17d08798cb1,2025-03-30,1,2,Approved
81a6d882-8a89-45fd-b88e-01a101f0e6f0,2025-10-02,1,2,Approved
1efd4709-f8a3-4d9a-a4dc-a469837e706c,2025-01-20,2,1,In Progress
21c5e46b-bf8c-4645-a2ad-82776f61ea3b,2025-03-09,5,3,Approved
43492505-32a9-43a8-8ea1-63baad87dc3f,2025-12-15,5,4,Approved
3084678c-5458-49d2-a844-4af96b52405c,2025-09-28,2,3,Rejected
ec5d1239-daba-48ff-95bf-531d65f8dfa4,2025-10-17,5,1,Rejected
3c5092cf-7ef3-419f-8239-8ff5325f5949,2025-01-14,4,5,Approved
705151bb-35c1-498e-a1ad-00d7f23001c0,2025-01-17,1,3,In Progress
5c7ad11a-433e-4d31-ae0a-63ccf876d8d1,2025-01-25,1,3,In Progress
5fd4ff91-992c-423c-a23f-d3b31baa9437,2025-11-01,2,1,In Progress
0e89def4-0d07-40a0-8f43-dddc10bb21b8,2025-11-16,5,1,Rejected
09895712-4f0a-4217-9d16-f0f7ac6e729b,2025-06-18,5,1,Rejected
31657459-bb40-411e-abaf-f16667a2676e,2025-08-22,4,3,Rejected
81b74e84-9c3e-4307-b62c-abf304ae8da3,2025-06-19,3,5,Approved
5befa121-e0cc-4d0a-b406-8079582d59d2,2025-07-18,1,1,Approved
148a6aa4-b24d-45f6-809f-42c0f0b26c53,2025-10-05,4,4,Approved
880c43c6-4dca-4837-882c-0e2e3a396096,2025-01-29,4,2,In Progress
dbc1ec60-133b-4a02-b9f1-f27817ce3791,2025-04-07,1,3,Approved
e5c3ff37-34ec-4f94-af3f-4c1653949d0c,2025-01-10,5,5,In Progress
e370a557-c97a-41e2-8c9a-c9f6ab772675,2025-05-05,2,3,In Progress
7da06be8-32c6-4f30-b676-c78e9d347dc4,2025-03-18,1,4,Approved
ddc58f16-b0b2-459e-a050-b05259e309b1,2025-06-12,3,4,In Progress
cc05a350-bec4-4dd5-b1d7-4476e5b90381,2025-08-28,2,3,Approved
a7c05866-341e-4dfe-8f7d-7649e9c04370,2025-04-05,5,3,Approved
6d8b158f-c4ea-4921-8fd6-404ea0f811c2,2025-08-07,1,4,Rejected
20b8aca5-2458-4b7b-a861-b14fda0cdd5f,2025-07-27,4,1,Approved
45942a12-b544-4a9a-a6b7-839f2bb5f75c,2025-10-22,3,4,Approved
4e73f82e-92e9-4e8e-b5b4-d7c937c14798,2025-04-05,1,4,In Progress
a369a2e4-a7af-4692-b4c5-d9034dc5c887,2025-02-20,5,4,Approved
d205876c-7c63-4de0-b50a-51f2eb4098d4,2025-10-31,5,3,Approved
f1bca179-5cc9-4313-9fe6-611aedc90a7c,2025-11-26,3,2,Approved
4909fcc3-2486-4f52-9fc1-091dedd66094,2025-11-13,5,3,Approved
db1fc373-475f-454e-843d-3e5674b5735c,2025-09-08,2,2,Rejected
38b6079d-b0a6-465d-8d65-41c408d26f76,2025-08-11,4,5,Approved
930a76fb-ccac-4480-ab76-b352559e7030,2025-04-15,5,4,In Progress
fbfa48e8-a423-4cea-82bb-0fc4cb95ed80,2025-01-08,3,5,Approved
ae056390-7936-49e2-baee-3af13d775f3e,2025-10-29,4,5,In Progress
43c79246-f8cb-4987-aaba-5c254db2b4ac,2025-01-28,3,2,Rejected
cd638c7c-28d5-47c1-bfa5-62379a3a505e,2025-04-14,2,4,Approved
1befd859-c309-40d8-9d37-ee74ef60ddbe,2025-04-16,3,4,Approved
35ab9d3e-e3f4-4f04-ba0a-205edc935348,2025-10-23,1,1,In Progress
259bec04-4b5c-4349-9359-c21fe3c2ebb7,2025-04-09,3,5,Approved
8ba102b0-30cb-449d-b611-ad0d9ce3af30,2025-10-02,2,2,In Progress
12fcbfe2-1a1f-4275-a96a-e174865affd8,2025-01-13,2,4,Rejected
6616c737-6292-490b-b03a-6a0b0e6130ea,2025-04-30,1,3,Approved
5705577f-3168-4fb3-aabd-29783684bdcc,2025-03-03,4,1,In Progress
d05f64c7-9e2a-4e65-97fe-7eaaaf0e8e74,2025-01-06,1,5,Approved
3065d223-235e-4055-9028-158bf36cb4cd,2025-01-06,4,4,In Progress
adf73db5-d075-434a-b29e-97d98c99fbf3,2025-03-30,5,2,Approved
24032ed0-c4d5-4bc1-b7ed-cb8cd9e3fbf9,2025-05-25,2,4,Rejected
5ea937c1-0fc6-41b6-8f9a-cebad1ce79ed,2025-10-09,2,2,Approved
cb830ae2-edf9-4287-9c5e-7ea81cefbc6e,2025-05-02,2,2,Approved
ce4acfb8-b782-449f-a264-5c2e8c32e313,2025-12-03,2,3,Approved
0271ff40-41e8-4041-9cbf-80dcfcd03424,2025-12-09,5,4,Approved
6a829b1d-2eaf-4666-bf66-cb698b9ddeb7,2025-07-11,3,5,In Progress
d0c52acd-c873-4027-9d90-8f23a8b98f64,2025-04-24,5,2,In Progress
447eced9-32a1-47ef-a9ef-d74fd072cbf6,2025-10-23,4,3,Approved
6001ed59-54b0-4ae8-b631-d3a15201a854,2025-10-31,1,2,Approved
0d4d076f-157f-4c4c-bedc-be472d12d887,2025-09-13,3,4,Approved
ec4abf76-728f-4476-95d1-ccc171a1b086,2025-07-02,2,1,Approved
e987c8b9-f923-48f3-83c4-1f4b3f9ad8e3,2025-12-17,4,2,Approved
d4ab1760-11d8-4546-9de0-de2151d3f7e4,2025-07-06,1,1,In Progress
0bd1179c-a518-4415-867f-5198e629b19b,2025-09-27,2,4,Approved
23dc14bc-ff04-40d2-aa9d-ab9c835aab38,2025-11-24,1,4,Approved
01e92c70-bde7-44f2-a8b9-d60a5b34785e,2025-07-01,3,3,Approved
caba05c5-ecd2-4721-bd82-d40b22c41df8,2025-03-23,2,1,Rejected
4318158e-34c2-4031-a85a-fd76c1845160,2025-02-24,3,3,In Progress
03e442b0-9d7e-4bd7-87f3-0c0bbc33c97d,2025-03-02,2,4,Approved
b686fe4b-ff31-4c66-9004-c5be40fe9d81,2025-05-07,3,3,Approved
e115ec7b-af62-44ec-81e3-7369bfd30872,2025-05-30,2,3,Approved
4cb7aaf3-8caa-4f7e-bade-47ed3c324cb5,2025-05-30,1,3,In Progress
c14d956c-62bd-4c07-b424-09498792d019,2025-03-22,3,3,Approved
77f330d2-5935-4930-8ace-2809c1e6a922,2025-04-19,1,5,Approved
02ae5f02-f922-4b02-a290-a25e5de51a05,2025-12-29,4,2,Approved
66be678c-0584-4933-9546-a939d310121c,2025-02-24,1,2,Approved
cc6ee3f0-24ab-4f3f-949b-169d91a829e6,2025-10-04,4,4,In Progress
0063d00a-3544-4c5a-a96c-04d2895a613e,2025-05-04,1,2,In Progress
1c99489b-2fbf-483d-a4a0-12b20844d4f9,2025-10-27,5,3,Rejected
9f17f6e4-69d3-4905-8b0e-2f3e3311691e,2025-10-17,2,1,Rejected
7d6fedb0-ecaa-4e04-9711-42ea777fe05e,2025-03-29,1,5,Approved
02d32778-bb04-4d5c-a825-8a436241650a,2025-12-21,4,3,Approved
cafd5d58-d7ab-4dee-8a90-c2f4f3cf02f2,2025-04-05,2,1,Rejected
49056308-bb73-4e9f-9e12-981df17c40f9,2025-07-18,1,2,Approved
96d513fb-a9ea-4afc-88f8-996cf9f82442,2025-05-08,3,4,Rejected
df8569a3-3316-42ec-86c3-dd095e419344,2025-02-14,2,1,Approved
bbda2ff2-fc7e-42d5-8b56-6253da075e24,2025-12-25,5,2,Approved
39cea5a6-187e-443f-85a6-588712738599,2025-12-26,2,4,Rejected
832b8568-2825-410c-bd64-927cdd2ef182,2025-06-09,4,1,Approved
9b697b0a-8549-46e4-9d73-bf0c0ac70466,2025-01-31,2,5,Approved
72e7f3aa-100b-402c-a81c-aa6f78f3d470,2025-04-18,3,5,Approved
97970b6d-a149-4faa-adaa-f88d3aa673d6,2025-05-28,1,3,In Progress
a7c866ee-053f-43e0-ad62-79708715441d,2025-07-24,1,1,Approved
184abdea-a8b6-4d3d-9ced-cc7a9391653e,2025-10-23,5,4,Approved
84612292-884c-4f33-907e-991889bac5bc,2025-02-24,1,4,In Progress
48d08746-4071-48d4-9abd-80bc7907f0bf,2025-01-10,5,3,Approved
d148adee-6964-4db8-b1b4-0caf46a3cb52,2025-11-21,3,4,Approved
58cd5692-d946-41a7-a706-ceedda6bd3db,2025-07-23,2,1,Rejected
46a6f1ee-1923-4476-b72c-061e91907364,2025-03-11,4,4,Approved
67f588d7-1c89-4113-ab2c-9c3b65b340d3,2025-07-07,4,3,In Progress
f27a433a-d021-4c6c-9656-ddcdb8d5cb67,2025-09-18,4,5,In Progress
17078ead-68f1-472e-bfc8-2e6dc3b6eb29,2025-04-21,3,2,Rejected
df7f8f66-6f34-4f5a-b67a-41fc21a25c3f,2025-06-04,3,5,Approved
d870cf44-27ea-43b0-993f-2d03dd1c9afc,2025-06-17,5,2,In Progress
18ef2dda-9d7c-4cd1-80ad-5c00d7f772fa,2025-11-11,5,5,Approved
fc079032-ca81-4a68-8911-1622f7d11d1c,2025-10-27,3,4,Approved
896e718e-0891-4f69-a9f3-3aa9adf4e9b2,2025-06-25,2,3,Approved
cc7ad379-6077-4a2a-b761-e4505b6cf6fd,2025-06-21,3,3,Approved
f4ce2262-fae4-4966-b853-96e4a2d4b270,2025-06-10,4,1,Approved
2d9ff4c6-056e-4490-abc3-14a3a2b9bf13,2025-05-27,3,1,Rejected
f345c2a8-f85e-4a57-9017-48850fa3a324,2025-10-09,2,1,In Progress
18808f0b-6fe6-4a93-b7e6-f29f878980e8,2025-05-26,5,4,Approved
306d4df4-b2db-4381-abc5-0044a976579b,2025-04-07,5,2,Rejected
d6b4717e-4f37-434f-8858-e5dfd774d36e,2025-10-25,2,1,Approved
603e4010-4d92-4707-8f78-2fed939ede96,2025-07-14,3,2,Rejected
457a0f7f-7307-4555-83d9-fdff532e2549,2025-07-05,5,3,Rejected
90260e46-af83-4460-a34a-5f8762562e58,2025-10-03,1,5,Approved
1edfea8d-d465-4319-9bdc-252df544d618,2025-10-14,5,5,Approved
b1136fab-8d84-4cea-bcbd-6f9316ccf640,2025-02-20,3,4,Approved
0932adec-7c16-48b2-a493-b39cdbf382a5,2025-10-15,2,1,Approved
5ae92e81-23f7-4f4b-8c2f-832ed40ac1df,2025-07-10,3,3,In Progress
b946206b-4d8b-4347-a08e-9e5f80641fc7,2025-08-08,2,1,Approved
4a83f119-a660-4491-b62e-2c635d832e94,2025-07-27,4,5,In Progress
14144f12-7846-4494-98b1-0ae472f0a11a,2025-11-03,4,4,Rejected
dd2713bb-e4ed-4460-9568-d0283344141f,2025-01-15,3,3,Approved
475878c5-2ceb-438b-af7b-1a4260fdcac4,2025-07-11,3,2,Approved
404c9be0-e6ac-492d-95c8-add677651876,2025-11-09,2,3,Approved
25042220-edd6-4a7e-b3ef-3a2f9fd7059c,2025-03-23,4,3,Approved
70842585-9ddb-4534-81d7-ff46adcd7a55,2025-05-16,3,4,Approved
4846407f-cbc3-4bdb-a8ad-42a1d7e5ca9b,2025-02-16,4,2,Approved
ee6f665d-0d35-47be-b6f9-311a8d453745,2025-02-27,4,2,Approved
ee43e50b-d62d-4cc1-b981-461f9dfdcefe,2025-05-14,1,3,Approved
b22f26d0-878f-41d6-a091-77fc3198ba78,2025-03-16,1,2,Approved
824ee621-eda2-4927-b074-4141955afc85,2025-05-30,4,2,Rejected
e0375c00-94f4-40d9-b086-055f6906ece1,2025-05-25,3,2,In Progress
6d254277-a462-486d-b17b-008ceed7b1b1,2025-01-14,2,4,Rejected
286c3c40-1387-48d8-8778-8d977a6d7931,2025-12-18,5,4,Approved
2ba1b022-1d0b-4b26-bf4e-00f6f907bc2f,2025-08-09,4,2,In Progress
81eec84a-deb6-4ad0-bf9a-a21cdb112ca5,2025-10-12,4,2,Approved
1d372cef-5d98-4af1-9d3b-49c36d3e52b4,2025-04-21,3,4,Approved
db26c2dd-6679-49d4-a6cb-2d59d736fcfb,2025-02-02,3,1,In Progress
4379b6e2-ab3b-41f2-a566-521f11e39b4d,2025-10-28,5,4,Approved
df5a12c5-c783-408e-b191-1249de36a1be,2025-09-06,2,3,Approved
b4183bbf-003d-426b-8c72-a08daf93fbab,2025-06-29,5,1,Approved
e6a29203-be3c-45c2-ad3f-db54fe87fedc,2025-01-14,3,2,In Progress
0d2f3e4c-994a-49a5-8f26-e9a997cbc2ef,2025-05-03,1,5,Approved
cb7e6a0c-448a-4f12-b3b1-279b54aa8f6a,2025-01-20,5,3,Rejected
4f4f6371-8eb4-4176-a1a9-7cac9de0803f,2025-02-04,2,1,In Progress
8b8709b8-73ee-418d-9f1a-89c29ff3d1ef,2025-06-10,1,2,Rejected
6983de6e-46bd-4150-95d6-b6bd2ab63380,2025-06-23,2,5,Rejected
1221fdd9-33c0-42bd-b021-e9aba6528ea3,2025-02-20,4,3,In Progress
49892d5b-4062-4362-9b9c-3cd8832430bc,2025-11-02,1,1,Approved
f95b66da-6846-4291-9d02-b193c8bae700,2025-03-23,5,4,Approved
2b58cb10-7712-438a-8319-4cc9ea5ca229,2025-11-23,4,2,Approved
91072fc4-db08-4666-9108-d34de9b765a3,2025-05-05,5,5,Approved
2b2e47de-bd49-491e-954f-d3dd6cd1c408,2025-02-24,1,4,In Progress
a71186ad-b678-48b8-88b8-e7105c57fbbf,2025-07-28,2,4,Approved
a5d69219-adc8-440c-b46c-1468bf59fc83,2025-03-22,1,1,Approved
3ed95cd8-3ff7-4dd4-ada2-85b5e88d1294,2025-09-16,2,1,Approved
f61cd72a-2f44-4626-9a57-c99066a29240,2025-12-26,5,4,Rejected
5c6e0507-94d4-4961-b3ee-88b34a1d5086,2025-04-17,1,4,Approved
127179b2-1421-4b89-988b-f6fd97ff1fd5,2025-04-26,2,5,Approved
5082a2d9-b950-4cff-9ff9-9a871aa39f47,2025-04-01,3,3,Approved
44b7fd0c-ca4e-4dcb-8b41-cda01703da2f,2025-12-14,3,4,In Progress
25a9dbaa-6c6b-451a-bdbc-c2032a61b276,2025-04-11,2,2,In Progress
023ce59b-6ecf-46ca-b6c6-9282e1d28f66,2025-01-01,1,3,Approved
99a65228-4242-4ca9-93e4-33d8c024da12,2025-03-02,3,2,Rejected
9ab6afd6-571a-4b9e-af1e-f5f8245d420f,2025-03-30,3,1,Approved
4889d999-9063-4804-b9fc-7f57e1133356,2025-04-13,3,5,Approved
891c0753-d03f-4d81-a4e8-e06f86e0dc2c,2025-06-10,1,1,In Progress
092e7a1d-4a34-46e6-9b5f-47585b60d017,2025-01-16,4,4,Approved
a73a3eda-5508-43fe-86a8-7ee46c78c2c7,2025-08-16,3,2,Approved
1debfdf6-f216-44f6-b36a-3fd707d545f3,2025-06-04,3,4,Approved
4b183107-9c1f-4cad-b92d-a36074908743,2025-09-02,2,3,Approved
47692305-d074-4bb2-8c32-24a5a9b02d29,2025-08-12,2,1,Rejected
f711ef09-68c6-4659-bdca-65560fa3cf12,2025-08-21,2,1,In Progress
6001e390-f5ca-416a-9dcd-0cab1e7f8be6,2025-06-01,3,2,Approved
e17855a3-2936-44ec-836d-0bff74c1a3f3,2025-06-21,3,2,Approved
c106e467-8c43-4017-9dce-5c7c8d0413b7,2025-09-01,5,5,Approved
bff36b69-9533-47dd-8f58-dbb39363a69a,2025-12-26,3,1,Approved
d17f130d-868b-4316-8921-12400ad81912,2025-07-20,2,3,Approved
1b752055-0606-47fa-b530-d6a93386bfab,2025-03-23,3,4,Approved
2860cf60-d21c-4830-b908-a9bfa74ed780,2025-02-05,2,3,Approved
d6f2690d-c0e3-4dc2-9f71-198396cb744d,2025-11-03,5,5,Approved
ee6d8756-8f4b-45eb-9975-72ea6923df78,2025-03-09,4,1,Approved
26d40188-4dd5-44b7-becf-17834f577ef2,2025-02-26,4,4,Rejected
0db2b8bf-d9ed-4152-a48e-ded933443295,2025-03-12,4,5,Approved
a6c70a02-74ac-4496-b030-9fc1a1ac7a57,2025-04-16,5,5,Approved
fb840fbb-aac4-4f75-b72c-b26f99d6e5f7,2025-04-21,4,4,In Progress
a60a53e6-322e-4ab2-bdbd-dcf30e3972ae,2025-12-23,5,1,Approved
f901e141-a1bf-4b14-bde6-e677a2aa1752,2025-11-08,4,1,Approved
44f4f8ed-4652-4dcf-b5c9-b88bdc2a9516,2025-01-21,2,2,Approved
893890a5-f176-4884-9353-2c398e1c17b6,2025-07-26,5,3,Approved
05cf07c6-4a6b-4e90-b1a5-a0119a9e7d89,2025-02-22,4,2,Approved
4d18f24c-a586-434c-b2cb-22be99b138e5,2025-10-02,4,4,Approved
624400c7-d8b7-4021-bd3c-89720ab2dd45,2025-12-13,1,4,Approved
9bd04195-7148-48f4-a1ce-8a43eccacab8,2025-06-30,3,5,Approved
d90c6a7a-8727-484d-ae29-9e01d991030a,2025-01-02,4,2,Approved
f2a6483c-6e99-4bcb-9acb-8f5ecfd296b8,2025-01-14,3,1,Approved
138f6ab6-4c04-4335-8fee-3912759a005c,2025-02-18,1,1,Rejected
57b49165-f531-432a-8a67-19169a937ea6,2025-07-06,5,1,Approved
13ca1536-af86-46c7-b3d0-e50c1df92db7,2025-02-12,2,3,In Progress
d7edf8c0-2776-48f9-8349-8f658f7e495d,2025-01-14,4,4,In Progress
42a1a3f0-dc90-4bf3-8c9e-45ebb2746a9d,2025-02-08,5,2,In Progress
2cbff4a1-039e-45f4-90cf-08f6b69a4cc8,2025-01-09,5,4,Approved
3b50746f-94dc-4485-8dae-0a6215bc4a03,2025-06-18,4,4,Approved
bb6fd0ed-9995-485a-8824-313a11799dc2,2025-11-06,3,5,Rejected
9bbde3fd-b2c4-48c6-a5f9-00a7fc1c9ad1,2025-08-21,3,3,Approved
9964f7a5-e495-4c48-9024-59d2d7bd6b08,2025-03-23,1,1,Approved
6965e8e3-58eb-4c5c-8c3c-077a3c6f4416,2025-11-08,1,2,Approved
08f47564-777d-4dfc-bc5f-30307f34bc34,2025-04-09,4,3,Rejected
2c42e876-0f5a-4c33-800e-096b229974e7,2025-12-16,1,4,Approved
a1e9bb3e-050b-4d34-bd6d-b56b17a1bdbf,2025-08-24,2,5,In Progress
32d59a9d-73e1-4814-8b1b-d4e572e86401,2025-02-23,3,5,Approved
aa87fbc6-06e3-4f09-989f-a1c7c39d3be2,2025-10-12,2,1,In Progress
9922093c-0d3e-4d9e-bcc8-870f66a84418,2025-09-17,4,1,Rejected
02e5db8e-60ee-4e5d-80b5-4a973c662397,2025-05-24,5,1,Approved
d32035da-fb29-404c-91a2-1cf5e3e99684,2025-04-16,5,5,Approved
9126ec2f-30e5-48b1-8a41-ad40d9280809,2025-06-23,3,5,Rejected
3ef32614-9d0c-4563-aef6-8331b9a7866b,2025-05-18,4,1,Approved
6577dba8-1150-42d4-b189-06e1e81595b0,2025-11-14,5,4,Approved
b56fa27c-ec98-4b37-90dc-f68818b8e598,2025-10-01,2,4,Approved
6d128166-0b10-45a6-bef9-7e17182b07d9,2025-10-26,3,1,Approved
c10a2c4d-03a5-4a89-8775-29d145077f72,2025-11-11,2,2,In Progress
30a0c9f2-0dd7-4c94-8cf2-35d05a06bb5d,2025-01-14,2,1,Rejected
02ee7a76-db84-4ce3-a205-9ac4365ea300,2025-11-17,3,4,Rejected
d7675aa5-1b2c-4eef-9f52-ad8373aa4056,2025-05-09,2,4,Rejected
627b17ac-89f4-4d63-9369-0a0a126847b0,2025-01-22,5,4,Approved
99f3f6cb-5275-4734-8148-f07b27dcc022,2025-05-12,1,1,Rejected
74746628-8c6a-4805-898d-1496575cfb39,2025-07-27,5,1,Approved
573f091b-2a62-4265-9497-9d5f9583eed9,2025-12-27,3,5,Rejected
dc957b4b-45ba-496a-8434-266888615703,2025-05-28,4,5,Rejected
dfdd832e-e998-4ff3-b2d0-23c35fe28150,2025-11-11,2,2,Approved
2265b524-fb2f-443f-a0b1-b77ec0f04928,2025-03-12,5,4,Approved
8557520c-b2c3-4968-8a35-44515af7e718,2025-04-09,1,2,Approved
6bc65842-b713-4c98-bc6c-cf208d4b4108,2025-04-15,1,1,In Progress
7216718b-44ec-4561-b364-ce2ed603e82b,2025-07-18,3,4,Approved
0d0373a3-a8c5-45e1-9135-dfaf41a4b5e2,2025-01-07,1,5,Approved
d6ee5253-13f7-4f1d-9a08-efcc8ae934c0,2025-05-26,4,3,In Progress
ed203290-0e1c-4ba0-a3a0-749be7e7d7fd,2025-02-02,2,5,In Progress
01766170-b044-480a-a3ee-fdd7843a8c22,2025-08-26,5,2,Approved
41725f07-2721-4174-8bb2-9214c0e1749e,2025-08-17,5,5,Approved
6880e72b-57d6-4309-acca-a7b5c7154872,2025-03-08,2,5,Approved
6f815d21-5c04-4b5d-8c87-830580f0f693,2025-02-08,2,1,Approved
fde72405-5b89-439a-822a-045f649d2955,2025-04-14,4,2,In Progress
02ade949-4faa-41b0-9299-4702e6e42679,2025-01-21,2,5,Approved
606c22a8-f331-4e81-9319-e228a7bd8b03,2025-11-27,2,3,Approved
8a37cc28-bea4-452b-9e6d-e960b289cca8,2025-02-27,2,1,Approved
422bc3f8-cccb-453f-aefe-581ef7767c35,2025-07-30,3,4,Approved
f5c06414-3cf1-4399-a4e4-d52e6233718e,2025-07-30,2,3,In Progress
5e012a38-61c5-4a85-b6d9-37b7a476fd86,2025-01-28,3,1,Approved
a1365a74-634e-4293-944a-dfd309e3f5f4,2025-09-04,4,5,Approved
20bf9ad7-2b20-4eea-8956-70d3682e5cbf,2025-11-27,5,1,Approved
def7cc0f-156a-44ec-9f16-744d4231cf9f,2025-10-19,4,5,In Progress
b42278d0-ee16-428f-899f-8659010b697a,2025-07-04,2,1,In Progress
5829b590-13c8-4103-b848-78c1c2da6e53,2025-06-29,4,2,Approved
c9819a5e-5047-4ed6-ad57-bf5703a9e99f,2025-05-19,4,2,Rejected
9f568d9e-7dae-454b-b9aa-8e65032742ba,2025-08-07,3,4,Approved
ad3e1f9d-3f20-462a-8a29-da4cb72e5e99,2025-10-15,1,5,In Progress
7b7181db-9a20-4650-8567-691ba5068e57,2025-09-12,5,3,Approved
b8ec48a4-c07b-4de9-8868-b8f11bcaaffc,2025-05-29,5,3,Approved
0cc9481e-06e6-4843-85a2-0f6b1d7aefef,2025-07-11,4,2,In Progress
0da890af-bb6d-4121-a3a3-a4d294392d4f,2025-11-03,3,2,Approved
c58ab854-16fb-48eb-9856-2dd985dce04c,2025-12-17,1,3,In Progress
57a200b0-170e-4429-93be-f4b10bdb7299,2025-11-05,4,2,Approved
b645e2dd-4064-4fa4-aeb0-f0d27dba5cb6,2025-06-12,3,4,Approved
087a0db8-672e-4c99-ae69-141164809f1c,2025-11-07,3,1,Approved
5c135763-e3bc-4914-96c8-6e80c35004e9,2025-03-02,3,5,Approved
31f9a232-1448-4a54-9041-d45c23879db1,2025-12-28,3,1,In Progress
92a0e757-4210-4289-a117-d339dc513f9b,2025-06-24,1,3,Rejected
2dbd8d47-2a00-4f31-8f5e-ac0e4b670b56,2025-02-07,4,3,Approved
7225df59-371a-4be8-bc3d-624ab2b1800a,2025-05-14,1,3,Approved
b70d771e-ad0b-47f3-bf4e-6736fd7df5f8,2025-03-06,4,3,In Progress
28778056-310b-4ddd-9eb7-88ce2cd1fe99,2025-11-03,5,1,Approved
72639857-af53-4cad-9545-1c4b1ddf3ece,2025-11-24,2,5,Approved
bf220cf9-b64e-4bf1-a6c4-cc9f3e8df8a5,2025-12-23,5,1,Rejected
23e5a634-7279-47fe-8671-04a9b0d56a45,2025-02-21,4,4,Approved
52b44976-ef41-4741-bf3d-19e847ac80d1,2025-04-13,5,4,In Progress
b377790a-5033-40d3-b7d3-fb46942ad056,2025-11-01,4,4,Approved
bc360f4f-c5de-48db-b751-9269287acc55,2025-12-24,1,3,In Progress
76cb602d-913d-4277-a534-ec1af06563de,2025-08-08,2,1,Approved
a4d375cc-a272-4d23-a7ff-4b85b19efde5,2025-01-24,5,3,Approved
cec25569-73d3-4a82-8735-d605286c761e,2025-12-08,3,5,Approved
6d771e71-3ab4-4914-9c80-d084f29792aa,2025-09-02,5,4,In Progress
36517603-21aa-4389-8c28-774d4c372514,2025-12-10,1,2,Rejected
04a98433-1258-4964-859c-b23cf3c9adbb,2025-10-08,3,5,In Progress
3c5a9ff8-9473-436b-9fcb-e503e4bd5612,2025-10-08,1,3,In Progress
cd6ef573-0a20-49dd-acf9-4b3930cb65be,2025-04-03,2,4,Approved
11850034-20c0-40d4-9c19-32bd62ac4d30,2025-05-13,5,1,Approved
357e2af7-4ea2-467b-a999-858adcb7755f,2025-11-09,2,4,Approved
15e0aef8-08cf-43a1-94fc-c1f9d2026b5e,2025-11-28,2,4,Approved
72f60332-279d-47f0-a8f7-715ceadd96ad,2025-07-16,4,5,Rejected
0c1927ba-8635-4a91-951a-8e40bde8fd2c,2025-02-09,1,3,Approved
ea506db6-f5bc-47d8-803b-b7ddbe9f42c0,2025-02-09,2,4,In Progress
f6027936-1c3d-47b9-9446-e530ee5c76cf,2025-01-24,2,2,In Progress
4f2e72c1-9649-423b-92de-9cd2f0ddf609,2025-03-05,1,4,Rejected
25f8ab43-09c8-417f-9fde-bebe6df1391f,2025-09-04,5,3,In Progress
ecc6c634-39e7-4aee-94fa-1c3ccb85c798,2025-10-27,4,5,Approved
814c6e5a-e29f-40bd-a4a7-9daed0cddfb6,2025-02-11,4,4,In Progress
e4e87800-a291-4d09-bcf6-66816e902558,2025-08-14,2,4,Approved
17b3fa27-ee41-4bac-9371-0837f1c7d20b,2025-02-11,5,4,Approved
4085bd70-ed00-42b8-bdad-cc03bd7679ed,2025-02-15,1,3,Approved
171289a0-eef8-4f3b-b9bd-84d361ea3fd0,2025-03-25,3,4,Approved
c87bfbc1-36a3-4dfe-aeee-97160ffd6e08,2025-10-19,2,5,Approved
d8109f82-2fd3-4b42-8d11-584eb76ebe52,2025-03-31,3,3,Approved
fa16cc59-efc7-46f1-bfea-b0cfad155d9b,2025-07-14,1,1,Approved
c9852a9e-6b19-442e-86e3-2a8bbdfaba86,2025-09-08,2,5,Approved
2572c7db-bc7c-4975-9574-65e45eb64d4d,2025-03-10,1,3,Approved
9647228f-c907-4009-b974-0b68b16eefba,2025-07-22,3,1,Approved
2fcbd18d-55e5-47fb-82d9-b74bef54425a,2025-03-03,4,5,In Progress
595223a4-3c47-4d26-973d-338b9d3b8f30,2025-07-19,5,3,Approved
b0c9bd29-849f-4a98-aca1-d44214846ea8,2025-08-06,5,2,Approved
f8dcc1fd-bde9-422f-80b4-06456916d099,2025-01-28,4,1,Approved
41bb1f6e-2136-4ed9-8e47-b58bdfbcb99c,2025-05-18,3,4,In Progress
1c3b4404-612c-4f44-9849-5fd352bb63ba,2025-11-12,4,4,Approved
8be65517-ece2-4e6f-b5d3-85304c83000e,2025-11-18,2,5,Approved
f90719a1-2dd7-4d48-bb8e-175e06173bd1,2025-05-13,2,2,Rejected
0e16655c-cae2-404e-87e7-bd7f501a48e1,2025-10-03,3,5,Approved
b09e058c-5634-4afa-8e25-53d75eda0568,2025-04-29,5,5,Approved
0b3b8832-2d83-4b48-87a7-acc8a5d30a03,2025-03-23,3,3,Rejected
7a57d717-9392-4905-9505-44104384d69e,2025-02-27,3,4,Approved
5432557c-59fb-4f43-b3df-0901e98f7633,2025-08-30,2,4,Approved
076a2f32-8b16-431b-9304-4f7efcd6be76,2025-07-07,2,1,In Progress
c8bfb716-72ab-401b-90c8-15eeae52f7e8,2025-11-22,5,3,Rejected
c49b46c3-6bba-459e-9f81-966b38c4af06,2025-05-21,1,5,Approved
1a3a191d-5094-4ce1-873f-51a2392a117f,2025-06-18,5,4,In Progress
f3ac68fa-06dd-41a7-9995-d173a55df92d,2025-10-24,4,5,Approved
6025a58f-4b76-425a-bdea-c997f3d35f1f,2025-10-30,5,4,Approved
292a2cc4-dd05-4e9e-9b83-b4f27966a70d,2025-04-20,3,4,Approved
35f99d7b-0009-481f-9952-b7033218daa1,2025-03-29,2,5,Rejected
af56cd07-363c-4c68-87a8-3012798e6f0b,2025-07-07,4,5,Approved
5a803c1e-71e0-4eee-9df9-c5b8d915a322,2025-02-24,3,4,In Progress
5f1bfb07-3e48-41f2-bd55-cb1405cda864,2025-02-02,5,2,Approved
c23d5305-11f0-4b17-bd9a-b7db2493e5c8,2025-08-09,3,3,Approved
433704f2-d855-4098-b4c6-3bfa461c7a7f,2025-12-12,4,1,Approved
5cf57df1-6078-4d17-8118-af89294e1a36,2025-09-14,5,1,Approved
2f78bb35-31e6-4f9d-92de-8ae16ebc606f,2025-10-10,1,3,Approved
fe7760f4-5026-4321-9d3a-471b6463d805,2025-09-09,5,5,Approved
a1f92336-1ff1-4869-b8a6-51db27bb8c4a,2025-02-10,4,5,Approved
c639965f-d0a2-40bd-a806-850b0d8feafd,2025-01-24,4,4,Rejected
d6c04b8c-8453-44fd-a550-9cda18e2c885,2025-02-04,3,4,Approved
0a0f0b4c-1ae4-429c-bd78-85436250ba3a,2025-09-17,2,2,Approved
0f4d9b85-b67c-4464-8405-5708f0a6cc2d,2025-02-22,4,2,Approved
446dda5a-731c-43e1-a70a-a2559b8fce58,2025-12-23,4,3,Approved
fed5ec56-ed08-4e38-9b20-45cf319682c0,2025-02-13,3,1,Approved
539da56d-e292-4318-9c1f-e36c51abfeaa,2025-06-30,1,5,Approved
64738dc6-03ff-4c26-833a-0f33de89cd89,2025-04-26,5,2,Approved
68ab8a82-2e8e-4e30-8719-d0807ed37f3f,2025-12-18,3,2,Approved
2325cdcf-437e-49dc-b02c-587c903b2785,2025-06-22,5,1,Approved
49e59938-0e6b-4dca-abdb-1a85e7ce14c3,2025-01-28,2,4,Approved
816ae1df-60a3-43d5-9178-f25fd216f584,2025-04-29,5,2,In Progress
1f071032-67ca-4d21-ba1c-f10dfe43dca8,2025-03-06,4,4,Rejected
1b4932c5-a8b2-4e24-9db9-44fc5eb9ca3e,2025-10-22,5,4,Approved
3e57bc2d-1afe-4277-9895-918ebe6cf993,2025-07-01,3,3,In Progress
b5027fd0-6c4b-4ba0-9c31-c17eef2567dd,2025-08-11,3,5,In Progress
a5f3d2d4-9872-4adc-9916-41e9d4189a2e,2025-05-30,4,1,Rejected
1f6ac8a6-fddd-4f2a-b813-6928df22f17c,2025-11-10,4,2,Approved
d15d7d07-fd82-4f33-aa62-c25522245a25,2025-05-28,1,5,Approved
9982d38b-51b3-4644-8af0-0dbf604e4806,2025-03-10,2,5,Approved
2d22597f-5bc4-4ed5-a726-6d353d4a4789,2025-03-01,4,3,Approved
e98d3c54-a91a-4307-8278-5dd67d0eeb08,2025-12-29,5,3,Approved
4e47bab7-72d5-484c-8b8b-26b75e84e5ef,2025-10-12,5,2,Rejected
adff6a28-abb8-40b0-bf2c-2ccc0846f3c8,2025-12-27,5,2,Approved
e4e9ce8a-0608-462b-872f-57f0baded951,2025-05-28,5,1,In Progress
7ec87fa2-c4b9-4a0a-af72-f73dd8d9ea28,2025-05-31,2,2,Approved
24dadcc3-a551-49d3-bc1a-aa3008568fa2,2025-10-13,4,4,Approved
8a12912c-6038-41e0-8810-968d8939974c,2025-12-25,4,2,Rejected
42d5d55c-bf48-4db0-9e89-8384306cc40b,2025-10-10,1,5,In Progress
63272efe-9314-4584-a503-34ac9da54482,2025-02-22,4,2,Rejected
67ada878-6b42-4952-ba70-3e4cd8866dd4,2025-01-07,2,3,Rejected
428c0f26-9b74-4fe9-b6d8-2ad1ae0f1bd6,2025-02-05,3,5,Approved
530ddba8-8297-4ec3-97dd-e69df72d93b6,2025-06-18,1,4,Approved
5d6ceb82-be13-4cab-89d2-dce28ce063d8,2025-01-11,1,3,Approved
99fb61d2-67d1-47b2-bca3-790f6f2dbd88,2025-10-31,1,5,Approved
1aa00c68-0af0-4fce-9ad4-403e6e0c6e86,2025-01-13,1,3,Approved
539dac82-a4b8-4a5f-a8b2-4bd1ee5b4369,2025-05-13,2,1,Rejected
7bfe1d74-a763-4d0a-ae3d-760738ce0cb0,2025-07-30,1,2,Approved
cb6b7904-f1fb-47bb-bd79-f7d9ffb1e7bb,2025-12-17,1,1,Approved
cf250540-7704-445c-b551-54b9d91c4909,2025-12-02,1,4,Approved
649456d8-2dde-4e7b-a0d8-77bf01d51524,2025-03-05,5,2,Rejected
75a47e24-f9be-4a68-8edd-47977f82cb2d,2025-05-14,1,3,Approved
7ad8a9f0-9615-4294-921b-d2aaaa21af4b,2025-06-23,3,3,Approved
d7538340-8a82-4d18-bf68-e2df2a32fb69,2025-05-11,5,2,Approved
88d1ab9e-0cbe-4846-be42-a355f5e6d1a1,2025-07-17,1,2,Approved
6ea0bd49-e36c-491a-8469-fbb3950651cd,2025-01-13,2,1,In Progress
943d2e37-8a5c-4430-bc05-b2b92f86da91,2025-07-17,4,1,Rejected
d2d48975-89c7-46e0-9817-29ca0aedb536,2025-09-13,2,3,Approved
f2e7f822-4672-4d93-b590-918bdafecc84,2025-06-27,5,3,Rejected
86b58ac7-1a42-4b60-8394-b7c36b41c283,2025-05-10,1,3,In Progress
93f684e0-e843-45e6-8fbe-7cc3faca0f28,2025-06-28,4,3,Approved
b8d83645-a7e0-4fb1-a42b-60bafd2a0207,2025-12-27,1,5,Approved
2a53fd45-3801-4f90-a0d1-e5cf45b063c1,2025-02-24,3,1,Rejected
beb5703f-eeba-4b1e-8872-e5b98aa7c0c1,2025-04-10,2,5,Rejected
a230c0cf-1ff7-4a31-b5c7-886d8544f556,2025-06-12,4,3,Approved
86d0efc1-bdb4-4084-a695-09e3223432c1,2025-04-26,5,5,Approved
39101ea4-7127-4f6e-85d4-8a7b194c6cf8,2025-04-11,3,5,Approved
b4813f7c-cf10-400f-80fc-c5f068c1db95,2025-12-16,5,3,In Progress
04f03429-e18b-4d13-a629-617f4e8d666a,2025-02-10,3,5,Rejected
17377e9c-fc8b-453f-891c-cda0ed00d01a,2025-04-19,2,4,In Progress
35df6e01-269e-4b09-ba94-861d8f0ccb0f,2025-05-17,5,3,In Progress
8f64fae0-f9a4-4f6a-bd46-debe1b8b5ec0,2025-04-28,2,4,In Progress
18f230c4-155a-44ce-8d9a-b9a1bc1e8f49,2025-01-01,1,5,Approved
fba41530-2f17-427f-9deb-0a42bff950a3,2025-11-02,5,5,Approved
7dadd30b-72de-4d8b-9e55-039a8120d5d1,2025-06-05,5,2,Approved
0e7819d7-1418-4d7b-983f-357c46abf5c9,2025-06-22,2,1,Rejected
73f43343-5428-4821-8e11-9215a59d56e5,2025-02-27,3,4,Approved
462a4ff4-879f-4fc3-9563-a615725e69a1,2025-04-05,3,3,Approved
35c75ec0-cca1-4adf-b1eb-49991e7b41b6,2025-12-09,1,1,Rejected
83f0b4d5-58fd-4e71-ae31-290fb63b6bed,2025-09-23,5,5,In Progress
078ab80d-1ca2-41ba-9e60-f0812f66d7ba,2025-11-11,2,2,Rejected
bea84f75-5c0c-4ec3-b80b-e5054bc4ca06,2025-01-30,1,3,Rejected
83d58640-3257-4514-b80c-330927c1899d,2025-10-10,3,4,Approved
8552c515-3511-432c-ac27-14fb6c45594f,2025-07-07,4,4,Rejected
982aa5fe-0831-4c8c-80ac-bdf21c36667d,2025-08-03,5,2,Approved
996570f3-4476-4706-9da7-e035bd6b6d15,2025-03-19,4,5,Approved
5ec4c3a4-a2c4-464d-88bb-5d21267879e1,2025-04-21,1,5,Approved
e9761686-146e-465e-932a-6a320d35e396,2025-11-23,3,4,Approved
505bae1d-65ea-4474-8fed-0b82f7384b56,2025-10-24,2,5,In Progress
6b3cc456-8372-4fd9-8258-e86adba38d0f,2025-07-16,2,2,Rejected
282c0889-d227-4cf9-a3f3-929076b76679,2025-08-08,3,5,Approved
2881ff96-eae8-433a-b3da-eaa903306972,2025-10-17,2,1,Approved
09c42a67-2a59-4709-b2ed-e59120d180e1,2025-03-02,3,4,Rejected
437b578a-516c-4f8b-abb1-256eae7ac2a0,2025-03-25,4,3,Approved
af9f64ec-29e9-4f35-afda-6c2e83c92262,2025-10-18,3,1,Approved
c0039ed0-afa3-4912-9211-c448a8650d93,2025-11-28,2,1,Approved
805c3199-4cb2-4d6d-8c05-4592ec08d3c4,2025-05-19,5,3,Approved
b1415546-4bf7-4edb-ad6a-9990a36d10f9,2025-09-03,1,2,Approved
d3e97e1b-bf02-4386-a37c-624ee7d07bdd,2025-03-20,4,3,Approved
e34c74fd-28f9-4db6-94e7-0f76ace2b842,2025-12-02,1,1,In Progress
b71a24e5-77fd-4432-8338-78a30b62727b,2025-05-12,4,4,In Progress
99fb5d35-dda9-4c4f-9367-8f68f8611ea5,2025-05-24,5,5,Approved
4b95f67f-5542-43c5-98b4-c54c13312a92,2025-12-07,4,1,In Progress
0816db09-d95c-4c14-bfad-53c3ac766a51,2025-09-17,5,5,Rejected
381efbfa-a7c0-45c6-839a-a2a55e6c2fb7,2025-11-17,5,4,Approved
f474299f-b3c1-480e-8a45-0d7fdd9c990e,2025-08-30,2,5,In Progress
a86bd19f-d0be-4021-9567-e6e9aca825b8,2025-10-14,2,3,Approved
fc31001d-a0ec-4001-b888-017321b9e033,2025-02-02,5,4,Approved
ef35755b-3157-45ea-b33b-a6dc005a7062,2025-12-30,1,4,In Progress
67d99ec6-5b04-44a2-bee8-208df454bf6f,2025-04-27,1,5,Rejected
c8ce97b3-a02c-49ba-a9f8-e930a4c6bd40,2025-11-12,5,1,Approved
da8d8292-4910-473f-b251-4c79d2e9d7b6,2025-03-21,3,3,Approved
4422bd5d-f1c1-4378-8151-83834f9d9d24,2025-11-15,3,5,In Progress
d56586d7-edd7-4d87-b6e2-c1a0cd93db9e,2025-10-14,4,5,Approved
9c8bba4e-d14f-4a1c-aaaf-a92728f588bf,2025-02-22,4,1,Approved
1b1fd39a-bebb-483e-9e5b-a009b1f1537c,2025-05-11,5,4,In Progress
333f42c2-8e3b-4e32-8074-598cc12282ee,2025-08-02,1,1,In Progress
7ae1b1e3-9081-4ff0-b13a-f38268081e7e,2025-12-25,5,2,Rejected
00214550-2222-4b8e-b3e7-100ababa9805,2025-02-03,1,2,In Progress
b7661744-f756-4a0c-a747-392150ff3cc2,2025-09-11,3,2,Approved
85eedfd9-c3c8-466c-92ab-5a6ddd741a74,2025-10-12,4,5,Approved
085f8311-88f3-404f-9b26-6b44fb935ce3,2025-01-20,2,2,Rejected
1600a3db-4a21-4172-ac45-f5bdfbb360e5,2025-10-29,2,3,Rejected
2b1ee03c-d077-43be-b78a-e2df92a441a3,2025-08-06,4,2,Approved
5db6c84b-0632-4fad-ad02-4eade5eed3b8,2025-12-02,1,4,Rejected
2a42987c-0146-44ea-a122-55d18c44d4ef,2025-10-05,5,5,Rejected
85c5b60a-05ff-4004-bfe3-77b767e9b996,2025-03-23,1,3,Approved
73051618-8689-4702-92a5-489fec1881d9,2025-10-07,5,1,In Progress
af302cee-3857-4ab8-9445-cc004508eab3,2025-11-16,1,3,Approved
b6181ada-f113-4cfc-8386-2b70e2aebd44,2025-03-23,5,5,Approved
134343ed-4be2-434f-b3c8-e002a87a52aa,2025-12-09,1,5,Rejected
fcf77fe8-8887-44f5-a70d-2e672809bbe3,2025-01-30,5,5,Approved
24877ca6-7152-44e3-8ddf-576a7d33c6a0,2025-03-18,1,5,In Progress
756b5029-a663-4b92-8675-badaef25d415,2025-05-08,1,3,Approved
f5ff11fd-159c-4cab-b547-dbd09837503c,2025-02-20,5,5,In Progress
f9b81c2c-698c-4f53-8870-a00aae456284,2025-09-02,3,2,In Progress
e118feab-ab40-4cdc-80d1-04a732d49293,2025-04-12,1,5,Rejected
2fbb747b-35d7-4cd5-a22e-34e1cf6ea109,2025-02-18,1,5,Approved
5bd4cc3a-e53d-421a-a471-d975c775716b,2025-05-26,4,3,Approved
4a73f8ce-be6c-488a-b2b4-8338fd371da1,2025-10-30,1,3,Approved
afa277db-af38-4a12-aece-0ee675a2ede9,2025-07-30,5,2,Approved
116764b7-c5d6-418c-ac87-9a73a2e52ddf,2025-09-12,4,2,Approved
7bd532a0-5a11-4a6f-8919-2ef99eacb582,2025-11-14,4,4,Approved
0fe44100-7678-4559-9bd3-92d71216d8bc,2025-11-09,4,5,Rejected
135f2a4e-9541-454f-b17e-6d377e78e5dc,2025-06-07,4,3,Approved
218e205e-5fd4-4fe6-a0fd-171fe4e7b4a9,2025-06-12,5,4,Approved
b2795a5b-725d-47be-a91e-3f08da35f0a2,2025-12-19,1,3,In Progress
29830f70-43b0-4c25-b47d-8bf642b6af6c,2025-03-17,4,3,Approved
b1ca6af8-a8d7-4ef2-aea1-dd77c50728ca,2025-09-06,1,2,Approved
cdac8b2f-b3d5-40b4-94df-bde90947b2ff,2025-06-19,5,5,Approved
611c84a6-180c-441a-b880-90dfa34bcbd2,2025-01-10,2,4,Approved
56a81cdb-da39-4920-b065-3d737397f449,2025-09-18,5,4,Approved
89289089-e8d0-4b37-8c0c-1a7dafaa5431,2025-09-27,5,5,Rejected
79524e2e-06db-49db-af28-8137099d0440,2025-06-21,4,2,Approved
d23bac4a-a33f-4370-b3b4-263230ec8db0,2025-09-21,4,4,Approved
ecf78baf-0902-4ee5-9f45-19c5861eefe3,2025-06-10,5,2,Rejected
26c8dabb-4a06-4ea9-9877-a56752aa0845,2025-04-18,2,3,Rejected
941a0de4-69e4-4f6c-a068-b95249ca8234,2025-10-09,3,4,Approved
1b948808-1734-450c-b3c4-90f82db77a9b,2025-06-06,3,1,Approved
0f6387ac-b518-4d8d-9a17-7cc1771e47fb,2025-05-18,3,5,Approved
631cb6ee-2f8d-4179-8888-a819bf9b7631,2025-01-22,5,2,In Progress
c465a996-e28b-40c3-9668-4c89746c0655,2025-03-27,1,3,Approved
7f5efefb-8e2b-46c6-90aa-ffa78c4e6637,2025-05-26,3,3,Rejected
86360541-53c8-406f-98ab-eb82510b659e,2025-09-23,4,5,Approved
7d54b856-d31f-4335-8233-1c00f19d4d37,2025-06-13,3,4,Approved
fbc98eae-4204-484e-9a27-001a84cfb1b3,2025-06-23,3,1,Approved
fa619411-aff9-459f-9730-e2a667c6b378,2025-05-04,2,4,Approved
27ac895a-3e7e-42b8-b9ba-5f2f98d2c927,2025-12-29,3,3,Rejected
2033d56b-e5c1-4bcc-b303-2a551c0af0bb,2025-10-29,3,3,Rejected
e5e75349-6a27-4eb4-a523-bca67de87528,2025-06-08,5,5,Approved
dc17edaa-0599-4539-bbc2-8918f45e483e,2025-02-23,3,4,Rejected
b9eac3fd-38b3-4ca5-a5a7-6bfa7a8b8f62,2025-06-04,4,5,Approved
2c9674a1-18bc-42fa-ad06-d784e98e1347,2025-09-16,4,1,Rejected
7ad2cf6e-3159-4f44-bd9c-558c90dc2554,2025-11-29,1,3,Approved
fc1cd17d-5fa2-4bef-9563-28689c565fe7,2025-01-26,2,3,Approved
cad91c45-9c8e-4084-9d33-08dda228c429,2025-09-09,1,3,Approved
2c3cb06b-e17f-4531-a6c6-83aadc63a20d,2025-06-01,3,2,Approved
6b16981d-fd9e-4087-add7-7115634cfef9,2025-04-07,3,1,Approved
d43712ae-807c-4fae-86f5-90740c1d24ce,2025-07-06,5,4,Approved
76a23a4c-634c-43e5-b51d-dfec69cddf7a,2025-03-24,3,2,Approved
227cd182-c362-4a03-a741-a6647d46659b,2025-06-30,5,1,Approved
e158cc50-591b-4f48-9272-f1654a052e69,2025-04-03,1,5,Approved
77844735-bf3f-49ae-b20f-287e85d99a5d,2025-01-03,1,5,In Progress
667ccf41-3a29-4d85-8d22-75c1a700ade0,2025-07-09,4,4,In Progress
dc2077e1-7d38-4436-9b9c-789f28e6e9d2,2025-05-27,2,4,Approved
f5f57874-c9f7-4af8-9481-35a095652a9a,2025-04-18,5,1,Approved
f8f685dc-f7bb-4986-a688-ad10359c37db,2025-06-22,1,5,Rejected
5aa43bcf-ee92-4d9b-bd42-6ff93f39f00a,2025-07-22,4,4,Approved
649c6dcd-7a2f-44c6-8a70-3a7e11d4ec7c,2025-09-08,2,2,Approved
93e61f00-4fe1-49ea-8693-d1eb15ab3ee2,2025-09-30,1,4,Rejected
270513ac-850a-4a4d-be81-d367aea79fa9,2025-09-05,5,2,Approved
3195fa48-fff9-4e68-8baa-f2453aaafe28,2025-04-19,4,5,Approved
ff8da47d-bcae-4dd1-94b9-9e2c0267de6e,2025-03-07,5,3,In Progress
e8729598-b7e8-41e5-9a0d-41daf17e2e32,2025-12-16,1,3,Approved
8b2ab36e-8e55-4dc8-b3dc-1351e4d87c5b,2025-07-13,3,3,Approved
eaf0f55a-fced-4029-b5b2-bf77fdf844e1,2025-03-01,3,3,Approved
2a9dcafe-4865-49fb-86f6-0dad7b6675ef,2025-09-07,4,2,Approved
d74e0fcd-9976-44d3-a9a2-f27d6ba8767c,2025-11-21,5,1,In Progress
5e7fbcb0-fcbb-4f3d-9df5-bb4492390bc0,2025-06-03,3,4,Approved
fcd25139-c23b-4dec-b051-a278de788869,2025-06-23,4,2,Rejected
0cd4ccd4-a4fd-4a56-8873-7776a78b10c6,2025-05-30,3,2,Approved
90401c8d-5b2f-4e1a-9ca7-a93aec4d1a26,2025-08-06,3,4,Rejected
208ebda0-6147-41e5-b7a8-3ce1fc96f55f,2025-07-29,4,2,Approved
86f37826-086b-475b-8a84-df0eee0a7233,2025-12-01,1,2,Approved
d447dec7-aef8-4f26-9f54-7bbfc6c250ba,2025-03-21,5,4,In Progress
e7665bba-6f69-4f78-89be-3bdde5bc182b,2025-09-04,3,4,Rejected
ee4d48c0-78fd-48d7-8396-980f7d1d472f,2025-04-06,1,2,Approved
a1bafd19-116d-4f10-aaa5-324b4a840dc5,2025-01-06,2,1,In Progress
498a7a12-6050-425a-bbe4-bf8d373ebe45,2025-10-13,2,4,Approved
4df588c2-4584-4b28-975c-b7dc82b7d745,2025-04-13,4,2,In Progress
2c623d3d-ed1d-48aa-827d-466304b2711e,2025-01-25,4,4,Approved
4b0fe16a-e1de-43dd-b609-324e70c171ad,2025-05-21,1,3,In Progress
0e2e2b7c-9389-4fe5-8a53-03410640d564,2025-06-14,3,4,Approved
2c5f3dca-8551-47f5-8c1a-c54ae7d41e0f,2025-08-14,1,3,Approved
9c30bbf8-5959-4cd2-81f7-8ef36906df44,2025-03-01,2,4,In Progress
6153f251-e299-4920-84ea-f353bd9e5508,2025-01-31,2,2,Approved
c5932c4d-0316-4562-824f-54ca7ea0468e,2025-01-22,3,4,Approved
7918b123-933f-4478-8aec-5bf835a125a6,2025-08-26,1,2,Rejected
2fead696-4fbb-44fa-acfb-41d6f7a79b42,2025-02-10,4,2,Rejected
a0f6ea56-ad1b-4268-b203-fb3e09f9da0c,2025-12-17,1,1,Approved
bbdd6894-9838-4926-9f69-5b401a4d704c,2025-04-16,2,5,In Progress
ebe14a07-339c-4882-9dbc-608a7bb9444e,2025-02-21,1,2,Approved
e90db2f6-0e28-425d-a81e-ada78235dc2f,2025-10-05,2,1,Rejected
8cdbe8fb-b06a-420e-96a1-3ac2dbd20c2a,2025-01-07,5,5,Approved
4bd0f6f4-ebd0-4774-a669-7a1902f30302,2025-04-10,2,4,Approved
3b90b6eb-7d50-409e-b3ff-20892bd6c620,2025-08-25,3,1,In Progress
afa60cb1-c6ed-4196-b0f1-f1c5a8fc68ba,2025-11-10,2,3,Rejected
1e500aa1-e704-4528-9fe9-24a8173949b8,2025-04-17,2,1,Approved
6c838a7e-6f23-4e5b-9f4a-9cc4bc804606,2025-09-03,3,4,Approved
f586f446-3a8e-48ed-94aa-6b5d2101ccf9,2025-05-30,5,1,Approved
c347404d-20a0-466c-bf75-7a7c0f311472,2025-04-22,5,4,Approved
a994e0c9-8c5c-4821-aacb-7d6026e76648,2025-12-02,2,5,Approved
01ea5d4a-2caf-4e36-9aa1-082a358bb846,2025-09-22,5,2,In Progress
2d599ea8-63ed-4f34-b475-671669e6bb36,2025-10-12,5,1,In Progress
5c5d3940-10bb-4cb8-934a-b445ccdca0d3,2025-03-21,5,4,In Progress
caac3f41-a97f-4afa-86e5-d7aa93c5af76,2025-11-07,5,2,Approved
d017ee3e-405b-4d7b-b950-85a33b3f16d7,2025-07-11,4,5,Approved
1b12f2bb-1d07-4003-80f1-798df4fe01d4,2025-10-02,4,3,Approved
4362993d-1ba3-4827-8920-df0ed21c8d9c,2025-05-27,5,4,Approved
0852fe67-bd21-4e67-8e43-aa240c7cc7fe,2025-03-07,3,5,Approved
6f292be1-4cba-405c-9791-87a9ed78aee4,2025-04-03,5,1,Approved
ffba54e8-e965-4924-ac7d-f08fcac8b848,2025-01-30,1,2,Approved
5794f5cb-8e28-492c-90c3-62ec3138f00c,2025-10-30,2,1,Approved
67ebb53e-e8e0-4cef-9e12-eec7d1c18082,2025-06-24,1,1,In Progress
21a7d65f-ad11-4c8a-b807-882a5bb5d8ae,2025-04-27,3,5,Approved
bfaeea9a-c918-4558-bfec-845b47c6fcba,2025-08-01,4,5,Approved
a3bac8c8-57ec-4a67-a2c3-c4c28ee11a7b,2025-12-18,5,3,Approved
974da410-1cf8-4145-97e3-076fbd5d4193,2025-01-23,2,3,Approved
6de1c61c-5bf7-485b-b1e4-f5a35bc26976,2025-10-05,3,5,Rejected
a368af42-1094-4987-863e-bca59a7b8698,2025-06-16,4,1,Approved
9505c03a-b729-46f1-857e-fa8ac3d61eb0,2025-09-06,3,1,Approved
8b3d7551-2cfb-4215-8d79-a8669bdcab08,2025-12-29,4,3,Approved
571f097f-3de9-4c04-a4f3-c38943bda198,2025-08-11,1,1,Rejected
b2ba3dd5-8977-4c01-aac5-643873d45f07,2025-12-25,4,1,Approved
48b25468-6c72-4db0-959c-0f18893fda8e,2025-09-29,5,3,Approved
e356657f-f0e1-4b02-a792-a960a92d38b9,2025-10-15,5,3,Approved
b3004504-4589-46f2-9033-db6ea7aa75ab,2025-12-15,5,3,Approved
4e854bbc-3439-4c9d-a70c-85e88c393c46,2025-11-30,5,5,In Progress
912a8ed6-baaa-43e3-9ce8-43f90b51cf48,2025-11-01,1,1,Approved
f8047613-0f7c-4970-8eb3-e1653dec04c3,2025-06-16,2,4,Approved
3df61da4-8c03-44f1-8d69-cd10a7cc7609,2025-12-25,1,3,Approved
fc57fa19-add1-45d9-b627-473cd09baa17,2025-01-03,3,1,Approved
74a61452-a594-49cc-a232-2ddde5e4f591,2025-09-17,5,2,Approved
7eae1500-1bcb-45c1-baa5-b889b5c32dd1,2025-07-22,3,2,Approved
080edeaa-0a0f-42c5-8ee0-53bcc2873e25,2025-09-09,3,2,In Progress
76f9eec4-268f-4321-badd-f1c7e932e8b1,2025-06-04,3,4,Approved
a3d83b54-00cb-41c7-b32d-5a98a83c3cae,2025-12-10,2,4,Approved
87736056-a91b-49d0-9f71-94da986487a9,2025-01-23,2,1,Approved
a8d98273-6c4a-4fd3-88b8-d53858ce5e08,2025-06-23,1,3,Approved
a5045a24-f183-4b26-b3b5-693dfe089940,2025-06-21,5,2,Approved
e9ef7844-7823-4428-8bd0-2811f4537876,2025-10-08,3,3,Approved
9f3f5cfd-f06f-4a72-a592-c9e8a85852c1,2025-10-18,2,5,Approved
ded3d0d5-0c28-47db-b046-c4ba1b649093,2025-06-07,3,2,Approved
b69aed28-92cc-4643-9f54-5fba6ddde00f,2025-11-21,1,5,In Progress
eff0ed68-76cd-4f4f-ba8c-798485d25d79,2025-06-28,1,1,Approved
792caf4d-03ca-41da-bdc8-64c11f059898,2025-09-19,3,3,In Progress
8111d078-6a10-4d53-92eb-e35ad5459c09,2025-01-13,5,5,In Progress
4c1c4ff5-5bad-43c1-b74a-f50006707e30,2025-04-07,1,1,Approved
85ffb60c-8a38-4687-8a53-9e7177c4773e,2025-04-04,4,3,In Progress
55215a17-6c84-4ed0-b59d-ee218a5f5231,2025-08-10,4,3,Approved
fd8d1ee1-51aa-423e-87c1-3ed0db1aa46c,2025-02-28,4,4,Approved
8d2b7bca-1e49-4b1e-b84e-581f64cbb221,2025-01-24,3,5,In Progress
a27898a2-f8a5-43dd-b5a1-d1b977c1139e,2025-07-30,3,3,Rejected
02b1464a-8c01-4531-90ab-813a50314323,2025-06-29,1,1,Approved
525b2e01-8e10-408e-8d46-0b753cb1b375,2025-11-13,2,5,Approved
e5ac37b0-4125-4dae-b4a4-fd84c28ab66e,2025-03-22,1,2,In Progress
7be22cd6-4618-4e02-80d9-e4b85aa854cd,2025-02-18,2,2,Approved
62ba26ea-4473-4979-bfa9-b8f50487909a,2025-08-03,5,5,Approved
64095cba-92d1-43a4-96b9-c0a535c7e0ac,2025-12-16,1,4,Approved
53a4ec47-1261-4109-a34a-25971616f7d8,2025-01-05,4,2,Approved
3595144f-8d04-40f7-b17a-b070cd8378cc,2025-01-11,4,2,In Progress
8820ef0e-622d-4f90-9c42-e454673e20e4,2025-08-22,1,4,Approved
dcdbbcf3-f2d5-4b97-8d76-d906ec2e8a57,2025-04-11,3,3,Approved
226fb036-bf8c-4358-88b0-32f34515622b,2025-10-25,4,4,Approved
1c6e0005-f3d6-4c18-a54f-14f84dfe7dcd,2025-05-03,2,2,Rejected
781af855-f991-4932-a71d-d3e143147b97,2025-07-08,2,2,Approved
9c65ae5b-c56a-4a01-a94c-2de6e5b7a21a,2025-01-17,2,1,In Progress
babb17d7-e6db-4663-b43f-76070fd26698,2025-05-11,5,2,Approved
5db4fd35-3158-4c7f-81ef-c8074ff6db9c,2025-09-06,2,3,In Progress
35688710-72e7-48c5-97c7-20af2bdf3497,2025-06-29,1,5,Approved
d2dc2c7e-0dc7-40b3-b859-18570092c8f0,2025-01-11,5,3,Approved
84884a85-42bd-4d47-b899-ee3f2834201c,2025-08-02,2,5,Approved
87cf6a98-db3c-4b5c-b1af-fbbf3a9aa368,2025-08-15,5,4,In Progress
e477bb59-1b81-4c9a-bdd6-e7ca27fa06ef,2025-02-07,5,2,Approved
56f8fe78-1ae7-421f-8e2a-1d31eb021548,2025-04-21,1,5,Approved
c2197d9b-f185-4106-8a5d-4969ac0ed4f7,2025-10-04,2,4,In Progress
41bcedc6-b11e-4305-89b9-0ce0c6fcd0cb,2025-12-29,2,4,Approved
df1dcd2d-e212-4f7d-8523-9535fbcc516e,2025-05-13,3,5,Approved
e497a851-57bd-4d68-9cb2-ec936aa2693a,2025-09-04,4,5,Approved
14fc6bb1-a40f-498b-aeb9-993a69e1221c,2025-01-09,5,4,Approved
fc311803-ddcb-43ce-a50c-6dcee1b3d554,2025-06-27,2,1,In Progress
71fbb914-ab2c-4755-a402-8c7cba11e6a0,2025-03-29,4,1,Approved
8eed4d9c-89bc-444f-9331-5cd080eb7bf6,2025-06-23,3,2,Approved
467bd00c-e598-40c0-927d-ddbdbb96ecb7,2025-05-15,2,1,Approved
c905765c-0c4f-4fba-9687-94f73c08d22e,2025-02-28,2,2,Rejected
8e25d025-0c06-4c08-a46e-2eb1e50f491d,2025-08-20,3,2,Approved
0fe8978c-009f-45d5-9388-09fad4a00cc4,2025-08-13,5,2,In Progress
1bf53cdc-2000-425f-b74a-c16188780502,2025-01-21,2,4,In Progress
5453ea6d-0922-49f1-9960-c1b9b83859f3,2025-02-20,3,2,Approved
18693429-c3ed-41da-bfe4-e8c28ab795ae,2025-04-07,4,4,Approved
ef03c357-2550-49a7-ac5e-8e9a594e48c1,2025-09-07,2,2,Approved
243a4723-eda6-4dda-8f08-cc3a1f7227a6,2025-12-30,2,2,Approved
cdc58725-83f0-4757-932c-2ea6ef50e9cc,2025-02-06,2,1,Approved
00e1b96c-cd3c-4551-9360-f529c6d71e8c,2025-08-16,5,4,Approved
32735a28-86ca-4ed8-8104-49074b9740a3,2025-12-21,5,3,Approved
c4cab5da-2d03-4781-8782-a487de0c4fa0,2025-07-05,1,4,Approved
c4740d83-109b-4e19-8610-0b64daa3feda,2025-10-21,4,5,Rejected
d674c7b5-5a42-4b58-8e29-b73c2f049fbb,2025-04-03,2,3,Approved
0df093ee-d3fa-434b-ac2a-e330142fe89a,2025-10-15,1,5,Approved
50e8bb3f-8a6c-4df7-9fee-228743f5d4d2,2025-01-15,1,5,Approved
1ecc6bc0-99c1-4f80-958e-5eadd2315894,2025-04-01,3,1,Approved
ad29f1aa-2d1b-4ee3-a022-d535d575d86d,2025-05-28,4,5,Approved
5721471e-f4dc-49cf-9aca-f3ae81b68d62,2025-09-11,1,1,In Progress
a9256587-66c2-4f55-a086-cf320b385dee,2025-04-14,2,1,Approved
31556934-95b4-4aba-be66-ca90eefe1647,2025-05-23,3,3,Approved
2d7a8b43-2d41-4ea8-97d3-d2aaa7ab320a,2025-08-26,5,3,In Progress
f367ba93-d176-484c-a34a-b5c5602709ba,2025-12-06,4,5,Approved
71b78b8d-0bbe-4799-af11-6865f6a6eac1,2025-11-14,5,2,Approved
c5ae1d85-b69a-443a-bfee-b6a80b8bff67,2025-02-06,3,3,Approved
3eb11339-26da-46e0-8a37-3421c858fbea,2025-09-04,3,1,Approved
cc76d9f1-3a6e-42a7-a99e-46da7e1b4ed8,2025-01-21,2,4,Approved
bad81116-3f59-4631-a930-23b3608e3602,2025-05-06,4,4,Approved
a1d48b1a-0362-45cf-833d-43f5b908a883,2025-02-09,2,2,Approved
1289e6df-50a7-4a4b-b482-4aa90db7dd0a,2025-07-03,4,5,Approved
3921c43e-51e7-484c-a9d1-4bab0d6527b4,2025-11-04,4,3,Approved
c083468f-950c-443a-89c6-bebfd6813c04,2025-12-19,3,5,Approved
23902ecf-e83b-424f-aa2d-31f63f695da1,2025-03-31,5,4,Approved
757ee015-3f5f-4d72-a9af-9cac76ab7a27,2025-11-21,4,1,Approved
dd3a6cfa-fdf7-474b-8770-fd57f1604fb1,2025-10-26,4,3,Approved
047ffb8e-be4d-4fb6-a603-3964323eb5b6,2025-11-25,2,3,In Progress
bd310838-3b90-42d0-98e8-5d0db992ae9d,2025-10-18,5,4,Approved
94ca30c2-a35a-4865-b1a4-ede0e1f350db,2025-09-19,2,2,Approved
6e7dfbd3-4869-4d49-94a2-077010c3ffc9,2025-08-31,1,3,Rejected
2d37adaa-b23b-4cc4-8666-1b9983f36880,2025-12-23,5,1,Approved
f568ccae-3478-44ee-b08a-4cdd546b87ff,2025-08-09,3,1,Approved
659b4c6b-550f-40c5-a878-6d00e1b0fcad,2025-11-03,4,1,Rejected
112236f2-d2d9-4940-bcdf-19008911fcd1,2025-05-09,1,1,Approved
1d75b817-831c-4659-946d-480db7a8bdd7,2025-09-21,3,3,Approved
adb02d9b-0557-49e0-92ce-6b5a7851e50c,2025-05-05,2,1,Approved
0f8d80b9-09e3-4225-9cb0-3366cae5eef1,2025-10-02,1,4,Rejected
cd4a45a7-236d-4d43-b66d-97dce11e49b9,2025-04-17,2,1,In Progress
37066cfb-6567-46e0-8f04-6902eba3d200,2025-07-26,1,5,Approved
a491dc00-af41-4677-ad6d-aad367587d36,2025-08-20,5,4,Approved
105f6396-ce3a-4035-96e2-b42051ded96b,2025-05-08,4,1,Approved
140436ff-bcfd-46a8-ba70-d2a1fb9e6d68,2025-03-23,1,3,Approved
1ca90853-31f4-4c84-9ce2-edf81637f68d,2025-09-04,2,2,Rejected
4bee3aca-aa98-4e2b-b938-db95c10a52bc,2025-02-25,2,1,Approved
79e88772-f843-452a-9c02-4179ebb497c3,2025-06-12,1,1,Approved
7a274cb1-4f75-4dce-9181-461c68ed6c83,2025-07-15,3,2,Approved
308d2dd6-63ca-4f7f-8113-ab538469d58c,2025-07-22,3,5,Approved
535f2f1c-c7a2-461c-8333-aeafbca0a660,2025-01-13,3,1,Approved
a0a28538-64ab-4ee5-9884-ef0132d31469,2025-06-26,5,4,In Progress
ca2f480e-75c3-4360-9a48-f46d7caccf91,2025-07-08,3,2,Rejected
851d4aaa-4064-41ba-9d30-8ddfbfe3665c,2025-07-31,3,4,Approved
85531722-3299-4181-96ef-f19885e47047,2025-04-15,5,5,Approved
f38ab1b8-6ade-46df-8713-a3c688a5109d,2025-07-18,1,3,Approved
147786a4-da9a-4171-9a9c-0228ff3b8aec,2025-12-07,1,2,Approved
59bd6a78-9291-40a4-b7bd-5a0415160e93,2025-06-09,2,2,In Progress
13234c28-af5e-4b34-b4d3-2bc128c229bf,2025-01-04,4,1,In Progress
80c4ad75-5288-4fc1-b92f-7440e3835712,2025-08-01,4,4,Rejected
00ae5dd2-4fb4-4b0a-b161-67ae0c5a5dd0,2025-03-11,3,2,Approved
0cc0ff4c-8612-40d7-956e-5122e50c029f,2025-03-24,5,3,Approved
55f715ca-2383-41db-a266-1cb6b57ac87b,2025-08-31,5,2,Approved
54499146-1196-4e6a-9bb4-a3c6b2872b5d,2025-11-28,3,4,Approved
c3441d8a-2124-46c5-8bfb-eef3fb97890c,2025-07-25,1,1,Approved
5f637716-2140-4caa-adc4-5942dadca24c,2025-01-29,2,3,Approved
e10222cb-2a46-400d-b64a-0b95398a3e69,2025-04-30,4,4,In Progress
d00aa77a-5ac7-481d-98fb-8d0869ecff53,2025-06-21,1,3,In Progress
230ca9f8-82c4-4823-b70b-5ca0053cd40e,2025-06-25,4,4,Approved
8e39322e-d173-4a49-b0c0-2fb434704cf6,2025-11-07,4,2,Rejected
44b11aa9-2a2d-4593-a97e-b3c488d12bf3,2025-08-07,5,2,In Progress
f4bbd5e5-e001-4b8f-9f54-8eccca87bbac,2025-09-19,5,3,Rejected
735524d0-2188-43dd-8ab5-dcdb89b6ac27,2025-01-24,5,1,Approved
c12720c6-700a-4d16-8f7a-8fdd5ab246d2,2025-12-26,3,3,Approved
87407ca7-cc76-420c-9afc-55eaa65f25c7,2025-06-14,4,5,Approved
2c7cea16-33ec-4e0e-b412-80465c1214fe,2025-10-23,5,2,In Progress
c8c7c52d-764b-42e8-8c4d-730a98012653,2025-05-02,4,2,Rejected
583a1759-e4c7-40c1-8d45-106cc8cadf06,2025-01-03,2,3,Rejected
1ba2a7b6-1fed-45bc-bc9f-98317578572f,2025-09-15,4,3,Approved
a55433b7-0ff0-4116-b203-b4eaa8282494,2025-01-09,5,5,In Progress
ddd3aae0-0ca9-4001-bada-9d9626ca0174,2025-02-22,5,1,Approved
b1c2e064-3686-4f8d-9174-015dd18443ba,2025-08-03,2,2,Approved
a840b54f-f4b0-4cd6-aeeb-e1243462b0d2,2025-10-04,2,2,Rejected
3459a78d-971f-4a3e-b79a-9202faa7e2a2,2025-03-14,4,1,Approved
c685bf3d-6c7f-4e86-b158-92d37952a12c,2025-10-30,2,2,Approved
100e328a-0e5c-4815-8c72-df0169a5525e,2025-06-19,3,3,Approved
5c123a6a-3cfc-448c-a3eb-37a59485b137,2025-06-03,3,3,Approved
2f351941-4e24-47be-b736-1021bb78556f,2025-05-07,2,1,Approved
92ad56b0-5890-4fc9-9b60-ae7ab2127d4f,2025-10-22,3,3,Approved
bae96a86-bc68-4b08-86e5-c8fc4f63c460,2025-05-12,1,4,In Progress
7006d0a9-73d6-408a-9da1-6d98144f9f5b,2025-10-30,2,1,Rejected
7b992e93-ae90-4ba4-b93f-dfb6cf17d4ee,2025-09-05,2,3,Rejected
ff7efd54-2517-4b68-8461-afee84d7e32f,2025-05-19,2,3,In Progress
6a51dfd5-83b1-4459-8638-4ef729cc83aa,2025-01-16,2,4,Approved
70141263-f726-44d2-9f05-8e65abc6bbad,2025-07-22,5,3,Rejected
173c906e-77c1-4e2d-8ad9-42fc6a83e8b7,2025-07-08,4,3,Approved
eb4e2262-97df-45e1-8ece-55ff5b6528ca,2025-10-13,5,4,Approved
465e18f2-b482-4f5d-8367-b443e55bce35,2025-07-01,1,1,Approved
6db3b9d8-b19a-4ad7-a09a-aade9c9ca7af,2025-09-15,3,5,Rejected
ea04e272-7042-47a1-8b3b-5ca9040a39f2,2025-01-31,2,5,Approved
15c34b5b-d1bc-4b87-a859-46a96c3709f6,2025-09-17,1,3,Approved
af729ca7-7e37-4499-a481-a23b221b7c96,2025-09-16,3,3,Rejected
5ce039f4-ae03-4a9e-acb9-dfa29388d267,2025-12-13,4,5,Approved
fa31d99e-4c9c-4982-a1d8-c83aba371970,2025-10-16,5,3,Approved
72aee50d-d678-4837-aa39-9fc439027186,2025-05-19,4,5,Approved
a478e744-fe99-4ede-8def-052a424ee1e2,2025-02-04,2,4,In Progress
5ff96382-a2ac-4da4-acf7-495c4b3765d3,2025-06-27,1,4,Approved
f1bda4c0-3726-4696-895d-3a261779a003,2025-03-17,1,4,Rejected
b12cf46f-f4d3-419d-9eb3-f44dd13aebac,2025-10-11,5,4,Approved
dc5a9de8-5a23-4b33-a0b0-cfb4f444ed0a,2025-08-24,5,3,Approved
bc924066-c722-4ec4-bf92-83aaca388410,2025-02-09,5,4,Approved
ed9e9a00-6e21-4181-a1d4-56894ffad54a,2025-12-10,1,5,Approved
e86273cf-adad-425b-9c84-8f2f57748e8c,2025-05-17,5,4,Approved
a08cd6fc-ce6d-4e5e-922d-29fbfc2deb09,2025-07-21,3,3,Approved
f52abd6d-1bd3-4739-a7d0-1db89518cafa,2025-10-13,3,2,Rejected
94607a83-ba71-445d-9ac8-138a8192de08,2025-06-11,1,4,Approved
91312cb2-5a31-4dd9-b86f-0ba72f2d0f89,2025-07-01,3,1,Approved
1c02d257-fabc-465b-9ede-9e58fa0c02a6,2025-10-07,3,5,Approved
9b4fef82-10dc-4dc4-8dcc-2771d755c137,2025-03-17,2,5,Approved
a13f4d2c-c8b4-48f6-bc8e-c8547789eb44,2025-07-10,3,4,Rejected
54107e99-2978-4175-befa-0115118edb24,2025-10-01,4,3,Rejected
929a91b9-ad8d-4230-b534-4e05c3267271,2025-03-15,3,2,Approved
08d9acc5-ab79-465b-900c-2bcb3700e5ad,2025-02-19,4,1,Approved
71b0e1c3-9467-403f-8be5-7e64c94331c2,2025-11-24,1,1,Approved
09e60152-9727-4e04-a31c-2e8caf00aafd,2025-12-25,3,5,Approved
5114139a-7dda-4c0e-a7d6-ae0763fd131a,2025-11-21,2,1,In Progress
2f1e626a-90ad-4777-9ef3-702342e3d5f3,2025-04-29,3,1,In Progress
45699374-029b-445d-b585-3ef00fb6782f,2025-07-20,3,1,Rejected
6864b7f9-8062-48a5-8221-b5947f3e81fa,2025-01-11,3,3,In Progress
69f4f64e-1211-4f43-8248-73ae4ff8428d,2025-03-01,2,1,Approved
f2465356-214c-4327-96b2-78ff0d38ce7f,2025-11-12,4,4,Approved
90286ab6-ef1c-4d36-a3a5-6bb8fb40e20f,2025-02-04,4,2,Approved
5072f09d-9491-46c4-9e07-29e313e4941a,2025-10-12,5,4,In Progress
cbbd265f-f07e-4425-b4ad-4092b871a649,2025-02-26,2,1,Approved
bb2fef2f-f25a-4472-b299-f0c62877c8ee,2025-05-29,5,3,Rejected
dfea9af9-f000-471d-8dc3-cea0fcaf4754,2025-06-01,4,3,Approved
79807b84-f52c-46c3-adaf-5ab107f572e2,2025-03-18,5,3,Approved
f06b1ca8-b90e-4a68-9b38-c97a819a3fe2,2025-01-08,1,5,Approved
2ec30b95-020d-4397-81e8-533d7e9d84e4,2025-07-28,4,2,Rejected
d9da7c1b-f501-4dda-bf93-a7331cd7fee5,2025-12-11,5,1,Approved
7687f24a-95e5-40fa-96f7-91e14c9b4ebf,2025-01-25,5,2,Rejected
387b5cf8-4246-44d6-89dc-24b5aecb57a7,2025-01-26,5,1,In Progress
fe31cae8-1c8e-4eb6-960e-e92f99e88737,2025-08-16,5,5,Approved
0b6df730-653a-4c2c-a7e4-4dd7b369c66f,2025-06-14,4,1,Approved
5f7a7603-173f-4a4b-9199-26b02df016ac,2025-10-12,4,5,Approved
99561838-ed6c-411e-a8a7-b8ab0cbd512f,2025-08-22,3,3,In Progress
67306cb3-54f3-4264-a8b2-c687927af439,2025-02-15,1,1,Approved
f45c0182-1c87-45cf-801a-8b7028598dd3,2025-03-05,2,1,Approved
aea0bb4e-3f9e-4e95-a6c1-c62836e27331,2025-11-26,5,1,Approved
c8154f1d-f3c0-4723-bbff-5f38122ae8c7,2025-06-03,1,5,Rejected
4636fc04-43b3-4d9d-a0b6-5de274cfbe78,2025-05-07,3,3,In Progress
78698a4f-f87c-4e41-b9a1-81e66f59d9a0,2025-02-25,1,4,Rejected
30910093-e6ba-4228-8a10-c91d616e578d,2025-11-11,2,1,Approved
9dc3ecde-af2f-4c0f-a97e-06e905028cab,2025-06-04,1,2,Approved
bea839bd-914b-4d89-8edb-569a578a4f8e,2025-12-19,4,5,Approved
3dfe04bf-68b9-4940-b1f2-bcf7a874b924,2025-10-25,4,4,Approved
8b91bffb-6af0-4319-ab10-60f07b0a570b,2025-04-18,1,2,In Progress
c3c53290-932c-4ac5-a27a-69e6d6461124,2025-12-11,2,1,Approved
f941cc4f-3c4e-42c1-a9eb-816fca8f791f,2025-07-04,4,1,Approved
125f1162-68de-4645-8e68-e6a54bb2609f,2025-04-11,5,5,Approved
9dd38d80-0851-48a4-b728-58785cc67967,2025-05-29,5,2,In Progress
3d1957a1-9e85-456f-b33d-c6c4ff57bed0,2025-06-19,5,3,Rejected
b921fc94-751e-477e-bebd-141b2bf4495d,2025-01-26,1,3,Rejected
5e670b93-8189-4dba-9e45-3ce96e4bc895,2025-01-01,4,2,Approved
7e034aba-47d9-4dbf-96a1-d63238b875c7,2025-06-17,4,3,Approved
518c719d-0eaa-480b-ba77-bf532dd93782,2025-02-18,4,5,Approved
b352d9b4-a839-47cb-93ee-7bd7f6578b56,2025-09-15,4,2,Approved
cf4f5be0-67e6-432f-8f7d-67f83748ac07,2025-01-04,3,1,Approved
e68ce913-3602-4c9f-86eb-7b7f0d98467a,2025-03-09,2,1,Rejected
4cdf5713-b808-4b5e-a066-d3b7e35c7d3b,2025-07-20,1,4,In Progress
79c7e6e8-a889-4f00-b249-cbae19e645f1,2025-07-02,3,5,Approved
983c6cd8-0092-4230-9a67-900e92e8b0a3,2025-10-09,1,5,Rejected
41a4e50c-bd68-4779-b163-1b1d120a3725,2025-06-20,4,4,In Progress
c3b4d1c2-a9ed-482f-bdea-2a0d0a3b2a0f,2025-01-02,2,1,Rejected
3f7855e2-a4de-435d-a182-ef195d0eb5c4,2025-08-16,1,4,Approved
4219c62c-15fb-48d8-9f9d-669f8f7be1cc,2025-01-14,3,2,Approved
e98f5304-d058-4266-ba70-d11a6e6d0f5b,2025-02-13,5,2,Approved
a949047d-fce7-49bb-96b5-0fe9dd47aedf,2025-07-23,5,1,Approved
2d3c81e2-a083-4be0-9a99-c172e594a8eb,2025-09-13,3,2,Rejected
1892cd7c-8817-4bf5-9ee4-2bb06853d4ac,2025-12-13,3,1,Rejected
8e78e331-d5fb-424f-b408-487e6b5ba4a6,2025-05-21,2,5,In Progress
613bdc38-0f5b-4299-bfeb-9ba1986dbda5,2025-04-08,5,1,Approved
a1aeb0b6-163c-48a7-ba56-c37fd9ecdd37,2025-04-01,4,2,Approved
2ec34da8-0906-4d26-8899-d628d3f7cd16,2025-11-20,5,2,Approved
72a80e59-e7a7-4875-b85b-7bb30d606911,2025-09-07,5,5,Approved
fa20cc5b-68be-4cae-8603-39db08e2374b,2025-10-17,2,1,Approved
671e9697-75f2-44e4-96af-0572856e4109,2025-02-13,1,5,Approved
4964c19b-f1cb-4780-bd9a-9207054b83bd,2025-07-03,1,1,Approved
1a3151d9-2b4e-4715-90ef-453bef97be7d,2025-01-16,5,5,In Progress
ee4d0b78-fc98-411d-a0be-221a76ce9ca7,2025-04-25,5,1,In Progress
9529cd8f-f7af-47f5-8d2f-d14d232f179e,2025-07-09,4,5,In Progress
71dd6a20-311b-4fe3-bfee-81477c3da7f8,2025-11-25,4,4,Approved
c692c392-8e5c-4618-8606-edf234cb4a19,2025-10-06,5,3,Approved
fe0a2d9d-d30f-48e7-bacb-dbe1b22c3f20,2025-07-15,5,4,Approved
e258d78f-3715-4a4e-ba87-499d2aaed0dd,2025-12-14,2,4,Approved
5839c6f3-6524-46e7-9fc2-c28c77b48747,2025-01-26,3,4,Approved
7ef87f3d-a88d-416d-bc4a-31173f977f40,2025-04-16,4,2,Approved
d93da948-de71-45e6-b601-e32c4b6762ad,2025-09-30,4,4,In Progress
b92da634-50eb-4b7f-ab0b-c8d84de5d84e,2025-02-10,5,1,Approved
97852111-ae30-4be3-9bb3-e4722685f19c,2025-08-28,2,2,Approved
6edb323c-765a-4c9d-899f-fa73dccbde7b,2025-05-31,5,5,Approved
8139a17a-5ed7-41af-a85d-16509e32bfcd,2025-02-07,5,4,Approved
acedc898-8441-4f78-8f41-3551404f117c,2025-05-05,2,1,Approved
1642eeeb-04f2-4761-8acb-75a548fbed01,2025-12-20,4,3,Approved
868e12a3-be7a-42cb-a007-f064a3dc2bc5,2025-06-16,3,4,Approved
36fc599b-39b7-4052-b1e1-bd7d46d60efe,2025-08-26,4,5,Approved
5d595f6c-2186-4405-ae62-02efccfffc0f,2025-09-29,3,5,In Progress
7ea473da-c686-4e30-9f2a-2d4c1f568305,2025-02-17,1,2,Approved
e7d162dd-6696-4e82-8d8d-b7509c282561,2025-08-19,2,2,Approved
7ed3b41e-65c7-452f-9660-afc0106718ba,2025-03-30,1,1,Approved
16312607-1ca9-49d5-9eac-d6c0a1825801,2025-01-21,4,4,Approved
9473d20d-e2c9-4eac-90b5-c216085dbd52,2025-06-17,5,2,Approved
c5bc5b40-df2b-4c1c-aaab-cc6aa5428edb,2025-12-11,3,5,Approved
90661b6b-9ef7-4b78-baf2-9e321748520b,2025-12-04,2,3,Approved
85a0c0e4-998b-4a69-98b3-2dd1222e450a,2025-07-08,5,5,Approved
f25cccf2-6b23-459d-b251-613f9241d2b0,2025-10-04,1,4,Approved
3094f931-410c-4628-8d56-0f238793e310,2025-11-03,2,1,In Progress
24f2a13f-9437-456c-a511-2a05fe3d2a6a,2025-03-02,4,2,Approved
b2a51a8c-3971-43d9-a08d-f557ffc79934,2025-08-05,1,3,Approved
b169c69c-89b5-4767-a5e8-13a9a3790e00,2025-12-15,2,4,Approved
f9529900-c5d8-4980-9568-4a5432f13f21,2025-08-06,5,5,Approved
d34ff83b-a862-4160-9d0a-811f140210df,2025-03-19,4,5,In Progress
78697487-1c2d-4432-a6fb-bd8345b568f2,2025-05-07,1,5,In Progress
18d831be-23ec-4a96-b561-5ffc3f14f2fd,2025-08-22,2,2,Approved
f1165189-11bf-42a5-b61d-aa9f9b04ef36,2025-04-18,5,2,Approved
3aafb7a0-87ef-41f5-bfe4-b10dfb14acc3,2025-10-10,2,2,Approved
3cfc9205-1564-4d20-acd8-4c4afd3eb71b,2025-08-25,4,3,In Progress
fe64b79a-1aa6-4058-b6cf-ad7a748f9de2,2025-02-27,4,5,Approved
a31bd914-46ac-4496-a30a-b8b74a98a8e4,2025-03-14,5,2,Approved
6f9cf600-b781-4c9b-a1da-1fa872854a67,2025-06-18,5,1,In Progress
fc217fea-e4a3-47c4-be19-3a9b7946937f,2025-10-09,1,5,Approved
def01ed6-c590-46dc-bef8-d7463aa106aa,2025-08-18,2,4,Approved
91cf7693-cc7e-474e-9f46-9d0d1f2d900e,2025-03-09,2,5,Approved
0982bf8a-d991-4b0e-95c5-e128aa14e9f5,2025-10-11,4,5,In Progress
bb7fcc31-0d48-4ad2-a838-57d61166bf36,2025-03-13,1,2,Approved
d56ef626-b77b-48e7-b38c-e906cd18b9ad,2025-04-23,5,2,Approved
a5f2f5ea-8f59-4385-902b-5bdc10e39098,2025-02-15,2,1,Approved
afcfd148-8758-42a2-a5a2-fa5f69ee8602,2025-12-08,3,4,In Progress
3771daef-8388-4202-9bb2-c0a78b003be3,2025-12-10,2,1,Approved
71977cda-8f9d-4385-bb39-68dc214f692c,2025-04-16,4,4,Approved
ea1c7986-5929-4ea0-83e3-28e584460517,2025-12-20,1,5,Approved
7a070b12-a4fa-4773-a97d-0b575543e4ae,2025-04-19,1,2,Approved
02103aeb-ba8b-461d-8a5d-08f110afa72f,2025-12-25,4,3,Approved
01aa291e-819a-403e-9e6f-5aa158fa6825,2025-01-06,4,5,In Progress
4c8d26d7-26e5-4c33-b2b9-62e26328ea9f,2025-11-11,5,5,Approved
fdd1cb62-6c42-4ffc-afa3-9d23c28cbe45,2025-11-28,5,1,Approved
d31e732d-d3c5-4386-92aa-3cc5f7c67b09,2025-02-23,1,3,Approved
0284fa3a-7847-4c36-8fc2-df807f6556e6,2025-11-10,2,4,Rejected
bfb14584-1aca-40f1-a986-c49fa192b1bb,2025-08-09,1,2,Approved
0b2b4b82-cba1-4742-a975-570536dc38b5,2025-04-24,1,3,Approved
b5e323e0-76c1-48d7-be3b-268d8db505c4,2025-04-24,5,3,Approved
7b2bd822-48fc-489f-94a9-c0892a6428a8,2025-12-20,3,1,In Progress
8c83befd-6d6d-4ab2-ac6b-903933de7fd9,2025-07-10,3,3,In Progress
eccee2fe-9d39-4842-848f-e6b38e6a599c,2025-03-16,1,4,Approved
afb5c3c6-af1b-4d2e-b39a-93f2c117c630,2025-08-08,1,2,In Progress
ecd76a91-0205-4a71-9c1e-908f335f21e0,2025-03-02,5,3,Approved
877dde79-0c41-4185-9f32-462bc02283d5,2025-04-16,3,2,Rejected
59911080-902b-40aa-9e49-4d8c627bc6ff,2025-09-20,5,4,Rejected
99942fa7-75ea-4b2c-af90-ad1ee908d0f6,2025-09-19,2,3,Approved
4171cf69-786e-4605-b695-80beefd935ba,2025-01-22,3,4,In Progress
bb911465-3525-49e3-9f0e-4d6213c887be,2025-11-29,2,2,In Progress
78ad2785-0265-4627-b5f1-f3a57e3b6063,2025-07-31,5,1,Approved
1c45cb94-5a4d-40f7-b2ff-04e4d485045c,2025-12-07,5,3,In Progress
4ab177a2-a2d0-4b92-aab2-3c5b7da72720,2025-07-18,1,5,Approved
9ca42ef5-c563-4901-b675-a7707af38cd9,2025-07-22,5,4,In Progress
0fe67b8b-f8d4-4dbe-b9c0-9fc97af36ab4,2025-07-14,5,4,Approved
90bcbe44-37e3-4154-8a3f-c80464065fc4,2025-10-05,5,1,Approved
c9c25268-6107-402e-8eb9-1ad35dd945a7,2025-12-28,3,3,Rejected
9367b22c-5ea6-42bd-9c1e-8057cfff1919,2025-03-10,2,2,Rejected
a8cea741-38b3-4c63-8e6b-ae32e9578e53,2025-12-13,4,2,Rejected
dc7648fa-bddc-48c6-bc5f-f83a8c76d0fa,2025-01-12,3,3,Approved
e5673329-6386-439f-800d-02b6c7ae14c9,2025-05-13,3,2,Approved
ca5c2c91-4e0b-435a-ba9a-3af31bc3422c,2025-09-24,4,2,Rejected
ecf97a82-b46d-4ff1-b5b4-21e7f0d2a8a9,2025-10-17,2,5,Approved
0205db91-9778-42c2-9659-5847e6608b38,2025-03-28,3,3,Rejected
8e37e5a9-cc07-4557-b700-1677585fe58e,2025-05-05,4,1,In Progress
164fcd90-1ea1-4aab-a13a-60616799139d,2025-10-13,3,5,In Progress
91fb10b2-5e3f-4fa5-b7b5-1520e2b74fc6,2025-02-02,2,5,In Progress
6d029c54-9fcb-456e-a52c-e272f5f60e1a,2025-02-22,3,5,Rejected
855c7a8c-6e1c-4534-82c3-1ef3d7482b4c,2025-09-01,4,1,Approved
5e940faf-b1fd-4669-9db9-fbcf491b094d,2025-06-24,4,5,Approved
6f18f493-b569-48af-ad78-fbee40b490e7,2025-01-04,5,3,Approved
acce48be-af8c-45d1-8693-8a3e60bd0191,2025-03-04,4,1,Approved
60192834-1d36-4680-9b41-82c6bf277ac9,2025-12-27,2,5,In Progress
879b1607-6357-4254-91ef-40324e80416d,2025-04-17,4,1,In Progress
7f59129e-3663-426a-bf1c-26d2a6e02b23,2025-06-23,1,3,Rejected
33a5fe8a-4bfe-4f3d-9e97-5bda634498e3,2025-05-20,1,4,Approved
edc55d5b-a776-45c4-937f-e36e1133581e,2025-11-23,1,5,In Progress
c7ccbcfe-4697-4949-b61c-5f80be2ab6c4,2025-01-28,2,1,Approved
b269b3e1-1936-408f-ad34-c41964d1c358,2025-03-01,4,2,Rejected
c5402646-64a4-49c9-ad46-66fc5948b3f7,2025-10-04,3,2,Approved
b5716c8a-b314-44ad-8f65-f241f292cbe6,2025-11-04,1,4,In Progress
0b10ef20-fd12-404b-ae9a-19dd4f8a7c0b,2025-03-11,2,4,Rejected
fe7991da-7980-4502-ad17-5d2c7dc54c51,2025-07-10,1,5,Rejected
23e6d491-b3ef-4c58-ac74-43e121490f1a,2025-01-13,5,1,Approved
f0118d68-0c01-4c4a-a9cc-04558c43c71c,2025-06-02,2,4,Rejected
09250f78-9065-4159-a2ea-a7d00e6290f2,2025-01-21,5,4,Approved
57a60307-d32b-453f-b896-bc9acc5cab08,2025-01-25,4,1,Approved
c6504ccb-dc67-4122-8c22-c39093fc5d88,2025-11-30,2,2,Rejected
509def09-333c-4094-adc7-7b3ca897304a,2025-09-01,4,3,Approved
c6b61dec-e93f-4435-b9c4-9f95044279a7,2025-03-26,3,2,Approved
cffd2750-1f9e-49f5-9201-26d38b3c1c80,2025-08-15,3,3,Approved
1f345cbd-0b26-404e-ae16-09641baca602,2025-04-07,2,2,In Progress
bd41a36a-c4de-41be-bca6-75ce136890a0,2025-05-13,4,4,Approved
affc44f7-f3b3-43b5-9a52-aa78e95131c2,2025-01-17,4,1,In Progress
dc0eebaa-483f-4b1e-b0f1-22360d80cc68,2025-09-02,2,4,Rejected
c41669e2-722a-43c5-9482-97ed11d3f5d1,2025-01-15,4,4,Approved
b6ff37fd-51fe-47cd-abe4-e24bd20f12d1,2025-12-15,3,2,Approved
473353fa-c723-4367-aebb-060246fb69d3,2025-09-01,2,2,Approved
efc0c2e3-43ce-4f73-83fa-0cbb40b87dcc,2025-12-15,2,3,Rejected
45d61fe4-9e02-4aca-8185-c62a1965a4f3,2025-08-07,4,3,Approved
d1b1652e-581f-4598-bc08-817f3294c992,2025-10-04,4,4,Approved
e5393e14-04bb-402b-b51e-7a54947ab931,2025-04-22,4,5,Rejected
72326788-fe49-4d02-a427-b277959835d6,2025-08-18,5,1,Rejected
4709539c-ae0c-4acc-80f5-18d7645a3006,2025-01-21,1,1,Rejected
1f47a57a-3d3b-4556-95ca-e1a83a2691d4,2025-03-23,5,2,In Progress
a3a385c1-e090-422d-85ac-e64c87a5e253,2025-04-20,3,1,In Progress
0b1ff687-6c48-4aa2-95dd-e035d03556c4,2025-09-22,3,1,In Progress
172ba3aa-3822-45ef-84da-57f7e1883cbc,2025-02-26,4,2,Approved
233c4db7-12fc-4be1-a844-31841aac09f2,2025-06-23,2,1,In Progress
64ebc286-658c-4e19-80b2-550a9578f175,2025-03-11,3,5,Approved
06a3414a-0bea-437b-887d-69782be374ff,2025-12-19,2,1,Approved
27bb8724-0d6b-4268-92d2-c63675b5989c,2025-04-12,4,5,Approved
3047ee36-8575-4815-8890-e7abf66fa950,2025-01-26,1,2,Rejected
d5d1e008-b00d-4d1d-9680-cb2422261378,2025-11-26,1,4,Rejected
058afda6-818b-48d0-9d93-dcbf74464839,2025-03-01,2,5,Approved
7e115021-dece-4f63-978f-25c19d95b71a,2025-09-01,3,4,Rejected
18865b01-aed8-49b4-9e06-262f093b4d8d,2025-11-26,5,1,In Progress
27739a3c-bdd4-4d3a-a03b-99f1d8baa0d1,2025-06-30,4,1,Approved
f2aeacb4-4b43-4d60-8f1c-8fd0ada37c58,2025-08-16,2,5,Approved
bafc6d7f-f89d-433f-aa45-8850363d1500,2025-01-30,4,2,Rejected
a61290bc-18c1-4e29-b686-cd44328e2880,2025-06-20,3,4,Rejected
2cf5c46a-71bb-416f-86fc-ca05ac203a88,2025-04-17,5,5,Approved
caf12460-06de-498b-bbbf-0db5d63ee4b0,2025-01-03,2,5,Rejected
081998eb-2b4d-4cd4-b91a-4aef15615a25,2025-09-23,3,4,Approved
80890200-0f8f-4999-98c4-7b3223aac44a,2025-01-09,4,3,Approved
66c6febe-1e7e-436e-be36-fa7fe4beb844,2025-08-21,3,5,Approved
2c56eab7-48a0-4b8a-85fd-68629f855697,2025-09-19,2,2,Rejected
1c27f03b-97e9-4ed8-a417-c2874932c810,2025-09-18,4,5,Approved
deeb9312-43d8-4d28-94f7-df0813e8ed6f,2025-02-26,5,3,Rejected
be7aad6b-4563-4765-823a-890c42385682,2025-10-21,3,5,Approved
51b7e479-e163-462f-a970-d387df240c1f,2025-08-19,5,5,Approved
1008bb5f-5b4e-4536-be0a-09b5b198d07a,2025-11-03,1,1,Approved
d820fcfe-609c-4299-b783-044e0038fb67,2025-01-29,2,5,Approved
5a17b56e-80a7-453c-8074-7fbd4be35173,2025-09-27,1,1,Approved
400e29b6-d350-4f04-84ff-b3377f6ec4a0,2025-12-21,1,4,Approved
6ee12aa7-1904-4349-b5b2-3bb7bec822f4,2025-10-01,4,5,Approved
b01f92f4-3c6c-4247-84cd-7b4ca5f62b0e,2025-07-01,5,5,Approved
e058a21f-21fc-4d48-803c-61b1c9fc133d,2025-07-05,5,4,Approved
03247472-f5ac-47cb-a48a-d18380e4c88d,2025-04-30,3,4,Approved
67678d1c-0d48-4a32-87bf-879de02f2694,2025-08-26,3,2,Approved
5f9c33be-eba7-4465-9f48-2590c5d8be6a,2025-03-05,3,4,Approved
679e582c-f171-430b-9c63-2747de67f97a,2025-07-16,4,5,In Progress
22a5da61-782c-46f9-a137-5514afd54d55,2025-12-15,4,5,Rejected
7b4c8d15-ac1c-42b5-be54-a9b672beef10,2025-12-04,1,1,Approved
89ded562-3da3-4e7f-9d61-3dc070623613,2025-03-21,1,3,Approved
d3b114b2-78fa-40fb-8fb0-c1da0d7fe05a,2025-05-19,3,3,Approved
900f0c48-f554-4370-8970-2a87e12b9dd0,2025-08-02,3,2,Rejected
28db7d3a-8f40-4804-97b2-703480cb0436,2025-01-29,3,3,Approved
ae08c117-91c3-4268-8cb0-e49bfcea0311,2025-12-12,5,1,In Progress
db6e774f-af4f-4e10-9113-d95ccf9d3641,2025-09-24,3,1,In Progress
0e713a0e-6d82-423e-9e68-ac338407352f,2025-08-01,3,3,Approved
26cf73c0-3b37-4da5-8c7e-2c2932384b9c,2025-09-18,1,2,Rejected
b34846f4-6da4-4592-bb6c-d5ac34f376fd,2025-12-08,5,5,Approved
4702e4b5-8b34-4725-b44a-04b7b4b7b746,2025-03-16,4,1,Approved
bbc8b5f0-f330-4ac7-873d-a15baf5a11a9,2025-11-15,5,3,Approved
3ecb5d4e-3b35-4bb2-9c49-11a1570599d5,2025-03-17,3,3,In Progress
056b72e1-5718-427f-8b8e-c3d73d57a64f,2025-11-01,5,1,Approved
5fcaa870-832a-4168-a5ef-847f0a6b2c51,2025-11-14,3,2,In Progress
debb222c-d1b9-4940-9a3a-0bba8ae0de32,2025-05-28,2,4,Approved
76973bb2-5cbd-4d5f-bb81-562824efe410,2025-05-20,5,1,In Progress
2036e9d4-b518-4c07-8bd4-41defe874c8a,2025-05-16,3,1,In Progress
fe94263c-883c-423e-a74c-dc9ed2734bfd,2025-12-20,3,3,In Progress
075279ec-3e02-48a0-907c-090782a69b68,2025-04-29,3,3,Approved
c8ca8f21-badf-4ece-9f31-36ee7df332be,2025-10-03,4,5,Rejected
b8df12cc-7d87-43f1-9c9b-b7c81a64afcd,2025-07-12,4,1,Approved
22bd93c1-4223-42dd-bd5d-0272efbce352,2025-06-20,1,4,Rejected
15a8861b-a0e7-4a1b-95ae-8268aaf046ce,2025-06-11,1,2,Approved
97d79c2a-4ce9-4619-adbe-01640b62e6ef,2025-09-30,5,2,Approved
43382182-ded6-48fd-9e19-8514d57de2dd,2025-05-17,3,2,Approved
6d0dea25-c50c-4308-9e59-f3ed5bd4af19,2025-11-07,1,3,Rejected
1ee9fff2-bd21-44bd-9214-e5bf057434f6,2025-04-03,1,4,Approved
af333b0f-a718-4299-b767-43eccbfc8f53,2025-12-12,4,1,In Progress
f7a1368c-269c-4b6c-90fe-898e91f90dad,2025-09-15,1,4,Approved
04fbdde3-1b6f-48a3-9aef-a910b0f84c4f,2025-04-08,5,5,Approved
e3496467-358d-4866-9dd5-42dae7938f71,2025-01-02,4,1,Approved
2107e570-56d1-4c15-a398-1cedc602b9d1,2025-05-04,4,5,Approved
f9c4d44a-a0f2-4900-b5a9-31ddeeacbfbd,2025-05-04,1,5,Approved
7b487d7a-d906-4370-a3af-ca0fc89205fb,2025-04-13,2,4,Approved
bdf9bd26-af3f-4e2a-af75-3c2c241490a2,2025-03-02,4,4,Approved
34f249c1-477a-456e-9985-ecd81a8dfe88,2025-04-07,5,2,Approved
3829fd53-d57d-471e-a1a0-5585a9b93e1d,2025-09-19,2,3,Approved
8b2c2fba-70f9-487a-b17e-68ab96495008,2025-12-20,2,1,Approved
6dcf14a2-06db-43f4-af20-8759562587ae,2025-04-24,4,4,Approved
ed47f75d-a092-4060-bfa7-a11cc85814c0,2025-08-04,2,2,In Progress
a1fc7177-95db-4dc1-84b0-8b9b5a15f2cd,2025-10-19,3,1,Approved
47c3cb80-c630-44b9-bce1-6ccea55f9b58,2025-05-04,3,3,In Progress
67ee0143-89cf-4621-967a-fc4cfe1f5e82,2025-08-31,5,1,In Progress
1a38b163-6f01-435a-8363-1ca265ab37c7,2025-08-16,5,3,Approved
0f43d4fc-c824-4e7d-8490-daabaeb7aa51,2025-12-10,5,4,Approved
f731ec8e-a6d4-42e8-a2cb-d2fec0d80b92,2025-06-26,3,4,In Progress
ecdbb6f9-14b8-4c41-80b0-61d8b69c58fd,2025-03-14,1,5,Approved
fbc7eeb6-4720-4bd3-a185-54b5d093fec9,2025-10-19,2,2,Rejected
ff195f22-02c8-42f7-9db0-3e5c994acb17,2025-03-03,1,5,Rejected
d3e6d93f-903c-459d-8c25-a61ccfa6f1e9,2025-05-17,3,1,In Progress
b79cb231-d0ba-438f-ae3d-e2c1a7a2de2a,2025-02-21,5,5,Approved
d3588bcd-eed7-4df4-8a7e-c8a64d98fbcb,2025-08-25,2,3,Approved
65e9ffe1-658e-4c4e-8122-2e45b353736a,2025-06-04,2,5,Approved
45967033-19d5-4bff-9b20-348ffbf66a7c,2025-10-23,3,3,Approved
cecbd29d-9adf-41bd-8d9c-be9ac304b3e2,2025-01-19,3,5,Approved
a2703880-7338-4019-ad1a-4b712672102f,2025-03-02,5,4,Approved
743bffde-2fd2-47a6-9293-6c0e36973ca9,2025-07-09,4,4,Approved
9a4f9104-d2a6-47bb-956a-365711a48b4e,2025-11-18,2,3,In Progress
12173566-2a30-474f-b7e4-ca2d69706afe,2025-07-21,3,3,Approved
960dcd57-f5f7-4e52-8edd-d2bb1bad14a3,2025-06-20,3,3,Approved
bf8b3f3d-ba13-435e-81f1-963131b681e9,2025-01-04,1,5,In Progress
3e4cd60a-9e3e-464f-83a8-17a2a348acc5,2025-11-22,4,2,Rejected
e169b591-3dc1-49fb-9045-e73e65554f8b,2025-10-20,4,1,Approved
daa6bfbd-2ac0-4080-9b68-184cc2e1b4da,2025-04-16,5,5,In Progress
4c79b036-b046-4aa3-a859-7dc4f36312e6,2025-03-07,1,5,Rejected
179f6a96-0f23-4c70-8135-f27def5c9127,2025-12-10,5,1,Approved
50d56786-9bb4-4f74-979c-d836e1630c9d,2025-11-22,2,3,Approved
53741ab8-227f-47a4-b14c-d19652e63c6b,2025-07-15,3,4,Approved
80942034-a2fd-4e37-b257-e0356dc4d4ac,2025-08-12,4,5,Approved
87b97e76-1448-48fc-935f-bc2d99a107be,2025-05-17,5,1,Approved
b27bed11-739b-4f30-a1a0-1e7925e1457d,2025-09-20,5,4,Approved
df9f2e49-a6b6-4cce-ae66-1b3396c49adf,2025-11-19,4,5,Approved
ef7337f6-29fd-4234-90f2-1ab84ed8a06f,2025-03-10,1,1,Approved
431f6659-10ee-40f7-bd22-8a3db3c77f90,2025-05-02,5,3,Approved
090a800a-639c-4e5d-9780-3d1cd49e6f86,2025-05-28,2,4,Approved
6e10739a-8c71-4120-83e0-723c96ad9d25,2025-07-12,3,2,In Progress
99869658-9b6b-4cb7-a8f9-d78fd37d1a2f,2025-03-09,2,3,Approved
badd0100-112d-4dd4-b105-20d45aeccffd,2025-02-16,1,3,Approved
8eb5a8c6-331d-43c6-a5cd-f767a0d21215,2025-02-22,5,4,Rejected
8ee029b5-6a19-49ea-ab88-4b7c1144b85b,2025-04-14,5,1,Approved
6690710c-c009-424d-932b-011a49bf3fc5,2025-04-28,3,5,Approved
c3e5dcc1-0193-4327-8b1c-192bdc5a0148,2025-05-06,2,5,Approved
b48f22b2-0c07-465c-a864-64e5bc9c1db7,2025-03-19,1,1,Approved
41ec48e8-33be-4f8a-b62e-ae67bcb11a20,2025-12-06,3,4,Approved
860a2be8-cb65-431a-98d8-1e00e1eda06c,2025-08-23,5,5,Approved
d1747716-40b2-47dd-836a-47e4f85da60b,2025-01-14,2,4,Approved
e6084cbf-f894-4594-b25d-724a3cb78b2c,2025-08-31,4,3,Approved
e7df7130-d797-4782-8ec7-01c2b9c41ea2,2025-08-23,1,5,Approved
17f3e608-4f1a-4314-bffc-8000a37138c2,2025-12-19,5,5,Approved
8380a805-17e3-406f-afce-1bbe2582b91c,2025-06-28,3,4,Approved
18391d51-7948-4f71-8d04-01f7c47f3706,2025-05-01,3,5,In Progress
2ac93a06-9e32-46d3-b35f-427739ae5356,2025-06-11,1,1,Approved
4f4f30fa-14f2-412c-b9ba-5854448ada53,2025-11-19,1,1,Rejected
86e9327d-9fcc-4841-81a4-78104623af47,2025-01-25,3,1,Rejected
9753c811-fe55-4860-a594-fa5faa2e40a3,2025-03-29,5,2,In Progress
718a2b75-03c7-4fc1-8c53-a3b56ea1ee33,2025-01-31,4,4,Approved
7cc99e85-3c33-4828-8fd9-96f044d920b2,2025-02-16,4,3,Approved
c056e620-830d-4c69-bf21-3403c284ce5d,2025-03-09,1,1,In Progress
cdb0f93c-093c-4ba0-b3cd-36bf28654893,2025-07-26,3,1,Approved
03726482-1026-4ab5-b6c4-125804f7cca8,2025-11-13,1,4,Rejected
530cb7d2-9885-460c-aeb5-034299daa102,2025-10-16,2,2,Rejected
a5dd958c-914c-40e1-88fc-e26a80c80201,2025-12-29,2,3,In Progress
070f7e6f-e290-45fd-b9d6-a391172713e7,2025-12-20,5,5,In Progress
cd677cb3-ae81-490a-80b6-011e97754e4e,2025-05-08,4,5,Approved
840f787d-be30-44a3-be89-9fc35a4934ce,2025-07-25,1,3,Approved
a390bb70-c72d-4c66-92ba-9c9fecfb9a60,2025-03-28,5,5,Rejected
6587cc66-8b05-40bb-be73-562fbb335263,2025-06-20,2,4,Rejected
5658a555-50a9-4a28-bf51-0d0099e88367,2025-03-22,1,3,In Progress
74dd7a7d-30b0-49bb-9262-1f4b29b11326,2025-03-02,5,3,Rejected
d538251b-ee9a-477e-b6b2-c38f452efa94,2025-01-21,2,4,Rejected
e854b660-35f4-47ae-94a8-247bf626514c,2025-06-23,5,3,Approved
c87de357-5427-477a-aba8-a609eec02dde,2025-09-05,1,5,Approved
c9223ea5-080b-4a7b-bad5-597e5ecf0076,2025-05-15,1,5,Approved
4c6d8013-20aa-405a-aea4-3c0793692521,2025-11-23,4,4,In Progress
b6675246-46c0-4d46-a0d8-bec00ba1cf9a,2025-06-17,4,3,Approved
2623199b-aa2b-4345-bf07-c3309bde7794,2025-12-17,2,1,In Progress
cad955c4-ea00-4fe8-b174-c688e03fe794,2025-07-06,4,5,Approved
83c0b885-13cf-48ad-8a65-8eb9556a4878,2025-02-04,4,2,Approved
c0c184a5-243a-47fd-828c-3f50a99f63a8,2025-10-02,3,1,Approved
0cc6680c-8dad-427a-acf8-2f235532c661,2025-07-10,2,2,In Progress
3e11c11d-1616-4948-a517-bed015200be4,2025-04-16,4,4,Approved
de35ac5a-6016-44cf-b3f8-f8f94a37dfe6,2025-02-18,5,4,Approved
6d5bf3e2-3cb0-45dd-ade9-bc572f4b6df6,2025-04-19,4,1,Approved
7f92345d-98f8-4784-96e3-20fd98a69f8f,2025-08-31,1,4,Rejected
78925fa2-596c-4958-8c5e-9b102cdaf87b,2025-08-19,3,5,Rejected
f21cb88c-8676-4dae-9877-f6483ab99309,2025-08-11,5,4,Approved
5b31c8bc-8a1e-4012-be47-e9354db69407,2025-06-04,5,1,In Progress
7daf4c52-ffa7-4358-a421-47ce9eb576d6,2025-12-06,4,1,In Progress
54ed7ea3-2690-4819-8291-8f03912f9085,2025-01-09,2,5,Rejected
a220d46a-1eec-4b0c-803d-def22e4ce298,2025-03-19,2,1,Approved
aa40437d-10a4-487a-aaba-d7258a05c830,2025-12-07,4,1,Approved
c748a239-f210-4843-8ab2-79d7679cda49,2025-06-26,3,2,In Progress
9c9d047d-083e-43f9-a77c-1233ca8c27dc,2025-05-02,2,4,Rejected
fb34321f-c86f-4057-8ee4-0a40a3280dad,2025-10-01,2,4,Approved
5ed421f1-e7b0-446e-8b90-8181d6f57605,2025-01-26,4,2,Approved
4bde5d2c-2cdb-4432-9f8d-805cc642bdfd,2025-06-11,5,3,Approved
628697b5-899b-43bb-97ff-4a0048d04c64,2025-08-12,3,5,In Progress
67eef398-a415-4879-9351-46f98458e886,2025-02-01,4,2,Approved
daf96635-67b7-48d5-8cef-90161faa84d6,2025-06-11,5,1,Approved
cefe3589-5053-4585-a584-84f604d6d448,2025-07-05,5,5,Rejected
986906b2-ce28-4c52-83d2-dfa47a4c56ce,2025-09-14,4,4,Approved
52978c47-d12f-4d6e-8888-174dcfa6b77d,2025-08-23,4,1,Approved
3de4c41a-647a-42dc-8624-2632361f792f,2025-07-26,3,1,In Progress
b508c32e-d5bc-4cf8-8afa-a439c67fc12f,2025-04-07,5,5,Approved
d41530a6-8e76-4f46-8c50-0cd7104de3a3,2025-06-11,5,5,Approved
c31f26a4-0a9b-4657-ae14-a94f4dabb1b3,2025-02-24,1,3,Approved
99aef78b-3f1a-480f-a519-eca6b6cd77d3,2025-04-19,1,4,In Progress
2ae89420-96de-4f5d-b1cf-c1e162bc2708,2025-05-24,5,1,In Progress
6a87c9c7-36de-4c75-822e-85b9b78456e4,2025-03-08,5,1,In Progress
bc47b856-90b0-4d2a-adcc-edec38fec058,2025-07-07,3,4,In Progress
aba2b07a-4609-4cb2-b7b4-e29a6bc670d9,2025-02-24,5,1,Approved
eff2b5b7-b334-452d-9250-4a0ebd30b88d,2025-01-02,1,2,Rejected
40d0b9ba-fd18-42f2-b825-4200576079d4,2025-07-30,4,3,Approved
f5b4d356-7b2c-4a89-ba8c-feb163c883a8,2025-05-30,1,5,Approved
cba65d5a-e7ed-48a0-a433-eb80660b5950,2025-02-21,5,5,Approved
454826c0-22b6-415f-a4cc-ba0aa8d37b20,2025-08-03,1,4,Approved
19c7ceaf-ef3e-4aa6-a15d-3cd6418fda3b,2025-02-16,1,4,Approved
a2f9d742-5627-43c9-97b2-50c4ebb42a5d,2025-03-18,3,4,Approved
cf94dbfc-9e82-46ea-8475-bee9caaabfb2,2025-08-22,2,4,Rejected
7394382d-321c-40db-9a11-dd01ae962ce7,2025-07-25,2,1,Rejected
7775641d-91fd-4c0b-b874-e68946fd0a68,2025-06-15,2,4,Approved
25885fc7-653d-449f-83b5-33de9b90d480,2025-02-01,3,1,Approved
3e84b5d8-e449-46d7-900a-67b87e51f62c,2025-08-26,3,5,In Progress
4e0f1ea8-9bf5-424c-9880-a94ebe4f2b11,2025-06-30,1,5,Approved
bd98d964-4d8e-4759-8745-6a21104ee560,2025-11-03,1,5,Approved
a977a230-ca21-47d5-b8d4-c6deaf5e7f23,2025-09-01,2,4,Approved
dbd2b105-9eae-42f1-a08f-5ac17d997f39,2025-05-05,5,5,In Progress
25f39c7d-a769-4754-88be-0eb35666d5f0,2025-07-10,1,2,Approved
a9e81d9b-cd0e-4cf9-aa52-945d2c308f02,2025-03-07,2,5,Approved
f54fc18b-b493-420e-8ac1-9bb726d36f96,2025-12-24,4,2,Approved
0cb3ad43-31eb-4b9e-9629-a480e83032fc,2025-06-25,5,3,Approved
9a8eb406-c4ef-442f-aab4-640f1027007a,2025-06-23,2,1,Rejected
710919a8-5a9c-45c5-8826-5ee8ffd50362,2025-04-21,3,3,In Progress
daae5b31-94f3-4fb8-be5d-c453cb87745e,2025-05-30,2,1,Approved
d56252fc-d5b7-46f6-806b-1a3a41e935e6,2025-08-14,5,5,In Progress
c5a2a77f-0201-46bb-8cba-45a4f499b32e,2025-01-04,2,1,Approved
cc27e2b7-41e4-4190-bcf0-2188c94cd7ea,2025-01-20,5,5,Rejected
bc716e09-f285-43bb-bdc0-5b93720d35c6,2025-03-16,1,2,Rejected
8fbdd066-1b49-4867-b7cc-1ae05273cc69,2025-07-23,5,3,Rejected
23ec8c62-c583-4406-9273-200c978897e1,2025-07-21,5,1,Approved
0d21c662-46e4-473b-b82b-8d6a92f3916c,2025-05-17,1,5,Approved
7bde8633-6f1f-49e1-9c8e-4dbde5ba8d4b,2025-01-21,1,3,In Progress
2583c931-0458-473f-89b3-06e7edbdfa31,2025-08-30,1,4,Approved
f1610160-a67b-4e1d-85d8-5f897409a5e0,2025-03-08,1,5,Rejected
627fb63f-9d75-4108-84e9-65208554ce8e,2025-11-09,2,3,Approved
d6e9ef4c-bbd2-497c-b6a0-1a9fffdd09b3,2025-05-26,3,2,In Progress
ecd57f15-60d7-408f-a784-f28e1357065d,2025-03-21,1,4,Approved
4d8ce4d9-d1e3-41ab-89ee-02e7487edca9,2025-03-28,3,4,Rejected
bd52e44e-c820-4917-84e0-54ebc3ce367f,2025-02-14,4,5,Approved
c86c6f93-1085-4142-bdd4-4779b7217e91,2025-02-20,2,2,In Progress
b9da1fa6-a1cd-4baf-80be-b630cef38560,2025-10-13,1,3,In Progress
e5e02fbd-853b-40a7-b683-e3fbe8dec334,2025-11-01,4,1,Rejected
cf64446e-873c-4c11-a183-2ccfb5dba6cf,2025-05-13,2,1,Approved
a63a33a6-99cb-4fdc-8968-6dd89e15a77c,2025-05-29,1,2,In Progress
38ae08a3-3446-476f-9a71-196009688248,2025-10-23,4,4,Rejected
c170e064-f9cf-4bc0-b707-3e8096ff7874,2025-12-28,4,1,Approved
f5311501-81cc-4027-bb17-06e99e804364,2025-05-22,2,2,In Progress
961d05a5-4a17-43a2-a1cb-ed8673c4bd8b,2025-05-17,3,3,Rejected
df637f8a-b91c-43f3-9f7e-47c9e46f5232,2025-11-27,3,1,Rejected
b002a44f-e28e-4434-9fd0-f1a6d6c80bd1,2025-06-07,4,1,Approved
27f34eb0-50a5-4e7c-9766-82cfe43529d3,2025-04-26,3,4,In Progress
1ec6b339-a873-4691-b1d2-c8bef69c2113,2025-11-13,3,1,Approved
d32d2066-72bb-44ad-9d45-9dab41848bc5,2025-12-10,2,5,In Progress
2c2e9bc6-ae60-4240-a71a-f1ad62d70679,2025-07-21,1,3,Approved
c46a9354-3711-4dc4-8479-ef5005c192fe,2025-06-12,2,1,In Progress
0404ce3d-54c4-438b-8d74-0016001ba52e,2025-05-14,1,2,Approved
ce9c6dbc-57f9-4756-acb4-96086b0e878d,2025-11-24,3,5,In Progress
3fa60291-ebc9-4663-b51c-287ce06b6b06,2025-11-17,4,2,Rejected
b54d0398-2c77-439f-b6cb-6256226b4578,2025-05-24,1,2,Approved
c6220dcb-bfa9-4e83-a340-63b85deb7705,2025-02-10,3,4,Approved
aca1c854-a038-44a7-b0f5-89ed086c621e,2025-03-04,5,4,In Progress
d95c0b3b-fe64-4a4c-8ec0-b3164e00983e,2025-07-10,3,4,Rejected
a00e4f76-9e17-4f0e-90df-ca93673bd389,2025-04-12,4,4,Approved
9dc8e9f9-8292-4f82-9ad1-3df29fac4a25,2025-04-19,2,1,Approved
16e1a420-c859-46a5-8112-67578d2b00da,2025-11-04,3,4,Approved
0b85ee7a-17d5-4863-ab95-e26dd51d5ac8,2025-06-28,2,5,Approved
4755bdde-df65-46ed-820e-0bac4918b8fe,2025-01-15,3,4,Approved
b1eaa6e3-e9fe-4eb7-97d9-4a99d18f9adf,2025-08-18,1,4,Approved
03002215-0589-4841-8751-1f7548f05c7f,2025-10-28,5,2,In Progress
81164885-da47-4816-a574-ed5899546988,2025-05-16,2,4,Approved
ba5ff90a-6498-46dd-a1aa-338b19b2c82b,2025-02-02,2,4,Rejected
b575e6f5-18bb-4b3d-912a-a8ad47b8e622,2025-01-12,5,4,Rejected
007ef25c-61ea-4392-a255-7fed2a613e91,2025-04-11,3,1,Approved
1b38576b-f2cd-442f-ac50-bb45e13b9757,2025-01-07,4,2,Approved
08f26b97-da77-4722-be13-69a4222bf182,2025-03-29,4,2,In Progress
7e5efa72-10c0-4624-aa03-0b7d508cd7db,2025-06-10,4,3,Rejected
bb47672d-10c7-4fa1-ae44-d187eda8471c,2025-10-27,2,2,Approved
00af0baf-8fb4-4fda-bfc2-4febf1bbb4d7,2025-11-22,4,1,Approved
cb039153-8338-4243-aaab-3ca0a6780bf7,2025-06-20,3,4,Rejected
b15599b1-f118-406c-9c30-45a84a86208d,2025-09-05,2,1,Approved
73c3799e-f2cb-4ea9-a318-97b53a2bded2,2025-01-04,1,3,In Progress
c2a580a4-48da-4002-9592-325564a23a93,2025-04-30,2,5,Approved
c9ef7e93-70ee-44f6-8c1e-bb07bcfb1a4f,2025-08-19,2,5,In Progress
eb06fe79-72b3-4295-a12b-3d67e5de654b,2025-10-20,4,5,In Progress
d2083041-e3e0-4768-813e-78fcc337151f,2025-01-25,3,4,Approved
f427fe23-7931-40a0-8817-1385e9db798c,2025-08-01,1,2,In Progress
221589af-85f1-4749-86e8-aeb2a9483b25,2025-07-02,1,4,In Progress
e62948d5-db83-4cf3-b7d8-f4ca31665751,2025-04-10,2,4,Approved
627e2af0-7781-45f8-97b2-cf4b90ee4de2,2025-10-13,3,3,In Progress
d71f4b39-7af7-4935-92ed-9d5f097ce255,2025-03-30,5,2,In Progress
44cc5bf9-45bc-48ca-ae55-8e82129b8d83,2025-05-02,1,4,Approved
4285f267-19ba-4dde-89fd-205a92e95bfe,2025-05-18,3,2,Approved
6a930c56-4517-475b-b9e8-54a1109396d2,2025-03-25,4,4,In Progress
de63c512-b83f-4f4a-a88a-9a70319fd7bd,2025-03-18,4,3,Approved
1b59bc9d-f455-4e96-a18a-88fece9d563a,2025-03-05,3,4,Approved
76e92761-e88e-4ef7-a2d5-fb81a212f2b1,2025-09-25,2,1,Approved
4c6f6c83-ff76-4a8b-a43a-404abd4f0b0a,2025-05-07,3,5,Approved
cdc7129d-b8ce-4766-9ac4-f7883fa8197b,2025-08-08,3,1,Approved
b3533847-e4a8-4bb5-a1ae-8bf6ded27cfb,2025-04-02,4,5,In Progress
af440719-373f-41cb-ba30-a6b355aa23b5,2025-11-07,3,1,Approved
8fcbc476-470f-4401-839f-a91f776f1fbc,2025-12-14,3,3,Approved
997f679d-2137-4b47-8de7-d68e3b6f02ab,2025-11-13,5,5,Approved
edb92a3e-ef14-474b-8a5a-b5a5f7d65938,2025-12-18,5,1,Approved
ea6d3b3e-923e-451b-973a-265762a35233,2025-07-02,2,3,Approved
0e523cf0-cf80-4d85-bf7f-d3f982699394,2025-08-16,2,4,In Progress
2866f553-bddd-44c7-9f7a-1b2f286c4a7d,2025-05-02,3,3,Rejected
d7ac96c6-5591-46c6-accc-acd3f9cc29af,2025-06-27,2,4,In Progress
00b69240-9076-4dde-bcd8-f6620b12cc94,2025-10-10,1,5,Rejected
63e98e9e-0737-4ff2-8c69-4820e04040f7,2025-05-19,2,3,Rejected
04675035-8af7-404d-b737-c03ac18f2ed5,2025-04-26,2,2,Approved
5eeb50a0-33a7-4428-bb4b-277e912d5fcf,2025-10-05,1,4,Approved
102454d4-deab-4dca-b3f7-023d474c85d9,2025-05-10,3,4,In Progress
77136eba-7082-4290-aa7f-69120c5c9f4c,2025-06-09,2,4,In Progress
53be27b1-8939-444f-b751-0e8abfbbd97d,2025-11-07,5,3,Rejected
fd64be32-815a-47af-98c2-dfe42ef8b4de,2025-12-02,5,1,In Progress
2a4be6e1-7812-44f0-bcb1-9e723f397e76,2025-04-07,5,1,Approved
295594f1-13c7-4203-b4e5-a0631dd62894,2025-10-20,5,3,Approved
b4ff1da7-bb63-4ffc-aff4-afa9dbf9d170,2025-07-21,2,4,Approved
557d0575-b4bd-4775-86ad-2d6f0d2ab3af,2025-01-30,5,2,Approved
3d71ef3d-7199-4131-86fa-44c4719609f3,2025-08-03,4,2,In Progress
ec7cff26-1ff6-486c-ac3f-bb585b8ed840,2025-03-24,3,4,Approved
5c571f5d-c319-4d91-a45f-c5174a301227,2025-12-21,3,5,Approved
eafd628e-6457-4215-b2fe-aa877290a1ba,2025-09-07,5,5,Approved
d75da4dd-dbb7-4fe2-b13f-6e284e740b3c,2025-08-16,1,4,Approved
d82ce80d-1ba7-4001-9c5f-3a4b7daec8f0,2025-04-09,5,3,Approved
12c16f9c-44df-4d99-9fdc-b2db7d177701,2025-07-12,3,4,Approved
49eb6234-ca65-4e45-83a3-3b3c5334fcdf,2025-06-23,5,5,Approved
cf891f85-0f63-4308-ab1b-cee6f4d3dabd,2025-07-30,5,2,Approved
2655da4b-84c9-4116-be39-65d6d896182f,2025-05-22,1,4,In Progress
f412a3ac-91fe-4aef-a076-f21d64ea7363,2025-04-21,5,5,Approved
2f7d4121-bd25-4d07-bc8a-defaac013e0e,2025-08-19,2,5,Approved
62fb23a8-eabe-404f-8d96-8687bf36560b,2025-02-01,4,1,In Progress
d8d3f389-52bf-4c63-82b8-134aef081ed0,2025-06-13,5,2,Approved
04cb04ff-85e5-464c-b13f-c25fce2eebfb,2025-02-16,2,4,Approved
225cb97f-c11e-4a35-a905-cd1b3f918f58,2025-06-25,1,1,In Progress
20b27a4f-dfb6-4b15-b113-a34e475f19fb,2025-05-16,3,3,Approved
1c772b34-4e99-4a74-80a2-29bd30e87c83,2025-11-10,3,5,Approved
a9d6d4c8-89f7-4f85-963b-c4b0d2d83bee,2025-02-12,2,3,Approved
e97ed445-9151-49e1-9a11-3246becb9881,2025-03-14,3,2,Approved
f96f8dc8-0ec0-4517-94b5-6cd1010aec9d,2025-12-29,4,2,Rejected
00a05fc4-0478-453e-b561-38fc87d1aff5,2025-04-15,2,4,In Progress
dcf665aa-a55b-499a-8e8f-5dd3a5bf6727,2025-01-23,3,3,In Progress
76b72592-69fc-4bc4-901b-300d0c14ec7d,2025-01-05,2,1,Approved
3246ab24-a042-45d2-a83c-003c46b9eec7,2025-12-27,1,5,Approved
801b8619-ebf2-4afa-9c69-b7f4a3637756,2025-01-09,4,4,In Progress
311575ee-d345-404d-809e-2fc177fd1a02,2025-09-01,3,1,Approved
5dd8c16d-5168-477b-ade1-01c88b08507f,2025-04-02,1,1,Rejected
27ad4337-982c-40f1-81b8-f262ae1bf567,2025-02-14,4,5,Approved
b142d68e-dda0-4fcc-be67-8141a341c0fc,2025-12-11,2,3,Rejected
6e838558-114b-42e3-9e4c-af9039e34a5f,2025-01-31,5,1,Approved
db0ffec6-92b2-4a3e-aa4b-44991ebc1fef,2025-11-05,3,3,Approved
5a55768e-53b9-4fb1-946c-7802becc2d72,2025-03-19,4,4,Approved
d950cb91-12a8-4a7e-8806-691758be1f23,2025-11-29,5,1,Rejected
09b8a0a3-cd71-443e-885f-4bc17a69e8d7,2025-09-26,4,3,Approved
ca3457e8-4d83-4658-a920-a9e650f252b5,2025-12-19,4,5,In Progress
307580ff-9b5c-4f98-9478-66917fca1943,2025-04-15,2,2,Approved
fe150693-a2aa-4be8-9c5c-b909a7cd1200,2025-02-14,4,5,Approved
8022fd89-0c74-42be-ab59-42ac34ed0f23,2025-11-14,1,3,Rejected
27e4d12d-9f5e-4ce7-bb32-e2069633883f,2025-03-03,1,3,Approved
a53b0bbb-8c58-4cdf-84a4-6bd4e27db160,2025-11-01,3,5,Approved
393b0bbc-d859-4247-a17a-de83ac6c9206,2025-11-17,5,4,Approved
c2428b46-344c-4430-8bdf-b2b603a09bff,2025-08-04,1,3,Approved
24ba40ba-bd92-4c71-81c9-d8923f9b74e1,2025-12-27,5,4,In Progress
ae58e369-bdf5-469e-a5df-892f07b988cc,2025-04-22,3,1,Approved
704ebc9a-eade-4dc4-8e09-0b4723da06f4,2025-06-17,4,1,In Progress
0485a4d9-a8a7-460a-9ee4-6b36a02c354e,2025-07-21,3,1,Approved
79588ba6-a7b3-41e9-b8ed-4f9670bf3731,2025-07-14,1,2,In Progress
9f76406e-d20f-41fa-964c-db6ed026da65,2025-11-08,3,1,Rejected
b8196528-9841-4833-bf97-36d04a37166c,2025-05-06,2,5,Approved
0738c9c8-cfee-4f1d-a90b-4da0594f44ec,2025-10-22,4,2,Approved
04511309-3d56-4271-9bac-543fe4603e61,2025-10-02,1,1,Rejected
b18a32e0-d934-46bb-bf07-c0831b9d7c96,2025-03-13,4,1,Rejected
4d1e7754-c306-4429-a3f4-e585bcf43ccd,2025-02-17,5,4,Rejected
11dde34c-a8d3-4cfc-81db-f296ed5bcb05,2025-02-27,2,4,Approved
32c134dc-1471-488e-92be-2363e521a9a3,2025-12-11,3,5,Approved
53fc272d-e6a5-4e8b-8d87-8245a7bcebfc,2025-09-30,5,2,Approved
5ed9715d-6135-43a5-ab56-3190e7a9bafd,2025-12-18,5,2,In Progress
65cbfd1a-7a98-444a-9f6c-2c6c517ab232,2025-07-21,1,4,Rejected
0ac4213d-8c19-4a7a-aee0-a799247a5617,2025-11-07,2,1,Rejected
3ed25036-84ef-4cbf-9b40-4c2a9b290bbe,2025-07-25,3,5,Approved
1232e302-6371-404c-bf2e-b38105f5afe4,2025-03-10,1,3,Approved
9b32875f-59cd-4c38-8f8f-9ccf0a1a1da1,2025-07-21,4,5,Approved
9e5de6f7-aa67-4718-b1c9-2c13225ecd82,2025-12-15,4,3,Approved
3aee4586-f16b-4b32-bb9d-617eff2e1be2,2025-10-07,1,3,Approved
6eab9321-c607-41bd-9a37-cedbdc71e62c,2025-10-27,4,5,Approved
874b4cf0-7d27-45aa-be1a-6e76699745c8,2025-02-27,3,2,Approved
62e3948d-acd4-4a36-884b-80b749ad2003,2025-05-14,3,3,Approved
ebad2737-a46a-42e4-996c-99dde36b63e9,2025-09-08,2,2,Approved
9e614d8e-b39a-4b63-91b3-f17de77d6849,2025-01-17,4,1,In Progress
3230b67e-1d4a-413b-9ee8-158c7426362c,2025-09-30,3,2,In Progress
3f12d02b-47a9-4f1b-b5b7-a2de8bdeca7b,2025-11-17,1,4,Approved
2e5b1249-788f-4f3e-8115-5f8cee12b607,2025-01-06,2,5,Approved
87b78180-7bc0-4621-adf1-960ee2470d3f,2025-02-02,2,1,Approved
0c18fd6a-064a-4c1e-9dc1-4ba91ff12f7d,2025-09-16,4,4,Approved
2d415497-4a87-4320-a6a2-0313be77a16c,2025-03-25,1,3,Rejected
e3145ac0-da18-4232-af53-51c6f54f69d7,2025-11-21,2,4,Approved
58a1d373-5130-46e6-979e-207099cdace2,2025-01-01,1,3,Approved
299b08e0-2edb-414c-bc4b-ef9132202b94,2025-03-10,2,3,Approved
2dccb584-c0a2-4280-848a-e420d17c93c9,2025-04-23,1,4,Approved
81705c16-de8c-466f-adb2-6ee54e0dbd9f,2025-09-21,3,1,Rejected
8d621c88-163a-4895-a906-db98685c6c3f,2025-04-10,5,4,Approved
1cce37bd-7274-4ebb-a7b2-fed29eb87b90,2025-01-07,2,4,Rejected
640cd48c-0b26-470f-9ec6-1e284cb4eaea,2025-05-18,2,5,In Progress
b2fcc8f8-d718-404a-a3af-6af52d25529c,2025-06-17,3,3,Approved
b8de002d-4c9e-40f7-b078-026954ca0d52,2025-05-08,2,5,Approved
31c91437-aebe-48dd-a315-a49c6693776b,2025-11-19,5,3,Approved
decd12be-834b-4ae6-bb4a-7c03f9ce43d2,2025-08-27,5,4,In Progress
6a257d37-89bc-4696-9be6-cf90848e31cc,2025-12-25,5,1,In Progress
a148642b-18c3-4e58-b3fb-e4f5ef06bbfc,2025-06-18,4,5,Rejected
262d0251-8a67-4f49-b3be-9f69c3281ca8,2025-06-01,3,2,Approved
c3368ced-d98b-4357-b748-765f8c0839ba,2025-09-12,5,1,Rejected
99e21566-9d1e-49c5-bf3f-5ed78c49ece1,2025-02-12,2,4,In Progress
a6175da5-1b00-4a6d-ab98-a871af269ae6,2025-03-26,2,4,Approved
1d398a8b-9c7e-4cc8-9858-37e1c500ddd6,2025-05-18,3,4,Approved
7463adc2-4791-4404-b4f0-2805eaa49267,2025-03-19,5,3,Rejected
0c2b5dca-623d-4eb5-b373-ebbb3bc1fe86,2025-07-15,4,1,Rejected
f990b70b-1cc2-4da9-83b1-517ce86311fa,2025-02-17,2,3,In Progress
a439d925-5754-471b-b188-50260bd86a49,2025-11-28,2,3,Approved
96ef4f34-b9e4-450b-ba20-b68391f1d627,2025-05-14,3,1,Approved
42016510-ab88-4306-9762-074132dbae06,2025-06-15,2,5,Approved
e63d9ef5-ef55-4f41-b8b6-41d857e1aa3b,2025-10-23,5,4,Approved
296def9b-cf9d-47fe-9c75-54fefb0cd52e,2025-01-26,5,4,In Progress
5b80e58a-ca94-431b-8e0c-c3a514d9b8f4,2025-02-11,3,3,Approved
4ba7858d-8dca-43c4-8237-135ae45e58ef,2025-06-18,4,3,Approved
15f00afc-ea32-4119-a697-9a441ffb1292,2025-05-31,4,1,In Progress
159e1f3f-ae65-41d4-9e71-1d5608bf6348,2025-11-26,4,5,Approved
032c0338-2cc8-4430-883f-934c3456f7e1,2025-09-01,3,3,In Progress
38fcae17-bab1-428a-bac6-505440d1fb7b,2025-09-13,1,4,Rejected
52757ec8-1b57-4f4f-9d5e-560cdbeaf25b,2025-06-25,4,3,Approved
dbf6fe69-f254-4c4b-a0be-fe8dd074ad92,2025-02-17,2,3,Approved
0675ac0a-40fc-4043-a34d-4890b7c390f8,2025-09-16,3,1,Approved
d64aef6c-b75f-4742-8dd3-85ba4a3e8607,2025-02-07,4,3,Approved
5da6abd5-ccb2-4d28-ab6a-7a1756b39bb7,2025-03-24,4,1,Approved
6b462218-3807-4844-8285-5156b62db61f,2025-11-29,2,2,Approved
c5a83ab2-9dd0-4421-99f2-44406b215005,2025-03-28,1,3,Approved
9421beae-0f09-490e-966e-697c04c4430e,2025-08-17,5,3,In Progress
d45bdc4d-bb22-434e-a0c0-dd15db36f328,2025-12-15,5,3,Rejected
af9dc45f-42d6-4da3-ba16-c80cb6df304f,2025-12-16,5,4,Approved
04d7b80e-5420-4fb0-87ab-15afb460aa6a,2025-05-01,4,1,Approved
86d25d13-4e65-4d3b-9fc6-b6cd6e4a05be,2025-05-07,4,1,In Progress
11ec2fa1-bcd4-4312-baa6-e59152adcb4b,2025-09-14,4,1,Approved
a67694d3-5620-4b61-8d66-05b29f011364,2025-04-24,2,5,Approved
00cb918b-f75b-4276-b62f-a4197f5a3442,2025-07-13,5,3,Rejected
be952926-d4c6-4e1a-accb-36db6eccd8ef,2025-02-07,2,3,Approved
790866c2-720b-4985-8386-90b17d305dd1,2025-10-20,3,3,Approved
3520afb8-ff47-4b6a-9416-6c3df8f448ac,2025-06-15,3,3,Approved
55994ea5-c746-414b-9be2-cd56af169c46,2025-09-21,4,4,Approved
61c95729-87b1-46bc-9c67-aa915f67cc6a,2025-04-16,5,2,Approved
81c37733-d924-430f-a5d3-a3ba4b8c8ce1,2025-10-07,4,3,Approved
1af263e4-ee5c-4123-9e73-57464def9932,2025-08-11,1,2,In Progress
283c29f9-ad2d-4a11-832c-79dbd7950a35,2025-07-23,5,1,Approved
2e93a800-5c1e-46a4-8af3-d0bf5a7ecddb,2025-04-28,3,1,Approved
17bf84a9-49e7-4370-a205-30b7c36e5ee0,2025-01-14,3,4,Approved
31b6870e-e5dc-4c63-93a3-9f092f48398a,2025-03-24,5,1,Approved
2f3ee37c-cc3c-4345-8ec9-7ef7a5bfb216,2025-08-17,4,4,In Progress
293a1386-2fed-4d0c-8b13-d2530f6fc180,2025-04-06,1,5,Approved
1d7b0d2b-7bf7-4849-a7e8-73002ef310be,2025-12-02,5,4,Approved
22e9c7b3-6762-4ae1-856a-249a4cd55d7e,2025-03-19,2,5,Approved
8c42a36f-4751-40d5-a856-6ce234566efe,2025-11-08,4,2,Rejected
67e0a8c4-ece1-4364-b21f-43aa66461bf5,2025-06-22,5,5,In Progress
f6e07ab6-fa81-41c3-bc7e-5c1697f4467e,2025-02-27,3,4,Approved
f4c78c54-c715-426d-848d-5a5f00242c99,2025-04-11,1,2,Approved
aca716ef-6c0f-4160-82ac-28b9330af691,2025-02-17,1,1,Approved
235bbfe4-9f31-45a4-ab5c-24134c60662b,2025-01-08,1,1,Approved
d84c79f4-a645-481f-8340-9a93e7e06f15,2025-12-06,2,3,In Progress
eaa53661-5cc8-4dd1-ae34-94692a9a59ca,2025-08-25,5,2,In Progress
5537e9f3-65ed-44de-9447-3cb2386ba1aa,2025-01-10,3,2,Approved
a89db83d-3c5d-419d-b1e5-4404a2545ccd,2025-09-17,4,4,Approved
d2fb0fba-7f02-4d1d-86af-c9ef77e9d035,2025-10-25,4,4,Rejected
fb36f321-8146-452c-b5f0-061ac3368f2a,2025-10-12,3,5,Approved
a14b9d48-e0bb-4f94-8595-a735a13cd7ab,2025-03-19,3,1,Approved
1575987c-db4d-440c-9f08-09f78d24740d,2025-12-19,4,3,Approved
1f02d7fe-4c4b-4dd3-b48b-9ae4a4978fae,2025-03-10,5,1,Approved
3bc29d35-a55d-4905-82fc-b3eefa708d6a,2025-12-10,1,5,Approved
38998aaa-e8a8-47b0-826f-97253853ca55,2025-03-22,3,5,Approved
7e25b8b1-631e-4501-ab2c-c8ebae8ac0ef,2025-05-25,1,2,Approved
6baeda37-d0ca-4c78-b362-27259cd7e72c,2025-10-28,1,5,Approved
7c167e95-01d9-43ac-a1a9-3854998a6889,2025-12-28,5,4,Approved
b22775cf-e25b-4c89-80b2-03ba4fe0043e,2025-05-13,5,5,Rejected
40ac5d07-6feb-4a2f-9e03-6e51494d6ad8,2025-11-22,5,3,Approved
64fcf8e7-56e4-4fbb-add6-c1ff91627052,2025-03-31,5,1,Rejected
7ac9f7dd-84dd-42b5-9757-dbc5bef664fd,2025-08-29,5,4,In Progress
1e724b1f-5c10-4b09-af05-ad784f109fb8,2025-06-12,5,2,In Progress
c0fb0654-b381-4cb4-b0d7-2832a908c778,2025-11-06,1,4,In Progress
baa8b5b1-b2fa-45fd-8952-6b4eae0672f9,2025-08-12,2,3,Approved
84db801d-9d91-4688-9c54-9af7a04b7596,2025-07-21,4,2,Approved
c26e4b46-3f08-4945-9a1a-f594aacce1ac,2025-05-05,1,4,Approved
9972db11-c5d5-4ca5-962a-7435d441f521,2025-11-18,2,4,In Progress
a4f84a2b-db60-48d4-85ac-bb5e9541d4f9,2025-12-22,1,2,Approved
4eb86a97-886c-43cb-8356-517132357204,2025-11-10,4,2,Rejected
f26fd4c2-9c94-4a41-b56d-271441907313,2025-10-01,4,2,Rejected
23c8a7bc-5c26-4d53-8b10-e3e4ed1ed5bf,2025-04-02,2,1,Approved
109c54a4-f792-4163-a3d0-cc2f71a22325,2025-10-23,4,1,Approved
32cb4ade-a7fa-4bdf-ba17-800129082961,2025-08-22,1,1,Rejected
755d9ded-37b8-459e-b827-120fb9e40cba,2025-06-30,4,1,Approved
e9d811ba-1572-4c64-8a38-8b456c43fbf8,2025-08-27,1,1,Rejected
3d50365e-b145-4473-be04-74d28ba11f2f,2025-10-01,1,4,Approved
3b4f6651-3cfa-482b-94a6-e019af869435,2025-04-06,3,4,Approved
dc8c6dc6-7381-4f80-b223-cb8957667ae8,2025-04-20,5,3,Approved
36e9b133-c68f-4fce-83f1-8f2ec8945d41,2025-11-13,2,4,In Progress
36343e07-8977-4de5-8aea-843f930294f7,2025-03-23,4,5,Rejected
d8be0d78-3361-4480-b662-cf80ad4beecb,2025-07-05,3,2,Rejected
4f5c3bc6-9b2a-43ce-8855-3786b46971b8,2025-06-16,2,3,In Progress
9c8f67b9-b87a-435d-a292-e0d1d7a75073,2025-06-21,1,1,Approved
8c21de66-beca-400b-9c88-9c449e713100,2025-11-05,2,2,Rejected
b7f3dd5b-4429-49c5-92c7-f39384e1979f,2025-04-15,4,3,Approved
74f1eb63-be33-40ed-904d-8dccac394dad,2025-12-01,4,2,Approved
ea35146e-8a8a-4ac4-b16f-eb84e288553c,2025-06-13,2,5,Rejected
7e89d6b2-8b54-403a-8847-784df00a1955,2025-11-10,5,2,Approved
6d873436-4524-4b09-ac5c-e982d29f873c,2025-11-06,1,2,Rejected
de7d615c-a124-40c9-bb20-028e77fad520,2025-04-26,1,2,Rejected
580dd740-8cd6-4185-bcf3-36ae23a9f9b9,2025-10-12,5,4,Approved
4b6a1ed5-38c7-4922-8ce2-26aea82f279a,2025-07-16,2,2,Approved
69d86168-e404-4e48-a776-78e71fdd897c,2025-08-03,3,4,Approved
83415b58-d577-4838-9d50-77264408c392,2025-07-26,2,5,Approved
046bef47-aef6-4d93-a05a-68313504278e,2025-05-15,3,1,In Progress
df7479e3-ca0b-4622-8126-275d660730c3,2025-07-28,5,1,Approved
3e4d948a-a8d7-475e-85a6-89fca7f6e283,2025-06-05,1,1,Approved
5b463493-4b14-4654-90f1-29ec301e6ff0,2025-12-07,5,1,In Progress
1b092190-c97c-4025-81fc-2a70f3d23790,2025-01-24,2,2,Approved
0594d69f-1100-42cc-8e06-710469d81a0c,2025-07-15,2,1,Approved
7cfd7d8d-6708-4c49-922f-feaecc98b18d,2025-05-13,2,5,Approved
f7138cde-ed63-4f6f-ae53-3d43a4bedd86,2025-09-08,2,2,In Progress
aa0f927b-2506-41b5-9301-2b30c45bc0c2,2025-05-31,5,5,In Progress
2c21a349-9be8-45f4-9f0c-a30c4469aa32,2025-05-01,5,4,Approved
f341d4b2-a059-4124-b570-05c122d35e4e,2025-05-09,4,1,Approved
993b9d10-50d4-4033-aa90-3e5551792486,2025-05-01,1,1,Approved
dda967a2-6790-423d-a469-ef3c8f3a0731,2025-06-15,2,4,Approved
4e318108-710e-49aa-83db-0e7bd00c5ff3,2025-12-16,3,4,Approved
f2d48b00-7fee-4caa-87f1-bb9ae35c2758,2025-10-03,4,2,Approved
e03cb322-acf2-4bdb-89e2-b3048098bca1,2025-02-02,1,5,Approved
242a53b4-d6b3-4e38-b1a7-38dbe7425368,2025-10-08,5,4,In Progress
debe70fe-386f-4562-9230-6a46bf50cd9c,2025-09-18,1,3,Approved
7ca8e7cb-2e1f-4bbf-bfae-a95c0cdb09b7,2025-12-24,3,1,In Progress
e87393db-6469-4db4-8d83-dcaef8139480,2025-07-04,5,3,Approved
56f81011-c682-4301-b553-ff5708d07505,2025-05-22,1,4,Approved
99319a4d-fa3f-4d2c-af79-4f0da0a98ad2,2025-02-15,2,2,Approved
9596d050-8989-423d-a63b-855e6a9336ff,2025-02-28,2,5,Approved
ce2c1fa3-0272-465a-a66a-4e231cdedfa2,2025-01-04,5,5,Approved
682ef9f6-f9f6-4c41-9356-b6db777cacec,2025-12-31,1,4,Approved
f40a0a26-fad2-4b11-9104-e4500b720074,2025-12-01,3,4,Approved
cf372770-2d64-406a-a03d-b9dde841208e,2025-11-20,4,1,Rejected
ab1e3750-3f94-43bc-8d1c-97f12216ed02,2025-06-24,2,2,Approved
17da72e7-a1ee-4dc8-8e75-71ef7996af10,2025-09-13,2,2,Rejected
bd7d97d6-061e-4306-8caf-969dd89ff13f,2025-09-02,3,2,Approved
d6be5fb9-5b20-4c29-a741-fa5cc7669b19,2025-11-28,4,1,Approved
4c38e506-3d45-46fa-b1fd-8ed7ca54a949,2025-06-27,2,1,Approved
d87d107f-ee1b-453d-82c0-c60ac5bcf895,2025-10-31,4,5,Rejected
8c94958f-b1e4-4755-a59b-c93606541d1e,2025-06-29,1,1,Approved
09db3c96-c0ea-4401-84ed-6c1d6933fdfc,2025-10-18,3,5,Approved
3d307930-9bb1-4307-89ec-1786aa97c51f,2025-10-02,3,5,Approved
7b96543e-3ad4-4c21-8b68-fe3a3a0b7278,2025-07-26,1,5,Approved
e7b3a8c2-e5c4-465e-9e3d-d5f5176ad068,2025-06-11,5,4,Approved
7350de18-f592-4f97-96ef-72920bda08a3,2025-08-23,4,4,Approved
3ac75504-f9f0-46c2-994b-cf481743e322,2025-12-21,5,3,Rejected
e1e22aed-e5ac-4c20-b5af-2bfcf06bbd81,2025-03-27,4,2,Approved
34c6bdf9-e974-4660-8b3d-942bf5987e69,2025-01-11,2,3,Approved
5c1dc92a-44e8-4f3d-8daf-bd602ad860ac,2025-07-22,3,1,Approved
aab490b4-bf89-41d4-9344-26390f85b924,2025-09-08,4,3,In Progress
3e87acb8-b256-4fe5-beeb-6ec475420c6c,2025-12-16,1,1,Approved
70749e3e-f721-468f-8949-dc6ed2fc9a5b,2025-06-11,1,4,Approved
0a317191-519e-48e6-a4e7-cad79836020f,2025-04-29,5,3,Rejected
7763c50c-b97b-434e-ac95-59215369e8bf,2025-12-15,4,2,Approved
fa1ffd3f-fafa-415c-be9d-96f6a1fe7413,2025-06-20,1,2,In Progress
39c913b8-214d-417a-af0f-204956691f99,2025-01-18,4,4,Approved
7faf81bf-712b-45fd-b9b1-a0ae97fd0ce8,2025-01-27,5,4,Approved
c4f6ac40-c4a3-41e7-b833-55e1e9182b1f,2025-03-04,5,2,Approved
39ecb170-f7a5-4df2-9666-e40c5d74fff6,2025-12-30,4,2,In Progress
9c6def03-a177-47fe-81ff-c5a364c73c92,2025-06-20,4,5,Approved
c1e34791-3685-4795-89b6-0bb92f939d2a,2025-02-02,4,1,Approved
f2b2dd88-2967-4fa1-a81a-e8572ac6a337,2025-02-28,4,4,Rejected
d256dfd1-0bc9-44b6-a3d0-9eb8e3ee6626,2025-07-21,1,2,Approved
8ace5ffd-675d-419a-bb5f-e9830c69276c,2025-01-30,5,1,In Progress
ebc2f632-81c7-4c40-bca3-6e82ee8096c8,2025-03-09,5,3,Approved
70c288b8-b80e-4521-8b25-131d2b57ad85,2025-06-03,3,5,Approved
069ab7bc-d137-4e0f-8b62-a60030a0c4b7,2025-11-05,2,2,Approved
f96d430e-7209-4d61-a53b-53a47a17329d,2025-02-27,2,1,In Progress
b50b6235-7bad-462d-9bc0-a33519ddbf00,2025-09-19,5,1,Rejected
31335700-1051-48ad-b3e9-b7d703728501,2025-08-23,3,2,Approved
e5541c73-9ab1-4845-9d9a-08bc36ee11ba,2025-02-04,1,4,Approved
7ce57711-da84-4fdf-b0b2-25c13104e5f3,2025-07-31,3,2,In Progress
7ac2bcc9-386e-4b71-9b01-92f61a3608aa,2025-08-02,5,5,In Progress
e90d42e4-2d95-4730-a808-d21f2678b8ad,2025-04-24,4,2,Approved
6fdf6b01-c74a-43f4-8187-b397c9f7e140,2025-03-27,5,3,Approved
5b786485-3006-42f5-b877-23f4984a2299,2025-01-11,2,5,Approved
8e4bb153-36c8-41a4-aa35-b3260ae380bc,2025-04-23,4,1,Approved
a0a2fbca-60fd-47fb-ace7-13de667d8767,2025-05-23,2,4,Approved
89ecba36-e358-4c8d-afd3-44e61ebef0d9,2025-07-27,5,1,In Progress
2dfe5bc6-ce25-4c6e-99f1-f872876f875c,2025-05-22,3,3,Approved
a62e5a0f-8073-49b6-8b9e-70e0905ff55a,2025-10-27,1,1,Rejected
ae8c845d-81b0-46e0-9679-94ed97f8b4f2,2025-06-25,5,4,Approved
105beb6f-4c41-473f-b2fb-61d8f9c96765,2025-09-06,1,1,Approved
7945322b-cd44-4c78-be8d-6de567e92960,2025-02-10,5,2,Approved
7a457bea-6287-4ca2-bfe4-acf13e324bb5,2025-11-21,3,1,Approved
22d57bdc-91ce-4617-b892-5662731eb091,2025-12-03,2,1,Approved
5a893597-11e4-49bc-aa2f-60b733f57c5a,2025-10-04,4,4,Approved
3b9069be-d5e3-4378-8a77-c2ef9386e03c,2025-04-30,3,3,Approved
44c040a4-8619-4ae2-9b06-168f9e836c04,2025-04-14,5,1,Approved
bf012176-7a64-4b1c-ba4c-44117e272529,2025-03-02,1,3,In Progress
1dbb7947-a130-4d3b-9d88-989ccfa2e5ed,2025-06-15,2,1,Rejected
a01ba235-94eb-4c32-8acf-2cb92234c8bb,2025-01-22,1,5,Approved
7d048b05-8cf2-4bf0-9df4-3dd490906021,2025-08-16,3,4,In Progress
bf7c29c9-7d0d-4e7e-a546-18361515afcc,2025-06-26,3,2,Rejected
e0b9152b-6ea9-400e-8a29-3504fceca40c,2025-02-23,3,3,Approved
23183e5d-bbe6-4047-9fbc-bf9fabbd7b07,2025-09-12,3,1,Approved
b93b2f1b-32cc-484c-8017-b6b595882a1e,2025-02-16,3,1,Approved
24f05d28-4017-40d8-b3bb-ecdc91d18e6f,2025-11-02,2,5,Approved
2acef82d-37e2-4177-8e52-164ff6094514,2025-05-22,1,2,In Progress
871b64fc-5a2b-44df-9218-4bbda1794e1b,2025-10-21,1,3,Approved
e24cd83a-5ced-438d-9f90-8d71caa35f10,2025-06-16,4,3,Approved
0ed4816e-b734-4388-a0db-dfba3b26aa67,2025-06-11,2,3,Rejected
3785f173-b61d-4655-816b-a7c460090982,2025-07-19,5,3,Rejected
f30f0ee3-d14e-4086-bf8f-1f3869e7d4f7,2025-03-22,2,5,In Progress
2063499f-d918-4da5-8953-ef68f8673f22,2025-08-08,4,3,In Progress
89a983ff-eef1-402f-ad7a-c22ec5846acb,2025-10-03,2,3,Approved
d6acbaa0-f495-4ac3-9f57-084e16df8ebb,2025-06-30,4,1,Approved
16b67d2a-799c-485c-a06c-a380c21053cb,2025-10-02,1,5,Approved
335a89c1-043e-4268-9222-5302f6e10880,2025-02-21,5,3,Approved
54e1595d-74df-402a-ac6b-43d8ccf15b46,2025-05-28,4,3,In Progress
dce4b181-8d76-4d5d-b80b-e439c80fd24c,2025-09-22,3,1,In Progress
e08d798a-d0af-4a2e-b052-88522fa8814b,2025-01-12,4,2,Approved
645a669f-079b-45b8-b62c-21e9dde3f8e9,2025-08-13,4,4,Approved
362de86e-568f-47c3-89e0-9004de9d549f,2025-07-01,1,3,Approved
af3dc44b-8c50-4834-8909-2c2ebb9379fa,2025-06-15,4,3,In Progress
9e80b180-1612-4031-8185-a69fd1c71833,2025-07-14,2,5,Approved
86d8b145-1a40-42e3-b189-762b3b4558e6,2025-10-09,3,5,Approved
99e94130-fd53-4876-83d1-8f07eee5b53f,2025-04-26,1,3,Approved
98f7d056-7ee0-4121-8112-085a16733f5d,2025-01-18,4,1,Approved
c73b76d0-ce91-4050-944e-a7bea2a2f37a,2025-07-13,5,1,Approved
2034e366-dafa-4da9-855d-e2870298c406,2025-08-14,2,1,Approved
dd67da13-606c-43d8-bd96-e428cf9ff412,2025-03-02,5,1,Approved
49763bc5-3ae0-4c84-accc-17229e9adc1b,2025-08-07,5,1,Approved
63ad1791-5eaa-476f-a736-b67bfbba57bf,2025-02-14,3,3,Approved
a150a568-d645-4923-a34d-e23e684443b0,2025-05-16,2,5,Approved
44c40d8f-6307-406f-8f04-20c945007338,2025-12-12,3,5,Approved
4b2f3e10-e5bf-4626-b250-8d502d3b5503,2025-02-07,1,2,Approved
e8b7c79d-3889-437b-80af-7d9e6408f8eb,2025-02-19,5,3,In Progress
2c2e17f4-6cf0-4a92-a0d0-21395102526e,2025-12-08,3,3,Rejected
ed861f2b-2057-4641-a559-8395b1b175e1,2025-07-30,1,1,Rejected
46517dde-6a76-4f3f-8fca-9a0b646d64d2,2025-08-26,2,2,Approved
6f0f10a1-664f-4da6-aa30-2ed917db1739,2025-07-29,4,2,Approved
76a00856-d931-4c89-b81f-e1ca780fd186,2025-01-09,3,4,Approved
91779416-e899-4415-ad89-565074a42cb9,2025-11-28,4,1,Approved
f7b38256-2c01-4342-b0d0-80707b4b4e45,2025-11-05,3,1,Rejected
5e433e4e-a019-4742-9551-15de80bcfda9,2025-10-26,4,5,Rejected
29b21068-a676-4f4a-9913-5b4e5b219ead,2025-09-17,3,4,Approved
3bc9f131-b2bb-4904-8e5a-78732314e8da,2025-09-17,3,5,Approved
49403444-90f9-452b-b82c-d2ecce243dcd,2025-07-29,4,4,Approved
c429d924-e69a-4597-858b-b049dab98b82,2025-06-24,3,1,Approved
dd1d8b87-e043-48e1-aa1f-fb704731d9ca,2025-11-26,1,3,Approved
e945f8c3-a861-4fdb-b900-e55157a1e19a,2025-06-01,5,3,In Progress
461c0b84-ca71-4a5c-8d4b-c2186437a421,2025-11-11,4,4,Approved
18532031-21d8-4597-9d25-955558b8e06d,2025-05-01,3,5,Approved
0a8e63dd-23d4-462a-ae86-061db12e526e,2025-04-18,4,3,In Progress
f002b642-2c6c-4b38-a3a0-9b3de20b9fbb,2025-07-03,2,4,Rejected
01fb8a23-b44e-4eb5-bae3-3fb3f13519f2,2025-02-07,2,4,Rejected
7054bdd3-e8a1-4205-af0a-64d5d68bafa5,2025-12-18,4,2,Rejected
bfe6f9d9-f6c6-442b-b414-87325578af5e,2025-03-12,4,2,Approved
99e576ad-43da-4a4c-9cdd-5eee7481be90,2025-11-21,4,3,Rejected
88dfe5cd-511c-49ca-a5b2-0033dc784c24,2025-05-30,4,3,Approved
771799e5-cddc-4937-9b32-7ecb276aa8ae,2025-04-26,2,4,Approved
f0ab2751-12f3-4ba8-bdf8-95970c76cc08,2025-02-01,4,3,Approved
3fe38dcd-4a4a-4837-a437-19621bc8c508,2025-09-13,4,5,Approved
bdec1200-ab7d-485a-b16b-55f14b6f0c09,2025-02-14,3,3,Rejected
b7e58da4-6ca6-4fc7-8591-5c0eba1fbfe9,2025-09-16,4,4,In Progress
24b87019-924c-41db-b5e8-14c0fb8cc2f5,2025-09-25,2,2,Approved
41dec196-9130-405b-8d5a-76a3c1357ea6,2025-03-26,1,5,Approved
236101ef-c53f-4289-a66a-1e5a59d1839e,2025-07-23,1,4,Approved
e1fd27c9-ac82-4800-95bd-5f4ba6f0ff34,2025-10-12,5,5,Approved
99cfc09c-dda1-43cc-a5b6-a2f08884e68f,2025-09-19,4,1,In Progress
6149381d-1ba9-4612-9930-e750187c80e4,2025-04-17,5,5,In Progress
66a48add-e928-468e-bce7-394b549e9974,2025-11-22,5,1,Approved
0050e57b-5f55-4335-8630-d2ed786da635,2025-11-26,3,1,Rejected
cf30e5b5-f51a-4d1c-aff2-5c72a74e6769,2025-08-28,2,5,Approved
61a70be6-538e-4f85-85e0-57037bd25f42,2025-10-21,1,2,In Progress
2fe4d67a-5874-431e-ac40-cf744aec08f3,2025-01-01,1,2,Approved
c66472c1-4a78-4eee-b7a8-9f3d82191522,2025-05-05,4,3,Approved
40c3dafb-559e-4955-86a4-f65ba07034ca,2025-02-15,1,3,Approved
bb73bb63-15f4-4baa-9b83-c66c0c2c54bd,2025-11-16,1,4,Approved
00ac3458-b948-45c9-aa66-c6d626ab6526,2025-11-02,1,4,In Progress
2ab434d2-e192-40ef-a9f2-928e4eebfc17,2025-04-19,4,5,In Progress
1fab6599-f659-4eb0-8b6a-36118430893b,2025-01-31,5,5,Approved
b99f587b-3212-44b6-a16a-6ab550528ef1,2025-10-12,1,2,Approved
e142343d-ab4e-4ac1-b506-a5f058e43d08,2025-04-20,3,1,Approved
29842454-4c8c-4072-b86b-dea3c21984c4,2025-07-13,1,5,Approved
16fbf86f-439a-4fc0-80e7-a40dccf00368,2025-02-26,1,2,Approved
7825e5fe-b8df-41ca-9fcb-c84329129894,2025-08-30,2,3,Approved
cc3b00cc-9af8-4a04-9e20-3169d287f0b8,2025-08-11,5,3,Rejected
2970cac2-dd83-4444-bbad-f08cb09a22de,2025-09-15,4,1,Approved
b3fd7f59-f9b6-4f54-9a23-fcaa1321e0e3,2025-04-21,1,5,Approved
d122b4af-7928-4a3f-9056-5b7949067ac2,2025-03-29,3,2,Approved
a59e4570-f659-45a7-9917-508ae3cd9d0e,2025-06-17,3,3,In Progress
dd8e3dc3-ee8b-4aaf-a75a-60318c730055,2025-08-31,5,4,Approved
79d4f010-3cb6-4b05-817a-c137e8e339fb,2025-08-08,3,1,In Progress
1b885f60-46b0-44ce-b835-7adecf7b9897,2025-03-21,4,4,Rejected
1fe756c9-3e4f-4eae-adae-fea721eda9fb,2025-05-31,3,2,Approved
940b1755-9a65-4ca9-bd2b-9f2076637b28,2025-10-31,5,2,Approved
6ba1dc73-f3a2-4a6b-9517-160ec824cfd8,2025-03-17,1,4,Approved
a5ccc143-3bd7-4cb0-924e-944f67f024d1,2025-10-15,4,1,Approved
38470abb-2255-49b9-8476-139407ed20fb,2025-02-16,3,5,Approved
3e7c4210-1e3e-45c9-87f7-0cd31b146adf,2025-06-16,3,2,In Progress
a1880a03-003f-43bd-b233-98ce0be07b68,2025-03-27,4,3,Approved
b9cf7e5e-4b76-4ba1-9449-84a1501ded49,2025-05-16,4,1,In Progress
1d03f01b-a424-47c1-9aec-f6ad62bb4b5f,2025-12-05,3,2,Approved
cbb12ab2-843d-450b-897d-64aeb3a9e931,2025-03-22,1,3,Rejected
3ebb1b7a-2c02-4a91-852a-c8f29d19c4f5,2025-03-21,4,1,Approved
7d9b2315-253a-451e-a1f4-e81f314396b7,2025-06-09,5,4,Approved
385c1f04-f831-4523-af72-751effcdc94a,2025-08-05,1,5,Approved
2558a6ca-9386-430f-af13-f05ea0d6bc87,2025-12-24,2,3,Approved
fe518223-2780-4ad2-bb71-bcf4f960f118,2025-12-09,5,4,Approved
1265bfb9-13cb-48df-a623-923f22574285,2025-10-17,2,2,Approved
421bdc4a-9285-446d-a636-86e89fd53d66,2025-12-24,1,1,In Progress
6473f28e-9e6d-4013-bb7f-043105f02631,2025-10-15,1,1,In Progress
206386e6-f942-425d-bd52-7f4a7e4a2786,2025-02-11,2,4,Approved
fb75d907-ed23-4e29-a48e-76306c95fe22,2025-11-12,4,4,Approved
0f2949af-d131-4b28-a439-51072c94a63c,2025-09-16,1,3,Rejected
641fbe62-aa7e-4e33-8502-02cdab251921,2025-05-21,3,1,Approved
f50224e6-587b-4b09-a369-a76118c40ad9,2025-02-07,5,3,Approved
db1809a7-4313-4f47-9c6c-c17509db074a,2025-05-26,4,3,In Progress
dee594c6-a9c0-4e9a-a58e-3e76c209f0bb,2025-02-09,3,2,Rejected
ec201179-40cf-490c-bfd2-5046a6df13a0,2025-12-05,4,2,Approved
93ebb76d-f4ee-4762-8caf-c7718ca78b5f,2025-02-08,5,2,Approved
85aef9db-2147-48d9-b4bb-fa7ad3afbd6b,2025-12-31,3,1,In Progress
d3fba145-28fc-4dae-9ae2-7627748aee62,2025-10-02,4,4,Approved
7c317ebf-5835-46e5-969b-87cea46578ba,2025-07-30,2,5,Rejected
9d063712-6cd5-4a6e-802a-14eb19ca5457,2025-08-01,2,5,In Progress
470f45ed-1cb3-4315-9146-8b88f55753f8,2025-10-16,4,5,Approved
dd03c3b6-e2e1-4865-840a-b3b42947b6ac,2025-10-14,4,1,Approved
171352ee-071c-4864-be5a-f8353e1823e1,2025-03-24,2,1,Approved
61e326c4-a2c4-42f6-b37c-a90e6172488d,2025-05-24,4,4,Approved
46551de2-3441-4e3f-a707-d54dafe32e95,2025-10-16,2,2,Approved
6d19dc46-c04c-4ce1-bdd5-cda4ac644351,2025-06-08,1,4,Approved
a2e1ccfe-e340-4b6e-a76d-34cf7f60c455,2025-02-08,2,4,Approved
e3f73257-8d9a-4f0f-b67b-39aaeec19501,2025-05-12,2,3,Rejected
8ce871ff-1d73-4408-824d-10d696db711b,2025-02-28,1,4,Approved
80aee457-e943-4d83-97a1-49266ae91fb7,2025-08-03,1,2,Approved
c027ee76-9d56-4286-b9d1-431efdf85eff,2025-03-08,3,2,Approved
c9df2776-4ff9-4060-ac9a-a774e9ba086b,2025-11-05,5,4,In Progress
21965445-833e-4ca2-a6a0-fcd5a43c9f43,2025-10-14,1,4,In Progress
8337c7d7-c57e-49e2-a0eb-21f28e31572c,2025-10-29,1,1,Approved
1076f139-456d-4290-ad20-bffd66a45025,2025-09-13,5,2,In Progress
d94012d6-e6d9-438b-be1e-ca3726dd01e8,2025-08-10,1,5,Approved
3db51e09-42f3-42fb-9621-3e3b40fad6e8,2025-06-27,4,1,Approved
9a5199e6-0adf-45d0-a4ba-059b7c654e5b,2025-08-31,2,3,Approved
327d6c9e-08a8-4dd7-8725-3db8aae13d04,2025-07-26,5,1,In Progress
07e8fa4e-a190-41ac-8342-a66a645afbae,2025-02-27,4,4,Approved
06faca90-b787-4da6-8562-08349a23987a,2025-03-08,2,2,In Progress
0e8f82e7-3b6c-45b8-98c3-2361bca361cf,2025-09-15,5,1,Approved
36aaffc2-3451-4d7c-a35c-adf83ec4dbb3,2025-06-11,1,1,In Progress
bf154589-c952-4e05-9f33-429e1af41a0e,2025-01-20,1,3,Approved
c5eb3b8c-ed9a-41ca-a904-cf2d37690f47,2025-08-16,2,5,Approved
16faedb0-7a93-4b0e-94be-20c2dbcb6568,2025-10-29,3,5,In Progress
dc465654-f8b4-4902-905a-4fab0513865c,2025-08-12,3,5,Approved
e3431a6a-24b9-409b-b22e-fc799f2cdc9a,2025-06-21,4,2,Approved
25381b0a-c566-419a-b556-9d766c065a13,2025-08-16,2,1,Rejected
2f053355-8a5f-41f5-b368-98de9d4d2e29,2025-03-08,1,1,Approved
ed3231ce-fe55-418e-9975-f282773cde1c,2025-02-11,2,5,Approved
10521434-63e7-4b87-93d9-cfa34b460d13,2025-05-04,5,1,In Progress
1abd05d3-e7b9-40fd-943b-9ac31d3c57d4,2025-05-06,4,2,Rejected
52d2ef01-861e-40ca-806f-297fc7fc4f1c,2025-02-06,4,4,Approved
fe59de99-821a-495d-944a-1db5439116ae,2025-01-01,5,4,Rejected
55e62bf2-f933-4c45-a176-92b8134bd55b,2025-07-16,1,4,Rejected
f172025e-8942-4b4d-908d-086739dd9473,2025-10-03,4,5,Rejected
0e518b9c-1ee8-4512-b822-a009ee073e77,2025-10-27,2,2,Rejected
e27cca60-4eb8-405d-89bd-c029a4fe67bc,2025-07-28,2,1,In Progress
b42cf048-1a07-4e08-bc07-b099720b7da9,2025-06-28,5,4,Approved
fc4127cb-9428-4b4b-ba1f-7c217d04f589,2025-02-02,1,1,Approved
82ed1455-5d0d-4826-9455-2973426ea86f,2025-07-14,5,3,Approved
9915091c-8842-481f-976b-d1be7c8704a2,2025-11-12,4,4,Approved
cb456483-4ef9-481a-9551-49d925ca17df,2025-05-15,3,1,Approved
19f96175-06a2-441e-b809-559818646395,2025-05-03,3,2,Rejected
3eec6704-3ef3-4755-bf1f-9724262323e4,2025-02-12,4,4,Approved
c35d5126-f4d8-43e9-8042-e7189aa9c316,2025-08-09,5,3,Approved
5ed8f89f-f554-4ba8-ad79-aa0595e8ed4b,2025-02-05,2,3,Approved
4d187a29-0622-4199-9075-c34c193c7e50,2025-06-11,3,3,Approved
9fd88967-630b-44be-bf77-8040f60c20d1,2025-01-15,5,2,In Progress
b06a1691-fb21-4782-a43a-9d084dc71046,2025-08-03,3,1,Approved
6409bd1c-93c1-4f21-ab4a-3e29d8f2856b,2025-02-28,3,5,Approved
afda89b7-277b-42e3-b127-eb3906fcc99c,2025-07-13,4,3,Approved
6fb53b1c-8c3e-4846-b47c-e36b5e83a150,2025-05-21,3,2,Approved
a58a7f44-ecaf-4896-805f-2de69a5e3b3e,2025-08-01,4,5,Approved
1b3aac58-e18c-48f6-a223-16a8d16bbbbb,2025-09-11,5,2,Approved
77a18c9d-2690-46d4-be3b-0b693c6d7b1c,2025-12-12,5,4,In Progress
7dc6fef6-63fe-4b8c-ac91-f5586f2341a5,2025-06-27,2,3,Approved
3ff77e46-6774-4872-80a0-f2bdb742c7f4,2025-02-02,1,4,In Progress
488c3fa6-4547-4718-a51e-ff942e8a848f,2025-06-10,3,5,Rejected
09227a02-6ff8-4320-9ff6-d2618d01fb73,2025-08-11,1,2,Rejected
e5a53557-e815-4511-9fa9-f7f151c44bff,2025-07-20,3,3,Approved
3392b7f6-46be-4fe3-b138-f4d241193d9a,2025-02-11,3,5,Approved
4c63e586-4ccb-465b-9d72-cb4ce55dff54,2025-05-27,4,3,Approved
5aa505d3-fbcd-4758-9992-e05c820a2954,2025-12-03,3,1,Approved
0ced78c8-0466-43bf-9eb4-d340f948bf02,2025-03-18,3,2,Approved
d80bdc98-d2c9-4e0c-8351-286e447c5343,2025-01-08,2,5,Approved
790387c4-7f70-442d-9301-65f42a3f06bc,2025-10-21,1,5,Approved
c2ef55db-b647-4dc9-96de-1f54265d24f9,2025-10-16,1,1,Approved
a1f5c25d-6fa1-46e3-a4f0-b4b5ecd1d32c,2025-10-23,4,4,Approved
5838384a-a197-4b55-b860-d37b14c9b699,2025-06-18,2,1,Approved
759294f3-dd1e-4048-94e4-f5ab243312dc,2025-05-15,3,4,Approved
8b540a1a-73c5-4b24-97fb-3b1e4964d4e5,2025-05-21,1,1,Approved
69a908a9-3277-448a-8fe3-7d3120b89cc5,2025-01-03,4,1,Approved
8330e599-d8c1-4f07-bb57-bbd34f309b1b,2025-10-23,1,2,Approved
e512fc8c-2b42-49a8-907b-a7a847cd21f3,2025-08-17,2,4,Approved
165b0eca-a36d-46db-a26b-0ccc92fdbf5c,2025-06-28,1,1,Approved
6bcbb1ad-0d28-4155-943e-5a8846b3b60d,2025-11-21,4,4,Approved
d6b34ba7-2448-4406-a22b-d1da25540649,2025-11-17,5,3,Approved
64ba091b-9024-492a-a50a-7e0492507692,2025-05-10,5,5,In Progress
faadbbc3-6c46-428c-a0b7-b5a3078878e2,2025-11-10,1,2,Approved
3dfc2008-e79e-419f-b157-0a4029d6507a,2025-11-22,5,3,Approved
63e26bbe-d847-424c-b0ce-00b4a3152f0a,2025-06-14,5,2,In Progress
08b6142d-e4a8-43c2-acdb-66975da4ecf8,2025-09-24,1,3,Approved
4bc60b09-462d-4399-af18-940987e1f410,2025-04-30,2,3,Approved
4ac56ac4-cce5-4157-9d80-6bb05c338a54,2025-03-21,5,4,In Progress
63a5dc50-823d-49ff-87f7-9f92fa1f31cb,2025-07-23,1,3,Rejected
0142e69a-146d-4317-85e9-ad5f988fe82c,2025-04-09,4,4,Approved
71c98f12-f2a8-4010-bc90-03b2744d4076,2025-04-23,1,5,Approved
f6c65fa7-d7f7-48ee-bcb5-bc89a4f62322,2025-07-06,1,3,Approved
669d30a7-b908-4354-b926-e316e3968d6b,2025-02-28,4,4,Rejected
162097e4-0bd8-4797-8100-503d079a2799,2025-07-09,3,5,Approved
190e77cd-adc2-4e9b-850f-40fad1d15a59,2025-05-13,3,1,Approved
e07fa53f-da41-4edf-82bc-95cbfaa664cd,2025-04-26,5,1,Approved
97d2f87a-7b80-4ba5-97fd-eb6bdb3caf1f,2025-04-10,4,1,In Progress
ef8efe72-7f15-4514-88cc-478e668035b3,2025-07-10,1,4,Approved
28b0e2a5-5461-4158-8ee3-f438e8c6c2c3,2025-06-02,3,1,Approved
1f53e307-4d2c-4c3f-85c4-15562e95c88b,2025-10-01,2,3,Rejected
1ac3bb68-a1ea-4066-964f-8bffd406156a,2025-02-05,5,5,Approved
530d3840-e89b-4cec-b76d-f017b9267ace,2025-08-01,4,2,Rejected
12ee7fd0-e633-4ab9-9b17-8e798bc1098f,2025-04-30,5,2,Approved
2f0796a1-740d-4590-bbfe-91fe6ec7407e,2025-06-26,4,3,In Progress
010830fb-66db-4e55-8a6d-3298af527773,2025-12-22,2,3,Approved
45553e56-9ea1-497b-b7e4-c5a54bc0448b,2025-08-30,5,1,Approved
cf53cbea-bf94-46cc-bc14-bc7dd275a741,2025-11-13,1,3,Approved
d4a1ac54-32b2-4d96-a3d7-8770e9d43c82,2025-04-09,1,2,Approved
2e2c607a-eafc-4006-8287-8c3aa4b75785,2025-04-02,2,3,Approved
c204f3c1-7012-4c60-858c-4649064d4650,2025-08-26,3,2,Approved
877aef94-708d-4286-9cda-c975ddaa0904,2025-09-13,3,5,Approved
ab11049a-0bcf-47f9-bd46-151f1c6eb87a,2025-06-10,1,2,Approved
d70662f1-d711-427d-9282-84cfd4138483,2025-11-05,4,2,Approved
8e48a205-d3f7-4514-add8-d95909643e24,2025-03-23,1,1,Approved
5e4fb516-7600-4127-8e79-936e08bba976,2025-10-20,2,4,Approved
e2255ee7-6752-495c-bc1c-7a5fa2159221,2025-11-25,5,3,Approved
48eb86ee-2b64-4eae-94d1-6997c548880c,2025-08-29,3,3,Approved
c88cab6e-f61c-4fdc-8fc0-76f1c4cf4cff,2025-03-11,1,3,Approved
f7e1eee4-b9dc-4b82-9a73-6d401c78b2ae,2025-12-10,4,4,Approved
fede96cc-e75c-42ee-aca9-10b9cc47f178,2025-12-18,2,4,Approved
429a6a72-61f6-4e9e-9549-71e8b4d33c59,2025-01-09,4,3,Approved
ede0319d-6bab-4a23-adb6-991e44880cb7,2025-11-13,5,3,Approved
9acec5c3-98f5-428f-bc38-cb36baf5ea82,2025-04-04,1,5,Approved
4a8552f6-daea-4ba4-9942-c51deb49c2fc,2025-01-30,5,5,In Progress
59e9457b-0cd5-4a17-98dd-7b234692f3ba,2025-03-31,4,1,Approved
7a559bb7-c615-4196-bbc0-0fd000295fbe,2025-05-14,5,2,In Progress
becfda1b-4570-4bda-a5b5-4d8f48599ff7,2025-01-28,4,2,Approved
5006a8ed-f12d-401d-b383-19f8a21916d5,2025-05-28,3,2,Approved
8b577e6a-30fa-41d2-89a8-7ad544e018e3,2025-04-24,2,5,Rejected
6db9548f-d672-45fc-8665-2e6d06f75fd8,2025-11-26,2,2,Approved
5f461f81-3b6a-46bb-b2a7-3d6778701fed,2025-10-16,1,2,Approved
b689b0de-1d0e-4b49-9c5d-cf66c1e0eab3,2025-07-18,5,1,Approved
253f28c0-bfd0-4285-9983-f342d4737f8e,2025-06-23,2,2,Rejected
a6267cf8-1bad-494a-ab47-d861226304aa,2025-05-18,5,1,Rejected
3380a1d8-6b17-465f-9cf7-d427507e547f,2025-02-05,4,3,In Progress
da8d4334-d1b8-440a-af4c-a89c5eb274af,2025-01-12,2,1,In Progress
4782cd6e-3c7f-4fb9-9189-f4f968b85ab9,2025-11-06,1,3,Approved
a857a669-aea7-4299-ac2b-dca02f8f7564,2025-01-22,4,1,Rejected
02e1f49d-08ba-4c53-8920-d07f0fcc47a9,2025-01-21,3,3,Approved
c3b42b2a-90a1-4133-ad16-ac1eff553218,2025-08-17,5,2,Approved
ddc348e3-d2ae-4be8-a5bc-f7a6a9e17403,2025-10-09,1,5,Approved
12fa6224-5a89-4dfd-b9cc-6bb5e5b22b48,2025-01-28,1,5,Approved
4ae374c6-0e7c-422f-865e-5c425c3e5888,2025-03-08,1,2,Rejected
1cf98718-7bfd-44ee-94bf-2d95361592e9,2025-03-21,1,4,Approved
08ee4e6f-5e5a-4272-9f1e-1cf7d6a7573c,2025-07-08,4,4,Approved
717a591f-8f82-40ba-b530-e8fc83a86738,2025-06-17,3,2,Rejected
2b679737-1359-4dde-92eb-6635960691b1,2025-04-26,2,4,Approved
378b1bc4-6abd-47c1-9c99-a6c606ad4abc,2025-10-14,3,4,In Progress
ae000de4-802c-48d4-b08d-e511e7f47c8d,2025-10-01,2,5,Approved
8691ce31-efbe-44b0-80af-6d2d1da9d97b,2025-12-18,1,5,Rejected
be052169-38f3-4acb-8b0b-8078cb4fc545,2025-11-12,4,5,Approved
61319cf3-49ae-49e6-a69a-ff2330e9d4e5,2025-09-24,1,1,In Progress
9d6e838e-c41a-452b-afdc-2ea80f7f71fa,2025-08-20,2,1,Approved
017f8f43-5516-4d6b-9d76-03c17a6417cc,2025-04-09,5,3,Rejected
e181c278-9ffb-4c9d-8749-6ac35dee080d,2025-11-29,1,1,Approved
1f45735d-d112-4b8d-97f8-a3e33ae20356,2025-01-21,2,4,In Progress
7e14979a-4b70-497c-bce2-ba6ad9c81951,2025-07-18,5,4,Approved
4cf37e2d-f38e-4957-af2d-ee6636a72aa1,2025-01-28,5,1,Approved
c113c0a3-0200-4058-b8a4-63adec77a0d4,2025-10-23,1,5,In Progress
fc80d84f-cc7e-496b-90ff-421218f5ac58,2025-04-02,3,3,Approved
d4588a7c-85e0-4287-880a-0e5a41113ef1,2025-09-13,1,1,In Progress
2aedc83c-bae6-45b8-bafa-44e54792061e,2025-04-21,2,4,Approved
48e5d32c-00e7-4c41-9a53-b36d3cd1d51b,2025-02-05,3,4,Approved
a99adbdd-2d48-497f-9df0-988a2364b2cb,2025-03-27,2,1,Approved
9bd43c51-9785-4029-96f5-1e600d168929,2025-01-25,1,1,Rejected
e7908952-6803-4017-aade-4d352a14ceab,2025-06-21,2,4,Approved
ff64651c-b57f-40e6-b0d2-78de7042f6ed,2025-06-12,2,5,Approved
c109ffd3-a2d5-4f4e-8356-363483497357,2025-03-27,4,1,Approved
f26e213b-f654-42f6-9d6e-ea5f081c71bc,2025-04-24,3,3,Approved
76381164-7091-4a1a-b90c-cca78b7b2729,2025-06-25,4,1,In Progress
b0d55f32-4927-490c-8b7d-8870bdc27463,2025-07-19,3,3,Rejected
33e830c8-c468-4356-a0b2-ef9b205cf66f,2025-03-30,5,1,In Progress
c4a772ae-fcc3-46fc-8f0a-2568cc0c2ed5,2025-06-18,4,1,Approved
dcbbc0d9-b891-41a8-9b85-692bc9c16aa9,2025-06-12,2,1,Rejected
92bda1a9-b125-4934-817f-0ccbb863ede8,2025-04-11,1,4,Approved
3acc6c34-aa00-4018-8d97-cf3066d7f93c,2025-09-11,5,2,Approved
5c357449-5569-4e5d-b7fd-10ad48655641,2025-09-14,3,1,In Progress
006d5ef3-9b28-47d6-aee3-2a55076ee5d1,2025-10-26,1,2,Approved
e97dc627-93df-4919-a563-45b169a6fde4,2025-06-17,5,4,Approved
ea0f017e-fe3a-4a6c-b388-eab7eb5f4d41,2025-04-19,4,5,Approved
bd451d89-8002-4106-a16d-2e234c2d3db9,2025-09-21,4,4,Approved
9a41c99d-6bac-44e1-88a3-421338a66e2c,2025-09-12,4,4,Approved
967c0869-3130-44a7-9d81-28ac2bb1e886,2025-02-23,2,4,Rejected
f34de4fd-147f-4915-b011-91cfa73827cb,2025-09-30,2,3,Approved
30c853d3-9ea7-4944-a9b4-3858c5db15d4,2025-07-30,1,4,In Progress
9c30ee46-4d6b-4062-a767-26c8d3881784,2025-06-14,3,3,Approved
af255f24-3295-41ec-86e5-493ae77f1353,2025-09-11,3,3,Rejected
505093e3-6d22-4c42-b56c-5323302a5412,2025-05-04,2,5,Rejected
f6e70dec-6847-4cdd-b653-e9da4d92d75a,2025-07-14,2,5,Approved
8b342e85-7952-4ff4-8292-e67ae328b523,2025-03-15,5,4,Rejected
80ee6fea-9758-4501-a475-4ebc519d80ab,2025-01-13,3,3,Rejected
b972fb01-4757-475f-9c90-93d6935be546,2025-09-12,3,4,Approved
b846e487-ee99-4ad1-91d1-d8d661d16f23,2025-09-15,3,3,Rejected
c6c37e29-bb38-4ef9-a5d6-f894100cf47a,2025-10-13,5,1,Approved
b5f22062-f2a2-4e93-b838-d90b0d1e931d,2025-07-09,2,1,In Progress
194f7548-93ef-41d3-a7c3-054d5d502f80,2025-10-08,5,2,Approved
2c4e1238-4112-4780-8d34-a7549f65aab7,2025-05-16,4,3,Approved
456d0d29-b225-42b8-8f07-c6a9efe18c6d,2025-12-30,4,5,Approved
b3bdbf67-057c-424d-9d9e-cab8529c34cb,2025-12-13,3,3,Approved
fc88c6d4-1b3b-43ae-9b12-2e99e36c1972,2025-12-20,3,5,Approved
236c80f4-32c7-4ce8-8f58-08a111fbee26,2025-02-16,1,4,Approved
89a3b269-a23c-45d0-a2a0-50c9a6f229a7,2025-09-10,1,2,Approved
1bfb5943-694f-489e-99db-bf7deb188f37,2025-04-04,3,3,Approved
61854999-3905-4827-bebe-5c741e8416b8,2025-04-15,1,1,Approved
f5cd491d-3e6e-4daa-9ce9-7db467353f15,2025-10-22,1,1,Approved
1e2a0cb1-1403-4498-b9f6-de815cac69f5,2025-08-10,4,1,Approved
68ad2930-a442-4c66-9361-7e5f38325664,2025-02-14,4,1,Approved
bfb4f6c7-ecbe-4bfa-80a5-0772a17158ca,2025-05-11,3,2,Approved
d6e3db10-f5ba-4221-9f54-d6a970a4e53a,2025-03-29,1,5,Approved
862afc83-59f9-43d8-8a56-df1df4b8ff3f,2025-12-13,1,5,In Progress
b6372103-b20f-42df-ac75-adfdf36a2b81,2025-03-06,1,4,Rejected
e7d70ad7-1682-420b-856f-0a4b522738aa,2025-12-09,3,2,Approved
bc801268-d69f-4de1-907d-630af2b6e747,2025-07-23,1,2,Approved
713459c3-83cd-4923-b134-e302f85d0d44,2025-07-29,4,4,In Progress
46000310-e4e0-4e5d-83e5-ad342fab7469,2025-08-29,3,5,Approved
c7f952e3-55d0-4a4b-b6d4-fdc089fc408c,2025-10-16,3,2,Approved
b6a137fc-c83e-421a-8a6e-55e72d2582f9,2025-04-30,5,4,In Progress
8467e482-120f-4f60-9add-9e7566eec81f,2025-12-03,2,4,Approved
ba44c8f4-c1f7-4594-acc6-c7ac9ce25ecd,2025-08-28,4,3,Approved
cd1f6851-e944-4ce8-bd88-e5a654df485f,2025-05-25,2,4,Approved
86d2a019-bbda-478e-a3d9-bf554da96d3d,2025-10-17,5,2,Approved
ad8e9d84-6a88-4d29-abc8-fd3b67f1182d,2025-02-28,5,5,In Progress
fd55c4c8-06de-4ce5-85d2-dd9dc8417930,2025-09-10,5,4,Approved
73677765-b0b4-44fb-bf0b-ade331a7ca69,2025-06-09,4,4,Approved
16f57c87-f4f7-46ba-b652-9d9f724a7849,2025-08-27,3,1,Approved
002f5b87-3160-4358-bd0e-3735467346b1,2025-08-23,2,2,Approved
75022588-fb11-41b2-b412-1f98561664bc,2025-12-24,2,3,Approved
80b3a359-fa60-466d-8d6a-11a13c724e2b,2025-04-04,1,2,Rejected
cfc58360-70ad-47d7-906a-ea2c23c761f5,2025-02-23,2,3,Approved
f240eb6f-bb30-4af5-8a50-cdb9c8c5e8f8,2025-06-18,4,5,Approved
96dec9bd-4a88-4982-ab52-d078afb9123d,2025-03-29,3,1,Approved
3d94ca67-e2cc-4244-8fd9-7d25adda6dc3,2025-07-17,5,1,Approved
0ecd0cab-bfe0-4252-a289-1fdf508cc2a9,2025-08-15,3,1,Approved
1394a37c-ec9b-4774-8eea-321212ebc70b,2025-11-03,2,4,In Progress
fba00611-240a-4c07-900b-ce60a7fba434,2025-07-20,5,5,Approved
9d1489da-9c23-4fda-9192-bd94e3dd7539,2025-11-25,5,5,In Progress
1b15c965-2216-40f8-8fbb-2099f042a224,2025-01-13,3,1,Approved
25ad1f92-3feb-4033-91f5-08d68c0b9546,2025-08-29,3,4,Rejected
2203305b-81c4-4bba-9109-f03410e77004,2025-02-18,4,4,Rejected
83a6619a-7161-4057-ab27-9d519fd8ad70,2025-06-29,3,5,Approved
e44955f2-eb88-41fe-9cc6-d527b2811d75,2025-03-28,1,5,Rejected
44ffc3a6-76ae-47df-aeda-4d0fd174e882,2025-02-19,5,3,Rejected
ca5a44b2-c014-41d6-93e4-70ed04d15fb2,2025-11-18,1,2,In Progress
c15f6013-839d-47c8-bc39-676f54d1e392,2025-05-29,5,5,Approved
76a7d8b4-9364-429d-b06d-dda940cdfdba,2025-05-09,1,1,Approved
6b8ba24e-896f-4be5-b60f-7e675c0ba5cf,2025-11-21,3,3,Rejected
9d75b588-8f33-479a-abc9-16fbb4cdea6c,2025-05-06,1,2,Approved
5d5b541a-46e2-433e-b8b1-680094b8237c,2025-05-18,4,2,Approved
b3175fbf-2620-43ec-83c6-3551f7874bdc,2025-01-24,4,5,In Progress
4760ad96-ed98-44ed-9714-90f23c53d284,2025-06-17,1,3,Rejected
55aa3dcb-ae28-4395-87f9-82b128e54788,2025-11-17,5,4,Approved
37176f83-b01b-4e64-8d89-a4be3165d896,2025-12-15,5,1,Rejected
3cced773-500a-4d7d-8ddd-4581c88f7287,2025-12-30,4,2,Rejected
b82e599c-46d0-4743-a53f-87b1661fc5d2,2025-09-12,1,2,Rejected
22808226-1ba1-4373-bc16-54763c05b2e7,2025-08-27,4,2,Approved
209e63c7-4d30-4135-bdb8-76b5908877f6,2025-11-01,2,4,In Progress
1f2ca274-f66d-41dd-890e-348f47978920,2025-11-06,3,3,Approved
90db98fa-a7b1-4147-b151-e2eacd7f5b8a,2025-10-03,1,4,Approved
a6a63c3f-c52e-4549-a150-7f40bfcfef55,2025-10-30,2,2,Approved
60090605-2a93-4cf1-a413-7861fcc558b9,2025-03-12,3,3,Rejected
4605c57b-3493-4de1-a675-6bad8f5a7072,2025-03-02,5,5,In Progress
3440b3be-3f33-4ff3-89b2-05ff977543be,2025-12-14,1,2,Approved
bcd12277-0f68-4225-bae1-5afb7e2b5c49,2025-03-28,4,3,Rejected
4609a25c-85f7-4e6f-bb73-8417be4a2681,2025-08-13,2,1,Rejected
5c87e913-a062-4479-90e8-98b04d0b60be,2025-02-21,3,5,Rejected
0f0e7daa-d9ed-4db2-807b-01c65f4883e9,2025-05-14,5,2,In Progress
8094c38c-2333-4b68-b586-5067d521b9af,2025-04-10,2,5,Approved
541b77ed-dd4d-4a27-b767-351ac9f9e000,2025-07-07,3,1,In Progress
da8a218e-8da3-46cc-9e89-6186ed71b36d,2025-08-30,5,4,Approved
91523382-bedb-4fba-acc1-852a8a113c65,2025-07-23,4,2,Approved
76a3797d-f7d8-473a-9d2e-2a8053b016ea,2025-03-25,2,3,In Progress
fc01bf78-73c3-4c8f-ae7c-bbca65e86ad5,2025-11-09,5,2,Approved
4898e5ff-4f9c-41fd-86f8-05e8fd746d6b,2025-03-30,5,5,Rejected
eb917ae9-b0d1-407d-9de9-282cf7433a26,2025-07-09,3,1,Approved
576d1b77-ebde-43ee-83f5-70b3aad7dcdd,2025-02-23,2,2,Rejected
26b0e5e7-adc5-407e-b9cb-6dcd5d0cc3f9,2025-09-23,1,4,Rejected
f5eb7bca-11d3-4c47-9cc7-ca22d278bed5,2025-12-16,3,3,Approved
64b22a27-9c6a-43fe-b9a5-62db7c53ad4b,2025-10-08,5,3,Approved
4d931e47-cc58-4d66-b9cf-93ec1a46f2ee,2025-01-06,2,3,Rejected
aafc17c8-2f9b-4220-adf3-c1b062bb789c,2025-11-10,5,2,Rejected
369f014b-5b63-4077-9081-a1e064ef2dbe,2025-08-05,4,3,Approved
75390436-31f0-4fe5-b3e7-edad365bd136,2025-03-07,2,3,Approved
0335dfa7-9ffd-45ad-a8f2-63f800fb8490,2025-12-17,1,4,Approved
6610957c-ab8e-49ac-b96b-efe3c5dc757c,2025-07-09,5,1,Approved
8f3d9942-663a-4e66-9380-20d0cb359700,2025-01-21,3,1,Approved
6ebbb5c3-5f63-4cf9-b54a-647ad74f89ae,2025-01-28,2,3,Approved
5d5f3cc1-2040-4f82-be9a-5dbf7b0dad8e,2025-07-22,5,1,Approved
77b0e05b-e78c-4819-bf81-291917260e3b,2025-03-03,5,1,In Progress
0e61d75f-44bc-41ee-9648-76299e1e4232,2025-06-14,2,1,Approved
d27fc354-a14c-4434-928e-0461f42377c6,2025-12-24,3,4,In Progress
be6b0760-542e-4afb-a199-fc9cd40e9e45,2025-08-16,5,2,In Progress
b39cccd0-70da-4e12-ab16-6bbc10ea07ff,2025-08-05,3,3,Approved
6595a2bd-ef64-4c2d-abc8-3f66b03635b0,2025-04-17,3,2,Approved
ca606378-d79e-4a17-b9ac-09f983fa8fc6,2025-08-20,1,3,In Progress
1f477ea6-9884-443e-9618-db4688c21f32,2025-12-31,4,2,Approved
0859bb8e-33c6-4376-b85e-20e1f438cb46,2025-02-20,4,5,Approved
aec22911-3bc6-4c17-b47b-4e78dd51b4d4,2025-08-26,2,5,Approved
3d03e8b5-a453-4c84-8665-fa95493fc9a9,2025-07-05,5,4,Approved
3f24329a-1a09-4430-9d85-16b16b08546b,2025-10-28,1,3,Approved
e20e31c3-2c8a-49d3-84fc-6123a830a106,2025-06-16,1,5,Approved
31d71217-7119-4f1d-a0be-6920fefe169c,2025-12-31,5,4,In Progress
ac35a59f-a4f7-44cf-9229-36f899a88112,2025-03-10,1,2,Rejected
14cfa112-c1d4-4df9-a260-539ce1f849f8,2025-12-20,5,2,In Progress
b5bdfc9c-43e0-4a75-b8b2-1b0622f9669b,2025-10-27,5,5,Approved
81405652-7cae-47c7-b452-103e96604cd0,2025-07-16,2,5,Rejected
918f8db7-9f74-4f19-833f-b979a2750feb,2025-03-15,4,4,Approved
17ad2e68-bf57-49c6-af27-8d6d157808ba,2025-08-11,1,2,Approved
433ace29-781a-4081-b2ff-4514bfead962,2025-04-14,3,5,Approved
963236c4-0de3-40ae-8473-0ef98f76eb94,2025-05-17,3,1,Approved
a9074ed0-10bf-4e3d-9d60-d49e47a0ec37,2025-11-13,1,5,Approved
7f68212a-71ab-4725-a533-95af92422e0f,2025-02-16,2,5,Approved
5ebcc0c8-7245-431b-91b7-2c1fe836ac5f,2025-04-10,4,1,Approved
2ca2bac5-9ab8-4e1e-a26e-ef20f89ea943,2025-07-03,1,5,In Progress
f392cc7a-b56a-4c55-9c60-a3967580b12e,2025-07-28,2,1,Rejected
a19cdb05-9535-4391-ab7d-d8e5311486a1,2025-09-18,3,3,Approved
fd12add2-f9af-4c31-9257-5335cc64de16,2025-03-23,3,2,Rejected
d0fda929-f365-4e68-9fcd-842163c8b7ea,2025-09-27,2,5,Approved
217dfe6e-204e-4e78-a3fc-4b889cb1be36,2025-04-23,2,5,Approved
6713f3fd-5069-4f7e-bb7d-33e909c41fc4,2025-08-01,2,4,Approved
3d64dda2-9421-4300-a78d-2526ec481c69,2025-04-11,5,2,Approved
3a674b3e-0338-4759-a006-d9f9fa7e7b40,2025-07-22,3,5,Approved
ac4c5627-90f6-45d0-984b-82f1cd56151c,2025-09-10,3,2,Approved
c08235f3-3449-4a33-9ee4-99a534d07de8,2025-12-04,5,1,In Progress
31e648df-8016-426d-b27a-ed1b07cac73d,2025-11-02,3,3,Rejected
b3e32f1b-ee72-45d7-8168-8595c1dc2e1d,2025-05-11,5,2,Approved
ae5ba7cf-3196-4839-a76f-7110b30a6af7,2025-02-21,5,1,Approved
e9eefcc1-6c79-4ffc-96c2-90ca8c3ae196,2025-05-06,1,5,Approved
0ee38194-476a-457c-a1e2-709a607643c0,2025-01-22,5,1,Approved
ff505259-e643-40f4-b6a5-ce87b4d93f46,2025-03-16,4,4,In Progress
7f766ccd-0e17-4497-9e60-a6229b87e4e9,2025-07-16,2,2,Approved
77f5f4b3-bc15-41ee-8cb7-eb86e786de75,2025-01-09,5,3,Approved
62e2d356-dfe7-41ed-b08e-3a01b6bc20bb,2025-05-27,4,2,Approved
0c0445ea-6a40-4002-8e78-5dedc5c4abdd,2025-05-16,2,4,Approved
5b86bb27-d807-4fbd-9d0d-21ae22ebf7d7,2025-02-06,2,3,Approved
00a19b71-e0f4-42d4-91a9-e3aaf847a9d7,2025-02-26,1,3,Approved
d245c8f9-e627-4786-8851-12c06bd7e93e,2025-06-06,5,1,Approved
5f464b29-db03-4e1f-83fe-55e322b30bbd,2025-06-26,5,2,Approved
cc959cc7-a542-482e-80ab-fd87157d0ce8,2025-07-11,3,1,Approved
7eef64fc-0524-4e58-969c-6204c49b8c12,2025-07-01,2,1,In Progress
f103075f-ebd4-4a28-8424-e448551fdb5f,2025-08-11,3,5,Approved
21be2aed-774e-47b7-a35a-65c5eba4c1cd,2025-12-19,2,3,Approved
36602d83-1844-4966-9e3e-62cf1d0a89f5,2025-03-02,4,3,Rejected
f45a4dc3-a1ac-45f3-a850-5499e56c67de,2025-05-27,3,4,Approved
4d932797-541f-4fc1-af64-b63b2e1caf27,2025-09-09,1,4,Approved
db6b0519-9f01-4ad3-9485-847554444843,2025-08-29,2,1,Approved
372e5ad2-c3f7-4753-8f16-8c26016c912b,2025-05-14,5,4,Rejected
e566d100-77b1-4139-bb5c-a8a6b29121ab,2025-10-25,3,2,Approved
ed0e69fa-4597-44cd-a027-65d082fade5b,2025-10-19,4,5,Approved
b5efb8a7-ad4c-4d7a-99e0-a215234ebc7f,2025-12-15,2,5,Approved
91afb320-0294-4317-a667-826315860c4c,2025-02-11,2,5,Approved
079e52f0-ce47-49bc-8220-d74bdc79b2db,2025-09-28,2,2,In Progress
4eba0492-2d42-4236-9b47-f083f892febd,2025-02-21,3,1,In Progress
a23f300f-3ebc-459f-8cd1-b5988d1541ad,2025-10-05,2,1,In Progress
d29d8e1a-a1df-45aa-b2ad-1b75caa93ec8,2025-07-26,1,4,Approved
b47e183d-595b-4c91-9ff0-8db8414e5300,2025-04-02,1,2,Approved
ede6668e-02ec-406c-aeb7-1432dd8768ce,2025-11-23,4,3,Approved
32226065-7384-4765-8f08-0831d237fd92,2025-06-19,5,4,In Progress
0e3d9b5a-8d82-4a5f-8361-3c65c8bfbc0d,2025-02-04,1,5,Rejected
972e4192-780a-494e-a859-2baec9ce1c57,2025-10-17,5,1,In Progress
896f293a-84fb-4de2-8ac8-add45ebb6c0e,2025-10-22,3,5,In Progress
dc1f3314-e4b3-4a3d-bb53-c8e83a104be0,2025-08-23,3,2,In Progress
ca1a7e0d-f296-41ff-b232-a668507ff5fb,2025-12-13,3,1,Approved
9fc667a8-e94d-45c5-b7a7-18df7b383d7d,2025-09-08,2,3,In Progress
34c05f93-5002-4e0d-98bc-35ff9197794e,2025-07-22,4,4,Approved
470cbef6-2ca6-4f12-b6a4-9eee10ce3447,2025-09-26,3,3,Approved
24b4137d-c14d-4a62-a118-84da1dc465fc,2025-10-24,5,3,Approved
900be2f2-4a9e-4a52-a7e9-db9c431fc302,2025-05-03,4,1,Approved
e8cacb03-7f18-47a6-8b20-4a4600329378,2025-10-12,3,2,Approved
02c88752-0564-4350-9605-f27ae37f51db,2025-10-27,1,4,Approved
129b063a-4d83-4823-95e8-1c626d331fd7,2025-05-09,4,5,Rejected
5a4be4f1-c751-4ea3-8a75-b7c6971130d3,2025-12-22,2,1,In Progress
35bb42bb-d9d7-4a0a-9363-a57aca6f58d7,2025-05-25,3,5,In Progress
dd336bb4-05ca-443b-8eaa-86f75d0bd27b,2025-11-18,5,5,Approved
c1d08b9f-19a2-4973-b399-96ec703c9301,2025-08-22,5,4,Approved
9509a3dc-31ee-40a7-b805-7a3d44f628c7,2025-09-23,5,4,Approved
2e7db645-f971-48f7-9c63-73098a8a1236,2025-12-04,1,3,Approved
665b61f5-881a-4cbf-9224-b52b3a534e90,2025-10-11,4,2,Approved
ba00ae72-5d4e-49bd-9f3e-eecc380349b2,2025-05-26,2,3,In Progress
e5df93a2-026f-49c7-83de-99ac9ac14236,2025-03-24,4,2,Approved
cb2d7853-2713-4667-8bf7-ec8a69b2e480,2025-10-09,3,1,Approved
58f602bf-025a-4394-a736-437fb55696d6,2025-07-19,5,4,Approved
9323f44b-b426-4dfb-b4f8-af7263e95154,2025-07-28,1,5,Rejected
0f8ab17f-ac4e-4ead-99de-ac87e00d8e17,2025-04-20,1,2,Approved
0c5d0a06-7f3e-4240-8fd9-fcaa5731e8df,2025-07-30,3,4,Rejected
daa80ada-9576-4ea2-b28e-a1fb81deac25,2025-03-13,3,4,Approved
b2102eae-dfc9-43d4-8cfc-0cfa06cab8fb,2025-05-12,5,3,Approved
f0302f33-9cf3-46f3-988c-636278d40495,2025-01-02,4,3,Approved
b2f62514-4054-4c80-aec9-a7712385b2b7,2025-07-18,2,5,Approved
fcf5b437-3a7c-4611-81ce-32f476235b31,2025-10-25,4,5,Approved
fa296de8-1aef-4834-89b2-cb0d10ac3395,2025-04-18,4,3,Rejected
bba30277-9df8-4f28-9bdc-1b32541431da,2025-12-30,5,4,Approved
562f2b9d-b160-4e32-8d13-bf8f70c80e87,2025-09-09,4,4,Approved
c43b9687-a949-4bfa-949c-ea6f4eaa8c40,2025-07-16,2,1,In Progress
8b0cccca-eafb-470b-9cd6-172321c8c888,2025-08-05,4,3,Approved
a27508bd-b356-43b8-a025-2e7752260a72,2025-03-22,5,2,Approved
73d99c68-849a-430f-adb6-3e1d947bd288,2025-10-30,4,3,Rejected
73fcfa69-36d0-4b46-8907-b900ffb0bde5,2025-03-08,1,5,Approved
4613009e-36cb-43f1-80bf-0ea2eaef64eb,2025-06-22,5,2,Approved
4c07ccc0-bebb-496e-8cba-c3964a5e3608,2025-03-09,2,3,Approved
bd9eee6c-0989-4fd0-a88f-5a221e169297,2025-07-25,2,5,In Progress
f7e966d7-ac3c-4b0b-a7ae-b8b54a133b93,2025-04-01,2,5,Approved
e42cfbb1-342c-4a2f-a6be-5d1c026d6d7c,2025-11-08,1,5,Approved
b546df80-b9f7-4509-8382-2080c767c94f,2025-06-09,4,5,Approved
b6ce2b61-1d48-4290-9a9f-2824dd8e4b75,2025-10-02,5,3,Rejected
8f2ece6a-a53b-44a0-aac2-dc30a96f513e,2025-12-17,3,4,Approved
1c2b01a6-9673-459a-8897-615126251937,2025-10-14,1,3,In Progress
e6519e72-3d74-4669-87c5-1f2b80344c5e,2025-11-20,5,1,Approved
25a660cc-5400-4aec-936c-8dc65bb54926,2025-11-15,4,5,Approved
29bdf1f6-31e1-4915-be9b-0ace07626ebc,2025-06-25,5,1,In Progress
a75f1353-1efc-49c3-b507-61f73ff23679,2025-06-27,4,1,Approved
0fc20ae9-13eb-44f3-b537-642cb131212a,2025-05-02,1,2,Approved
7a5b6e21-5e4c-42f8-9a5b-a7d375fab0d4,2025-11-22,4,5,Approved
84b25734-ea05-43fe-aa48-cd57a1996f65,2025-04-14,2,4,Approved
df6e2f60-4407-4337-9b34-d9bb5bb178f7,2025-02-23,5,2,Approved
02526af9-bd6a-408f-ba12-990df3c416ea,2025-04-27,5,3,Approved
f6723808-58a4-4f2b-b77f-5f3c5c1383f0,2025-12-08,5,5,Rejected
bf29e737-ee31-4323-af9b-f1fce825a1bb,2025-05-23,2,3,Approved
d5f8a3c1-d282-4614-a20c-736febcb93c9,2025-10-28,5,2,In Progress
08557766-bd21-4d99-8412-0304b0e11546,2025-09-01,1,2,Approved
3154ab9e-605b-4f34-a884-0af6309df5b5,2025-01-06,1,1,Approved
61f92b0e-75f5-477e-8184-4d9998978c27,2025-10-22,4,4,In Progress
d92d9664-57b9-4ce2-bd6f-0d38e52cde7b,2025-02-12,4,4,Approved
63ad3a21-fd6d-4015-b9f3-0b9f2a07b7d6,2025-06-03,1,1,In Progress
a0fa59bd-0994-4d91-b2d1-131c2d117409,2025-06-10,1,4,Approved
2aec9cae-5723-4c4d-ab0d-241435d12bd1,2025-03-13,4,4,Rejected
64f2a212-aaaf-4178-878f-dc09c02f5d90,2025-03-16,5,5,Approved
afd72b60-6cf2-4137-85dd-119f80ab4469,2025-11-25,4,2,Rejected
15e6c5d1-9081-412e-bca8-496b9e007ea6,2025-01-30,5,1,Approved
056251d1-5641-47b5-835e-57d7760e4eed,2025-12-11,2,1,Approved
55f5903d-60d3-4b7b-a037-cc06331be3c1,2025-05-30,3,2,Approved
b729ae35-bc9a-4acc-ad42-6e0344ddc878,2025-08-08,4,2,Approved
60f83d50-e702-4c16-abb5-f2e966ef6d1a,2025-08-06,2,2,Approved
bb8199dd-e7f1-4ed6-b941-5f851404a9ff,2025-09-23,4,2,Approved
c0d635f3-903c-4ee0-9213-236e0630f073,2025-04-30,5,2,Approved
079c0693-3aac-45c0-8471-eeb0a04e0344,2025-06-15,4,4,Approved
ddff3393-4db6-4b8f-8a5b-3627bff1a1c8,2025-02-02,2,4,Approved
7110497c-8377-4399-9099-37a9d9416d8e,2025-04-29,2,1,Approved
b86ee724-4e24-4a09-850a-9e2eeb0c8ad1,2025-10-04,1,2,Rejected
5cb6fff5-6002-4cf9-93a7-8dcee74fd2d9,2025-10-30,3,4,Approved
27a0c3f0-99c7-4b1d-8008-4b01cffbfa31,2025-07-02,3,5,Approved
9e022079-b84c-479e-bcd5-744e38f92f41,2025-07-07,2,2,Approved
1e956384-7638-46ac-bab2-d68a00a4a716,2025-10-08,5,4,Approved
b8e27314-2bb8-46fc-baf7-ba6b0c10dd42,2025-06-03,1,4,Approved
8c5f61ac-e550-45bd-ba34-22f364afa758,2025-06-09,3,5,Approved
a0c5fb8c-f17a-45d3-83dc-5d695d9d535a,2025-12-13,2,3,Rejected
ca7164b2-5a7c-4f1f-95a8-eca750cc9c3b,2025-05-27,2,3,Rejected
2e85fc70-1d84-4b85-abc7-480a599516b3,2025-02-10,4,3,In Progress
2f32a201-7b3d-45b6-a615-3fa099937c42,2025-08-28,2,4,Approved
2abb5ec1-ad4e-4fb3-b13e-c6c1e699521a,2025-12-17,2,1,Approved
922f4b5a-7a57-4df9-8d06-f1646fc01528,2025-10-09,2,1,Approved
acd44817-4f1a-4424-b52d-014e49bbfb4a,2025-05-09,4,1,Approved
f005883e-8a28-42f7-b971-a5ec823d1cdc,2025-09-28,3,2,In Progress
ae55986e-8e23-4310-906d-7cbda6ef5c1f,2025-02-18,4,3,Approved
d69ecd44-2c62-43a8-a162-aa0afeed3bd4,2025-04-22,2,4,Approved
e45de9b6-b4c9-486f-92c9-7b5ca2dad233,2025-09-24,4,5,Approved
1685f77d-e95c-41f7-b96d-3bb08d294606,2025-03-08,4,5,Rejected
b55cf746-a455-47cf-84f9-42d1abb10690,2025-10-17,3,2,Approved
dcbe6b19-c828-4bec-8994-7f2af90a054a,2025-10-21,5,1,In Progress
f492bcf6-1e15-4822-ab47-4a468d2b7408,2025-05-03,2,1,Approved
f41bce4a-3c90-4d09-9716-b590527ea724,2025-12-30,3,2,Approved
c1af4b40-43e2-464a-b83e-cc57fcf18e17,2025-01-13,3,4,Approved
f846ff83-521e-47f6-b009-762919b19ade,2025-03-21,1,5,Rejected
76273fd1-015f-4ed3-8c08-f8d1db7e4340,2025-03-23,4,5,Approved
03963da0-582d-4d5b-b013-dfba0fc12d07,2025-07-05,3,3,Approved
ce778240-227d-4678-89a3-0caf6bbf5a44,2025-10-02,1,4,Approved
c851bfa5-df3d-48b9-a6d5-f968d9356de2,2025-06-10,1,4,Rejected
cb2207b8-f4f9-43ac-bac4-ac003e9ec6ab,2025-08-19,4,5,Approved
6b34e2ce-60b3-49a1-826a-b728f1215a10,2025-01-29,3,5,Approved
04b8d3a3-ee0a-4aaf-9d7f-3944733a2304,2025-10-29,5,1,Approved
cc767b9a-8a43-41ea-af7a-32ec7bfe23fa,2025-10-31,2,4,In Progress
75475138-762a-4ce0-a3f0-ba9a6fd03cb4,2025-01-19,1,5,Approved
c9b965bd-e995-4157-805b-99a488dd6e75,2025-10-07,1,5,Approved
75f008f7-8b13-44ca-a6d8-3076ac3628a8,2025-11-17,4,1,Rejected
36c11aae-72a4-4930-97f3-25906a583aa8,2025-09-13,4,2,Rejected
9866d8f7-593c-4c36-89ec-096b4e7302a9,2025-10-30,5,2,In Progress
efa97f1d-2c29-47d0-b9a3-9864d4bd257d,2025-07-19,1,3,Approved
f6bd8374-6218-4120-9613-490a00968e31,2025-02-07,4,5,Approved
07432af7-76ea-4ab5-8bf3-1918ab1078c4,2025-05-21,2,2,Approved
005893ba-6f21-43b2-97ae-ebd4b3f65e3e,2025-09-27,5,4,Rejected
6678e2fb-7461-44a3-bc86-6733865e7e1d,2025-04-12,3,3,In Progress
c9debd1c-aa46-491e-a076-e66a1bbb8dea,2025-04-17,2,4,Approved
094166d8-82d0-42f8-a00d-4a610935449a,2025-10-19,4,3,Rejected
ea435c5a-de00-44a3-bd66-a3dc4b50ec76,2025-12-03,4,5,Approved
2f0168d9-75b6-40ac-a60c-bb76da6e3536,2025-05-22,5,1,In Progress
337d75ec-98cd-4dcd-b705-3e5ddcbe69c2,2025-04-03,4,3,Rejected
2ff4cb59-910a-46f9-88f2-6c62e0d42aa3,2025-06-23,2,5,In Progress
9689dc9c-dc6e-4143-a3f8-1b50bed2d8fe,2025-08-02,3,1,Approved
f895fd5d-7019-43d6-b058-4724fed85c71,2025-12-19,1,3,Approved
18d29288-ede3-4dcb-acce-2769ff7c6bcc,2025-01-18,3,2,Approved
67d85f33-b8de-43a5-ae55-1cff55b486f2,2025-01-13,1,4,Approved
fde5f92f-c4c7-4b83-82ee-025d90c7ea20,2025-09-13,3,3,Approved
2e50962f-3216-4d90-95b9-9013d8600763,2025-10-19,3,3,Approved
f874378d-3eae-4571-b7e3-5495e36c6d4f,2025-08-09,1,1,Approved
15bf9f2b-dfbf-4d3a-9b99-7129c0abf37e,2025-09-12,3,4,Approved
1ac01ab7-7c19-40d5-95bc-1bcd3ea9f47e,2025-07-09,2,4,Approved
1df6114c-2ff2-440e-b4ad-d6f51d14daa9,2025-06-17,4,3,Approved
b4d862c8-768f-49db-bac1-6ab5da299dec,2025-09-08,2,1,In Progress
5677eb0f-2b7f-4139-82a6-71fff03e411c,2025-11-11,3,5,Approved
5551472c-90ec-426b-bb81-7d8a2a046de3,2025-12-23,2,5,Approved
054ca1f7-1d8a-40e9-b261-9a7b818bbb68,2025-05-24,2,5,Approved
b2631f40-b526-486d-9d99-a6e4e9d63ce1,2025-08-01,1,2,Rejected
086684bf-6401-4f7a-b12b-51de9d2bb749,2025-08-17,4,5,Approved
cce76c1d-de8c-4e24-b471-3af8a6a1f972,2025-12-16,1,5,Approved
1880cce8-b361-4243-a860-fcb6221b5b99,2025-07-27,1,1,Approved
364ea1cd-662c-405d-8aee-11af7d94e019,2025-04-10,2,1,Approved
cb8b9934-86f9-476a-a3e8-173c1e6d26f2,2025-12-27,5,2,Rejected
a6d17c03-09d1-4c9a-88bb-3c59d98d197f,2025-10-15,2,3,In Progress
aa85356b-b512-43f5-a535-864cb2b5811a,2025-02-09,3,2,Approved
10c9aca2-86f4-45d4-abce-a9add4e2399d,2025-02-27,3,1,Rejected
dd0ec7d6-fd5b-4988-bfe3-dfa954ba0d18,2025-05-09,5,1,Rejected
1f04fc4e-b0ff-45eb-b8ef-0aed8716200c,2025-02-26,4,1,Approved
41105f02-cf0f-4445-9531-372fcffac5d2,2025-07-04,5,4,Rejected
2014ec7a-257e-4e99-aa11-2be98fb42102,2025-07-12,2,2,Approved
38a15d37-acd8-4778-8a54-d8b8ea405e16,2025-02-11,3,3,In Progress
71f24c26-fb45-40ab-a72c-aa9b2a7b79d9,2025-06-01,3,5,In Progress
44da5248-f9b3-4d34-a5ae-8f3117aa0397,2025-04-04,5,1,Rejected
fac71c40-d26d-4a32-b43c-f6075b4f6114,2025-07-10,5,3,Approved
d998b22c-546f-49e4-b586-cadd325d6eca,2025-11-09,4,1,Approved
f4f6033c-b617-4c7b-a0c0-8566d84abffe,2025-09-21,2,2,Approved
6b0584d0-cd8c-4552-9b8a-0af54a7256bd,2025-06-14,1,2,Approved
9309a5c9-f781-42a7-a6f8-30ccaa69c92a,2025-10-31,2,3,Approved
4a5d86a1-4f31-4db5-ba6f-cd482cc9c47c,2025-05-02,4,1,Approved
08a8c366-f201-403c-8e51-b3b7d24d840a,2025-05-12,2,4,In Progress
7bfc83f8-8e9a-457b-b39e-102d9d4d6ecc,2025-03-14,4,3,Approved
8e986768-1d03-457b-99e4-7deabb1f94a6,2025-12-13,5,3,Approved
73d130b4-084e-495c-be06-ba7866ea1a16,2025-06-25,5,3,Approved
5ddd0d34-76d7-4d5e-a260-cd5ec3de15a0,2025-08-21,4,3,Approved
6745aed5-5868-447f-8799-6625b20d9eea,2025-06-17,1,4,Rejected
d36329ef-52a5-493b-8843-228ef13ed31e,2025-03-05,5,4,Rejected
de83d479-d3fd-4d19-95fa-cab0c5c8bdc8,2025-11-08,1,1,Approved
e436b2e0-fa87-4e7e-a500-094706c6b82f,2025-08-18,2,2,Approved
fe554fa9-c47a-446a-838a-47a803454e93,2025-07-24,3,1,Approved
71fbbd4c-969b-4951-ab0e-2ebf1ebef4e7,2025-09-19,1,1,Approved
0e51b527-c258-4603-b4cb-b387b99069a0,2025-07-05,1,2,Approved
5ab92ce4-75a7-4a1d-8709-c0a40d2e43fe,2025-08-10,5,3,In Progress
455fe5d9-fb6c-4ed0-b288-37b8e1fa0247,2025-07-16,5,3,Approved
9874e8a0-b854-4635-803d-a15300c8a49d,2025-09-14,1,4,Approved
667a73bc-3896-4f3c-b938-e7554896e6e1,2025-12-16,1,2,Approved
c5188f5b-f7a2-41b0-89a2-df0cc6030f2a,2025-08-12,4,3,In Progress
ea8046c2-2207-4326-b08d-d19e1c7e771c,2025-07-30,2,3,Approved
a9e3a34c-935d-4300-97fc-0c8537d9e607,2025-01-01,4,3,In Progress
5aed2d56-0020-490c-9566-9f334df92f4e,2025-08-18,1,3,Approved
512486d5-04d4-479c-bac5-cfc9a17734d2,2025-04-04,3,2,Rejected
4a4229d6-9f37-4fd2-ac8f-135fe2acc240,2025-07-26,5,1,In Progress
ad2393cc-107f-4c22-ad66-2bff2f89b910,2025-11-04,4,1,Approved
37bff648-6808-4e50-9559-d7d7e5c8952a,2025-08-15,4,3,In Progress
2662fc08-8527-405b-8fb1-7ece61f1f45d,2025-04-23,5,3,Approved
95d9ce03-46c6-4aa6-8576-984a13cac190,2025-07-18,1,2,Approved
3a4373bf-abad-47ca-a1ee-9b72267e8f9c,2025-09-05,5,2,In Progress
d82bca55-0d0e-4be3-8892-baf885bf0d1f,2025-10-11,2,3,Rejected
de2f8ca5-30f5-407c-a384-8ae8f811f0c9,2025-03-21,3,1,Approved
9459214f-99c9-4ab4-8cac-dc8417aa97c1,2025-11-30,2,1,Approved
a86de800-5a6a-40bf-8918-fc9aa4ab8968,2025-01-21,3,5,In Progress
99fea68e-6ea2-48dd-8b00-47571924e88f,2025-06-16,3,4,Approved
7b68a8dd-23dd-4f6f-8b6c-df358789c586,2025-10-02,5,5,In Progress
75a55da4-e008-4ccf-835b-fcff0025598a,2025-07-06,5,4,In Progress
3e48ba74-9879-4db1-a730-d41d9796137a,2025-12-08,5,2,Approved
f04342d2-c6bd-4b5e-b9c7-2155cbaa64c2,2025-02-06,2,1,In Progress
bdaa4ff4-dd55-4710-a314-2c924b408f8e,2025-01-07,1,4,In Progress
e319e793-fa45-46ee-b15f-b7ca57f095e0,2025-01-08,5,2,Approved
a2eee81b-7010-4eed-ac8a-805239df4aef,2025-08-02,5,1,Approved
ba2b5e4e-933e-4af8-be2d-a041f8a61d58,2025-05-18,4,1,Rejected
d69e6e65-38d6-47c2-b6fc-cc7d0e52862a,2025-08-01,3,2,In Progress
3822f592-517b-4ea2-afe0-f696b9ec5228,2025-02-22,5,4,Approved
b1fee360-7561-4fd2-893a-0dd8c0b62e00,2025-09-23,2,3,In Progress
33988374-38e4-4b7a-89c7-4ea4c6cc6dce,2025-01-06,4,5,Approved
cd1ace1d-6bdd-4a43-9b6c-7cb2bd838357,2025-08-21,1,4,Approved
de871fe1-0022-4307-ac84-ff0ee5a460de,2025-09-23,2,3,Approved
6ed312d1-3de7-416d-9c7a-f87165f4df4b,2025-05-16,1,4,Approved
93928a7f-f054-4e88-89f2-b29dd26c65ee,2025-04-06,5,3,Approved
6fe832d0-04f0-462e-98ef-f13236b75250,2025-02-27,3,3,In Progress
cf631fe4-4b86-404d-b505-805c15f7c430,2025-04-06,3,1,In Progress
fabba145-2428-4578-b6bb-66db2cf3e4e2,2025-04-02,1,5,In Progress
a0c0fde0-389a-433b-b594-91dc3a6f39db,2025-10-14,5,5,Approved
dd74c82c-697e-4d23-bf33-60ce6514c92f,2025-07-29,1,4,Approved
4f22227f-70e5-415b-b3a9-2397ad63a97a,2025-11-10,5,4,In Progress
65974fb0-8377-44e2-aaad-029f6ab59cc9,2025-10-28,5,4,Approved
7c1c188e-4d12-4f07-a48b-cffc341910e0,2025-02-23,3,2,Approved
fa119954-e0b1-4dc7-be91-21bc19874e8f,2025-07-27,1,2,Rejected
eef7e0f9-8162-4ce1-9104-7c90722b4aea,2025-11-06,5,3,Approved
2e51d517-cc3b-4061-9fa9-ee364c32e336,2025-06-10,5,2,In Progress
45326fee-a5a6-490a-88c7-06f736b3e815,2025-03-30,3,2,Approved
80484f2b-8092-41ec-aa63-32abc550163e,2025-11-04,5,5,Rejected
bf7a8dcc-d310-40d9-a37a-cfe2cc99fbb2,2025-02-16,4,4,Approved
5e10e5fa-8bc5-4d7f-9ff9-22cb4e12e984,2025-09-26,3,3,Approved
f2ba9b64-bd3b-4467-8f8b-72bc723d4c9b,2025-02-03,2,2,Approved
2f6a15e3-4e8e-49c6-86b4-e22a1ea82c2a,2025-01-18,1,5,Approved
876fa8a7-9465-4296-87cd-8ae40040c2aa,2025-02-10,2,4,In Progress
c49c54dc-099a-4882-b9d3-b367353f94ef,2025-05-04,1,2,Approved
4132a1da-7df2-4ac6-b298-a6cebcd97b8a,2025-03-18,2,2,Rejected
71eae27f-8a87-4b27-a720-5f54528329f0,2025-06-07,5,2,In Progress
088e9d74-9219-4cdc-a31f-3d4beacbfd87,2025-10-17,4,1,Approved
f47c6d00-ef91-4850-b031-994429806d43,2025-02-22,4,3,In Progress
8a04f42e-a476-4b0c-9759-bed3b783f343,2025-06-11,4,2,Approved
68c605b1-9e76-49a7-b520-aca21aa84d34,2025-10-12,2,5,In Progress
70f1d916-8f34-49d0-a236-35e1f20565d4,2025-01-06,3,1,Rejected
1d05e562-61d4-456c-bec1-1106c56d1059,2025-05-04,1,4,Approved
95608e4d-9322-437b-b585-918c5089e52e,2025-08-01,1,3,Approved
2e054aa6-f39f-4e16-9386-8ee58b91ee8c,2025-12-10,2,1,Approved
fbc3df3e-d774-4291-8697-6a55f900950e,2025-04-09,5,2,In Progress
0955b4b3-f973-40f8-998e-839d874485cc,2025-05-09,1,3,Approved
892db86d-9327-4604-beee-2aa2d4cc7212,2025-09-06,1,4,Approved
af1e6ef6-28cb-4606-9082-2805704bc714,2025-03-31,4,3,Approved
fe8824cd-7ee8-4f95-b6ae-d3f29315169f,2025-03-20,5,4,Approved
620e45f9-0cd8-4f07-9fde-fe303f7ace90,2025-03-12,4,3,Approved
aab9e586-f87a-4876-bffa-634e3c0e3bc8,2025-04-24,3,3,Approved
06a6fb9b-29ba-4e19-b53a-d145b3a9adeb,2025-08-02,4,3,Approved
aa1c9c99-052d-4468-9441-8ed9d18f7726,2025-12-09,4,1,Approved
343c9881-0c56-4b30-b77b-b24d9e562a5a,2025-04-08,4,4,Rejected
f536f942-9cbb-4adb-95a8-80fa1707a26d,2025-05-07,3,1,In Progress
fa82f62f-1e3c-455e-8dc4-d1e6113f1efc,2025-07-23,5,3,Approved
a7e08260-a223-47ae-b0dc-c25f27fdb632,2025-12-02,3,1,Rejected
bdd68c1f-d868-451d-af76-3850e1f3a9aa,2025-04-21,3,1,Approved
cd29dd28-5e3e-4838-8337-fab8055d9cae,2025-09-12,3,3,In Progress
3253afac-11bf-4c9b-b58e-7801ee684d76,2025-12-17,1,5,In Progress
bb0dc5b0-dd6f-478f-aca8-493e725fcb5b,2025-02-05,2,5,Approved
a29e410e-e7a0-4122-840f-57b68b753d97,2025-08-03,5,4,In Progress
914ab274-0f51-4b44-a290-1d2f771d7ccb,2025-01-03,4,2,Approved
579f216e-84e6-464b-9cae-060c8e01bacb,2025-02-03,4,5,Approved
7314b0e7-f96b-499b-bf52-dae746f2f2ec,2025-08-28,5,3,Approved
40ab867e-ca07-4d7d-ae87-034aaf1f2a87,2025-01-11,2,4,In Progress
ee1b7ba0-3173-4a66-9c69-0bbf3fcc963a,2025-11-16,1,1,Approved
87524b7d-61b0-4183-b1f1-23b86e8f56c5,2025-08-01,5,3,In Progress
be3fba0f-14be-4ebc-88ea-4680781e9afb,2025-11-04,2,1,Rejected
6f9be6ce-c60a-4aaf-929d-74a38e277ad7,2025-03-06,3,1,In Progress
c685a6cb-e1d1-4068-8579-f8b60147bc93,2025-01-25,1,4,In Progress
cad3cd52-cafb-4bc6-bb00-daf3d1d7636b,2025-12-17,2,4,Rejected
5550e464-3946-45ad-97dd-ec7b559c4468,2025-09-27,1,5,Approved
94a8adf0-614b-41ed-b908-804000bed8ca,2025-08-14,3,2,Approved
7bd8449a-1aca-4be0-8941-6b5369fc779c,2025-09-15,3,4,Approved
e385829c-58fe-4668-a46a-c09f4db23548,2025-05-14,3,2,In Progress
034e3413-83ce-4c3b-924c-f5799f6037c9,2025-05-12,4,3,Approved
fff66b49-01d7-4c9e-86cf-664764fd9290,2025-09-18,5,1,Approved
dc1bc5cc-6aaf-46a2-842a-795ba8aa8d3e,2025-08-07,1,3,Approved
fdb954d9-ceca-41ad-9a7c-7907cc774214,2025-04-06,5,4,Approved
d512daaf-83e3-46b7-832e-7affade76cd2,2025-01-31,1,1,In Progress
2daccf76-be06-45d7-af2e-6a31feb41ee2,2025-06-10,2,5,Approved
01daa83f-9f57-496b-b4f7-e7200038388e,2025-06-26,3,3,Approved
f534da4b-c41e-41c3-8652-83aa3036eddb,2025-02-20,3,2,Approved
c35ffcf2-5d11-439d-adfb-dcf1e74c854e,2025-02-17,1,1,Rejected
fa31f6c7-bc82-42d0-a92b-69a85cdf1525,2025-03-04,5,3,Approved
8b20a7fe-9dce-4723-ad0a-59e328cefcf6,2025-08-30,1,1,Approved
47aa9cf1-2035-4748-b945-eca19d797549,2025-07-05,5,1,Approved
e7f1e225-a7f3-4288-a221-e5733f4a2887,2025-07-13,1,5,Approved
1497396c-96b4-4730-a329-56752f8cc426,2025-11-19,5,2,Rejected
7b4dcfc5-ec85-4180-92ac-813e946999f5,2025-08-14,3,3,Approved
7fff9fd4-1163-49da-89c8-b68650ca6e02,2025-05-05,4,1,Approved
38348343-1008-4347-b79a-d977a9744609,2025-06-07,4,5,In Progress
023b8980-521b-4ca4-94b6-af0cec4bd034,2025-09-25,4,4,Approved
4b228750-90f3-4e5e-8d8d-5a3627c303a7,2025-08-23,1,5,Approved
c124a045-5399-452b-998a-a77c6ad972e4,2025-03-15,1,4,In Progress
67cc3e22-7d41-4264-8eb5-e9157df1b244,2025-02-04,5,5,Approved
2c45ba62-b0ed-4065-be36-a63944a0c6ad,2025-09-25,1,3,Approved
8568f78c-4456-4278-9b4d-f7e757b081d0,2025-07-18,1,3,Approved
7f9645ab-b845-43bb-9f26-c9f05f00a629,2025-01-29,1,3,Approved
3b3b416f-1e2a-43a7-8ba0-2600f244a712,2025-12-16,5,1,Approved
ff6522e3-d544-4045-867a-e1eab1a63c79,2025-03-25,1,1,Approved
64726a02-c115-48a4-9339-39e7140480cc,2025-10-26,5,3,In Progress
fabf4998-bd0f-4dab-bc48-743037e50e46,2025-02-01,5,1,Approved
9c3869be-27b7-4905-8a58-58bbe365a9b7,2025-08-10,3,2,Rejected
7e78e0ef-fce5-47c8-a79b-49b34a272e21,2025-05-16,5,4,Rejected
74bb12f5-7c22-4d12-91bd-e91879739c05,2025-12-24,2,3,Approved
c1fbcf2c-9ca4-4760-9789-828d96364500,2025-07-18,5,4,Approved
ede93cda-88fe-497e-be9a-2d36a2fae2ae,2025-07-02,3,5,Rejected
de228006-546c-46e5-af70-82959e596b54,2025-05-29,4,2,Approved
a955667e-cfc1-476b-8d59-4530b5443c66,2025-08-11,2,1,Rejected
d7d98d37-bd5c-4ec6-b3e6-62e2fdf138c8,2025-11-18,3,4,In Progress
0a414a99-1fd7-4e06-83b1-d0c2faf118ef,2025-05-09,5,3,Approved
1a192788-419d-4aa0-844a-1d8a0451dadb,2025-04-26,2,3,Rejected
ffc2abe1-7fc7-4895-87f1-a3c5b909b852,2025-08-08,2,1,Approved
0366e05a-268d-49d8-ad72-753b45d4b6a0,2025-02-13,5,1,Rejected
d00c37a4-f6ae-4ee7-a319-4936679f6993,2025-08-21,1,1,Approved
77bc2d17-bc22-4149-a9f0-8e900e53bba5,2025-03-12,3,1,Approved
cd3808d9-b900-4604-a91c-b82bc711c609,2025-10-15,1,5,In Progress
7ba93b6c-93b6-484a-8e10-e9a22d690597,2025-06-04,3,5,Approved
91801ae9-54b3-4b40-b5fe-ef3e04668897,2025-05-09,4,1,Rejected
dbc7e1b5-81c2-40ef-9b52-76b1c16db406,2025-11-04,2,5,Approved
fac66c2a-d9b6-47ff-9080-8008611d5223,2025-12-20,3,3,Approved
d5e9dea1-f00e-4efa-a530-06eb98a2b3f6,2025-03-28,5,1,Rejected
55e15d0d-2641-4b60-8f23-9d008b901815,2025-09-19,2,4,In Progress
4e2a575e-8b9a-4762-be54-40e1b2610914,2025-09-08,4,3,Approved
09d7f672-42ea-4125-9ea6-631e57939ed6,2025-05-29,1,2,Approved
6b214e6b-dc94-4194-9d0a-0edcdc35559d,2025-12-10,4,3,Rejected
91db14de-552e-4dea-b623-cece6f2e8503,2025-10-19,2,3,Rejected
fc1ceb05-45ff-4108-954f-f8f25b0baf74,2025-02-08,2,4,Approved
d0aa88a9-1070-4591-b130-de07c134e01f,2025-11-30,3,5,Approved
3f323b67-b068-4311-bdc7-600dd3efeea0,2025-08-27,4,2,In Progress
3e94fd7e-abde-440b-bcab-01efd8d3f5ff,2025-01-29,2,1,In Progress
91b73431-06fd-43c7-b232-f7d1d2e64dae,2025-06-17,4,2,Approved
97a9c30c-27eb-4ef8-8bf2-a06f85d7047b,2025-06-02,5,2,Rejected
aae8094a-a3fc-4188-aa83-3c75aa6e8ae1,2025-02-19,1,1,Approved
f4e17d9f-1d6a-4ed7-a8b2-e30c13b00e1e,2025-12-12,3,4,Rejected
4dee2b09-32f3-425d-8955-79f967cf7ce6,2025-05-25,5,3,Approved
ed97beda-6a5c-414c-bb6f-71d2e8dcd465,2025-09-29,1,3,In Progress
98afa2d1-3652-44ae-8e19-c4072289e8e9,2025-12-21,4,4,Approved
b93db3a3-8ed5-4386-8cd6-7a226df9ca9f,2025-04-01,5,1,Approved
c1d6a6eb-e275-4003-a5f2-4b8cd4f2b072,2025-04-11,5,5,In Progress
551e3d99-5500-4b5f-993f-acbc63299e1d,2025-11-18,4,5,Approved
6475e4a9-b258-4f8b-a3fa-a4bb127cd1b1,2025-11-05,1,4,Approved
e9d71056-2eab-4f0b-917e-8d029436520f,2025-10-16,5,3,Approved
b3f6ac38-29e7-4024-9528-b71536e205db,2025-09-13,4,5,Rejected
a3799981-a849-4b1c-bfb1-f898519e49f6,2025-08-16,4,5,Approved
71ed922a-5be7-4969-a571-333daf19eae5,2025-02-10,2,3,In Progress
2e887d0e-05c1-4474-b564-8ed50c44b081,2025-03-24,1,2,Approved
20070a84-485d-4dc7-b04f-8c4168826081,2025-12-28,1,3,Approved
6a9c944f-1286-4bb4-889f-f2cc515eee05,2025-04-07,5,4,In Progress
9fef494c-86ea-48f6-be8b-ed605f764f40,2025-04-12,1,5,In Progress
ef7f13f4-a754-49a8-8c25-20f13ff659a9,2025-08-08,1,2,Approved
276481f2-20a4-45a2-a2e2-e51a81ca5df3,2025-08-21,2,4,Approved
4dba01fa-6881-4b28-9d0b-d6d25cd1f8ae,2025-11-25,5,5,In Progress
a7894b18-a10c-4af1-a089-09eae8ee1bb7,2025-06-27,4,2,Approved
7b37b699-e30d-4858-8210-1b67cf4d4a89,2025-11-14,1,4,Approved
ea68e006-7c54-4f2e-b6a1-c725a7ebb276,2025-05-02,2,4,In Progress
a039398e-2866-4e7f-a398-8b0f4c232947,2025-06-21,1,4,Rejected
3e75daba-c225-436b-953a-ebd8cfd58bf9,2025-11-12,5,4,Approved
12855680-6adc-44fd-bf3c-e44c89ef2e94,2025-04-16,5,1,Rejected
ad65304d-21a9-4d8a-bb84-9dbb3eb69c05,2025-04-23,4,5,Approved
f07c6b7d-38fa-4a7d-8945-def7de71e0d2,2025-03-31,3,3,Approved
a6776102-29f8-4d8c-8801-a4c6c31c7007,2025-06-03,3,2,In Progress
d87974d2-9de2-41d3-b562-75b540424898,2025-07-22,3,3,Approved
e27d2972-957d-48d3-b461-93bf44f16a23,2025-04-30,5,5,Approved
e83bdc6e-55ee-47de-8af8-542a455ff17c,2025-04-17,4,2,Approved
e69c76ec-c98f-4142-b99f-86d920cf673b,2025-03-08,4,1,Approved
d16f7799-ed06-441e-8878-0cd9bcd7cb8e,2025-03-05,4,3,Approved
56dafdf4-b62d-464e-b0b1-db047a757354,2025-10-12,2,2,Rejected
63fdd067-4a24-4951-ba4c-8f28119d7a86,2025-02-15,4,2,Approved
832fff5b-3842-4351-8028-5a45508c4b2a,2025-03-27,2,5,Approved
b89a91f2-42f0-401f-a7b5-ede99cb10382,2025-02-20,4,3,Approved
4078de50-cedc-4dd4-8003-621def133614,2025-05-24,4,3,Approved
04268d42-5e94-4344-97c4-faa9cad6d3be,2025-06-22,2,2,Approved
96823f56-166a-4113-86b6-c631bd1fd6e5,2025-04-14,2,3,Approved
64dd6563-15cb-4412-adff-7a52f316f329,2025-08-17,1,1,In Progress
a1cc4a53-cb50-4976-9a66-a38934991b0d,2025-10-20,3,1,Approved
0600f230-0f1a-4b9b-bfe2-b6252a834de7,2025-12-27,3,4,In Progress
019a599d-81f3-408f-8770-00dfd60d12bf,2025-05-24,4,3,Rejected
93136b5c-46ac-42da-877e-abbcaab2a35f,2025-09-06,2,2,In Progress
842aadbe-a75c-419d-b1d1-c6002544665f,2025-02-03,3,1,In Progress
e39cd272-dcd1-4bb3-ab83-026dbe31b1b7,2025-05-27,4,4,Approved
8cc52340-c9f6-425a-8713-9994e84b638d,2025-01-20,2,3,Approved
f2119723-e28c-40c0-9019-f848395d73b0,2025-02-11,3,5,Rejected
a466d4d6-2b3b-4be9-a150-249946ac7c7f,2025-06-23,2,1,In Progress
3c2cd197-e101-454a-b340-397dfd8f187e,2025-01-19,2,3,Approved
3a4a2cc2-0ff0-4a9d-80d9-0510d8e30edd,2025-08-30,2,5,Approved
2fea5494-83b1-4482-975c-241aec279bd2,2025-01-28,3,2,Approved
ed2bacaa-e766-4744-a796-ad6b588d9a44,2025-09-28,2,1,Approved
cfd05ec4-f75a-4c34-9a7c-8767f7b296b8,2025-07-18,2,4,Approved
09c27e30-f57d-4086-9a5f-eb64c5876fb9,2025-10-27,3,4,In Progress
4f10d044-5f1d-493b-8320-6110a93cf5f4,2025-10-10,4,4,In Progress
28376769-3d8d-4064-bd4a-7bab6d6f753d,2025-01-25,5,3,Approved
751a2950-3ab4-4e5d-9042-ea58fce9e060,2025-12-05,4,3,Rejected
6afb77b6-6f94-44d7-9acb-f5db24dc8cf2,2025-11-06,2,3,Approved
e8b050b4-b8c8-4f2c-b2de-9c4667b396e8,2025-07-21,2,5,Rejected
8e4fad25-ea66-4aed-994e-c65e2fc65fe4,2025-04-19,4,1,Approved
22e57b98-156b-449b-b761-d4f4335bffbc,2025-05-25,4,5,In Progress
9c24314f-c51e-49a8-a424-9c1b61266fa7,2025-04-07,4,1,Approved
62e17ed8-1d6c-4102-afd0-01182ea04da9,2025-09-10,4,5,In Progress
7641462f-8248-47ce-bdc8-c661781f95ac,2025-06-16,1,4,Rejected
ce5b3a05-7401-4910-9689-e532e8037b7a,2025-05-25,1,2,In Progress
40c8ddf1-42cc-41cf-851b-71e214854a53,2025-11-14,5,5,Approved
0f1ca498-e2b7-410d-ba1a-9df14bcd8751,2025-01-07,1,5,Approved
b4b576bf-9b6e-401b-9035-fbe3cbe64608,2025-03-17,5,5,Approved
d9830e27-57c5-4807-8aaf-0311deb44b74,2025-08-08,3,2,In Progress
c3d860fa-2cb2-4ffd-8a93-8a2b3c6e792b,2025-08-15,4,3,Approved
f1ef9cba-16de-4620-b52a-7031c0a6c27c,2025-05-16,2,4,Rejected
0f72571e-3dd7-49e4-bf8e-a937a0167d50,2025-02-20,3,3,Approved
cbce799e-6aab-48f4-b4d7-129113089add,2025-05-04,3,1,In Progress
1e03f083-0c32-4725-aea1-131dca986613,2025-11-19,4,3,Approved
7d963a81-5091-43ef-85ba-4a20209a7d5b,2025-04-24,4,5,Approved
b5c96582-aab8-4064-be02-4b95c65437bf,2025-06-30,3,5,Approved
daf93c1a-4b2a-4243-b2a4-1d7914a021fc,2025-12-24,1,2,Approved
7d678e2f-337f-4d41-8a8e-574e2dcd43e5,2025-10-29,1,3,Approved
b5afe330-b9c1-49c5-b3fb-4f76b60476b5,2025-03-31,1,5,Approved
76e0ea17-8b26-42ea-83f3-d578d7b63c62,2025-01-20,5,3,In Progress
820c9c53-5b4a-4478-86c6-0d06a274911a,2025-08-23,4,2,Approved
177113cd-6486-4a44-9f7c-9f87d0d6fbae,2025-09-14,3,5,Rejected
f5f93be3-d7e8-4d0d-b072-e0c5d9a022d1,2025-02-19,4,1,Approved
d8f5f3c7-4c57-42ed-9059-47ae2e417dcd,2025-11-16,3,2,Approved
f249575b-61d0-4710-b95d-2d38e7e05fe7,2025-08-06,1,1,Approved
5a2524b5-19e5-4ca1-a081-b0b87c3d977f,2025-05-27,1,4,In Progress
72a520d0-9747-48b9-adb2-7279b83f482b,2025-09-22,5,2,Rejected
b56e480b-4f0c-429c-ab1b-7013d4f9eb51,2025-07-26,4,3,Rejected
3e99a20b-ed48-4399-9602-f0cb6e480648,2025-07-29,1,4,Approved
a5204c32-d55a-459a-a846-af746701fdcd,2025-10-01,2,1,Approved
922c940d-4d1e-4290-af3b-f7b181a9393b,2025-02-14,5,4,Approved
2849be84-e01f-4765-94d9-96e3d8879a18,2025-02-01,2,4,Rejected
d897fcd0-2910-43ea-ad12-27a2c5d0bcd6,2025-07-01,4,4,Approved
5d2ac4f5-1f5e-426b-bcc6-d3f09706aa27,2025-07-31,2,5,Approved
31946b11-6649-4895-a735-44e881ddc80c,2025-05-09,5,4,Rejected
3a11b944-0187-41ce-ae18-26e28fbe7db0,2025-06-15,4,2,In Progress
cfe54751-5fbb-42ee-a787-ab5ee8480584,2025-03-30,3,1,Approved
1a1f11f8-b01d-45d4-ac3c-aeeae9296892,2025-03-18,4,3,In Progress
82a584fd-36d0-4ed8-93a4-4275828d1219,2025-03-16,3,1,In Progress
52818450-4f41-4a43-8abd-2bbb4586f7b4,2025-05-13,2,2,Approved
aa82c445-50b6-4a14-94c9-0c46b4d94f7d,2025-05-03,2,1,Approved
54bfa2db-2153-4a17-994b-ec71f4ef6150,2025-11-18,2,3,Approved
508ee15e-df00-4924-b1d9-0057fa6f590e,2025-04-25,5,4,Approved
b2fd50d6-7bd7-4a87-8460-f4538da6ab63,2025-04-16,1,1,Approved
2fa70e57-5584-47ad-923e-e6ac1a3ef967,2025-04-21,4,2,Approved
0729e43e-8261-407a-8664-937861b10d69,2025-12-08,4,2,Approved
9c3f8175-9129-4c2f-9016-aeb089967f63,2025-08-23,2,1,Approved
a37737ee-855c-4e9f-9ab2-d47da3fd928e,2025-05-14,3,2,Approved
cdff6050-25fb-404c-bcea-7aea3f40cc97,2025-02-14,2,5,In Progress
4e07a4e9-136e-4987-88a9-f1cf6313ffae,2025-09-02,1,2,Approved
d2cb9ba6-ea1f-4874-b544-c1c208ba70e4,2025-07-08,5,3,Rejected
79480b89-9f15-4a93-8677-99d2adcb7148,2025-07-20,2,1,In Progress
42fe7d8e-3539-4e25-ae12-43d2af7f071b,2025-12-02,2,1,Approved
d283c27e-9c25-4faa-aef8-62e54c4e4893,2025-12-04,1,1,Rejected
28ee9bd7-62b0-4d04-91e5-d56338f85421,2025-11-20,3,2,Approved
cd847aa2-cd88-40cb-91db-f36939218eea,2025-03-19,5,3,In Progress
301ce007-6e40-427b-a6bd-ac837aa38361,2025-02-25,3,4,Approved
375225f3-c86d-4732-a662-df91163bccc3,2025-04-22,4,3,Approved
1487a88d-ab3c-45fa-bd4e-76945f036593,2025-01-01,1,5,Approved
fe0cf3da-516d-4459-95f8-a1c44a641784,2025-08-01,2,5,Approved
6e537cd1-d98f-49bd-9d38-20245418b39b,2025-07-14,4,5,Rejected
ab3315a0-8bd8-43ae-a307-df2a790c5564,2025-12-02,3,4,Rejected
e03fa76f-3944-460a-a13e-b71c41d253cb,2025-11-20,2,4,Approved
253a6935-088d-404d-8c12-b32370f4bd73,2025-09-25,3,5,Approved
0d9d8efc-6f3c-41fe-8d6b-19b103c691ab,2025-09-09,3,4,Approved
07e29108-e812-487a-a631-dd8507eebb62,2025-12-12,4,3,Approved
023ab946-26da-4f9e-b5b3-e488a03d5949,2025-10-10,2,4,Approved
83b180a0-4007-483f-97d2-a56586c775d6,2025-08-30,5,5,Approved
d39bd855-e279-49af-bca3-4dc9d3d06400,2025-02-13,5,2,Approved
00a3f3df-4660-4801-bb85-5625eb899cb5,2025-03-04,2,4,Approved
8113b864-c37e-436d-8882-20b2259df07f,2025-09-02,3,5,In Progress
356b774e-ae93-4524-ad0a-39fa07a7028a,2025-03-19,2,4,In Progress
727b1633-f1c9-44bb-bce8-5e60611b7f4f,2025-12-12,2,2,Approved
2b56889d-a360-483e-ab99-6738b7c6bc60,2025-01-26,4,1,Approved
0f994a1a-d1b4-4aef-83fe-69cc0484901a,2025-03-06,3,2,Approved
c46b795f-8c5b-45a6-a7fd-8189365ad0b6,2025-10-25,2,5,Approved
3ebaf8f3-d9aa-4b79-bfdf-75983948d115,2025-05-31,4,1,Approved
d415caa3-2189-48cc-b3f9-0b8fd696c107,2025-01-21,2,1,In Progress
5546b4e1-df6c-4b05-a911-384a08b4ec12,2025-06-10,5,3,Approved
996bcc6c-cdc8-42cf-bdd9-2719139319e6,2025-09-09,5,3,Approved
ec23d89b-728b-4b51-a190-254c2a31510f,2025-11-05,4,4,In Progress
b860a2f9-ef6a-44dc-963f-d77d3f3e9f70,2025-07-25,4,2,Rejected
e7831781-8e98-421c-b4c0-9e53448250fe,2025-10-19,5,5,Approved
75b1ff0e-3204-422b-92b9-42d4b53bd4dc,2025-12-10,4,4,Approved
b90cf32d-68e2-4005-9820-b4708316a8fb,2025-08-01,3,4,Rejected
c9b99ec4-5958-438a-9ede-b00071c408ac,2025-12-03,5,3,Approved
97b05633-5785-4ee2-9dd2-6c9b3b08da8b,2025-05-03,2,4,In Progress
2e93b8ba-180d-4dce-8cb6-12e86c334111,2025-08-29,1,3,Approved
ff3e4405-c2e7-4a9d-a9bf-559a5cb31fda,2025-11-08,3,1,Approved
5e92db96-1a6b-4196-9170-194e0b5e15c1,2025-12-23,5,1,Approved
8f463315-47b2-4b8f-a5ac-5ebf407881d5,2025-08-07,2,3,Approved
e50f172a-63f7-4be0-93a6-e58b1c02ce6d,2025-11-29,5,1,Rejected
0479096e-cc8e-4e95-b84c-b5db9f16e2f3,2025-06-12,2,5,Approved
936661c2-7184-4502-98f5-c6d8d3a0a9c6,2025-04-28,5,5,Rejected
634a7406-ebb4-4bc2-96e1-c8fb52f7286a,2025-03-28,2,1,Approved
be12e637-67c7-49c7-a7c8-e186b000fbc4,2025-03-07,1,4,In Progress
2e8edf07-187c-44aa-9c45-3d7cbbdfe9e6,2025-11-07,2,4,Rejected
0032e57d-33b4-4960-9f9a-3b038a95c76e,2025-01-20,1,5,Approved
2c471d03-e040-4c03-a8ab-96ab57901bda,2025-03-29,5,4,Approved
bcd94404-f52a-4b91-a361-7de5187417a0,2025-11-19,1,4,Rejected
bcf92802-7990-4061-a5d6-0c139fab19ef,2025-09-01,4,5,Approved
cad27ef5-b4be-4b53-b2c0-079e5fc11cec,2025-04-22,5,4,Approved
b65247ce-0b6f-4729-88d4-0b00fe79ca8d,2025-01-30,3,4,In Progress
6c3e7504-b6de-441b-9310-87979db5ef5f,2025-09-06,2,5,Approved
042ccb77-351f-4963-948c-e9e01e2c2dbe,2025-01-22,5,5,In Progress
d027d48e-fd2a-4878-81ff-6d5c32451ea1,2025-01-21,1,5,In Progress
9e3fbf66-228e-4175-9908-0255f5859c18,2025-05-09,3,1,Approved
5cb0f3c0-492c-43ad-b228-0f29a9e55e7f,2025-08-07,4,5,Approved
1bc6ef29-862a-428c-bfe7-19ed2201bd59,2025-12-21,1,4,In Progress
35248b03-1bd3-413b-85bd-1585482c02d6,2025-01-08,5,1,Rejected
1c2fa21a-c175-4ca6-beaf-5255fb99a612,2025-08-11,2,4,Approved
755fd079-3263-4142-91a4-436c68ef704b,2025-11-20,2,1,Approved
bd1514e9-b1bc-489a-97b1-9e53e65760ba,2025-09-29,3,3,In Progress
7c8b7a25-6936-42de-91e1-cb24204b79ea,2025-08-30,5,2,Approved
573b8510-98ae-4f47-9de4-04b9c8f2024b,2025-07-06,2,5,Approved
94bc1f4e-10bb-449a-ad17-1c7c7bdbc79b,2025-02-05,5,3,Approved
d1c7e61b-0b04-437c-adbc-bd5d0bf084aa,2025-08-04,2,4,Approved
2995a951-443d-4deb-85c6-18c59270d886,2025-06-10,5,4,Approved
8989fb69-6754-48c6-b329-8e78452c52db,2025-12-02,4,5,In Progress
b3a4927d-9393-4631-a42c-7afdf6c99845,2025-03-30,5,3,In Progress
7f2888fd-a518-415b-9756-45e353caddeb,2025-04-14,2,5,Approved
ae40c7e6-a091-4a12-8ddc-e25573dc65c9,2025-12-17,2,1,Approved
054161be-7477-4068-abda-42e2ec5d300e,2025-06-12,4,4,Approved
901a322d-6acb-45b5-a364-4947ad345e2a,2025-02-23,5,3,Approved
78cc77e2-c3fb-4d99-bc2d-10b78ed663f0,2025-04-13,1,2,In Progress
21fd6742-7ace-4b01-bf9b-bbb968834953,2025-02-04,5,3,In Progress
f5991d20-c50f-48de-b30f-2b3be758f594,2025-01-22,4,5,Approved
68d38a5f-cf58-43f4-bd0c-818bec95fdd1,2025-07-29,3,4,Approved
79d751b9-0179-4984-b4dc-d5d1bb845a3a,2025-04-13,5,3,In Progress
4ec23afa-8e7f-4fc6-8732-72e9642c4b52,2025-05-17,3,2,Rejected
14228513-13da-4334-a9e0-d38c29d593d4,2025-01-18,2,1,Approved
df2765bb-6a8f-40c4-ba8b-e41cbb17f283,2025-02-10,5,3,Rejected
962ed817-63ab-4fb6-baf5-9524faa0fa14,2025-09-25,4,1,Approved
0c59dab2-c4c1-4781-a105-30e080171758,2025-07-13,1,5,Approved
1deaee27-2007-4992-8cb7-ab9c879f1544,2025-05-22,2,2,Approved
7d8b1227-fe2e-4b2c-9268-b47d3627d52a,2025-11-17,1,2,Approved
0861253f-465f-4336-a638-59aa8bff465b,2025-01-30,3,1,Approved
830d8ab7-8de0-4c2a-8af3-41a070a0bf4b,2025-07-03,4,1,In Progress
ade7fd24-ab8b-4808-9be5-d579196480a8,2025-06-04,5,5,In Progress
d0a35dc3-cabc-4091-8dcc-eb88b1318301,2025-04-26,4,1,Approved
12456df5-71e2-432c-b6c6-2d432370f9ac,2025-08-07,5,3,Rejected
367d89c0-b26d-438b-bfb7-80ca4e90be84,2025-05-27,1,5,In Progress
a4645004-22c5-4fbd-a0fa-07e34143aacf,2025-12-29,2,5,Approved
ab49d292-764c-4c79-815d-3f2a9ee7c4f9,2025-05-30,4,1,Approved
17ceecf9-55d6-4974-ab56-620960fa6d6c,2025-02-20,4,1,Approved
09147af2-356b-4996-88e1-4f1454e911c0,2025-11-03,3,2,Rejected
4716f100-19fb-4138-ad1d-3bc6b34eda52,2025-09-27,5,3,In Progress
141a75b9-0b2b-47ae-9d64-95241e3829ae,2025-04-05,5,4,Approved
dce5d9c8-53b9-488e-9813-60d04009ab53,2025-10-24,4,5,Approved
cbfc5c76-23fc-47d8-82a4-9867ce97ce0c,2025-11-20,1,1,In Progress
1d0784aa-fa97-488a-80a6-07535ca85425,2025-06-09,5,3,Approved
49598251-b1c9-4d23-8d72-aa67f5b51fae,2025-09-02,2,2,Rejected
9e488df1-8845-4509-96da-8eedda0ef19b,2025-12-08,3,4,Rejected
2d2931c7-f3a9-4787-b7d4-d37011dec24f,2025-07-12,2,4,Approved
12636e4a-6913-48ed-9e8f-4e9dafaca8c7,2025-10-03,2,4,In Progress
46ff419f-7117-4a14-8687-3c9789318d2d,2025-05-22,5,1,Approved
4bd6f951-cc05-43f2-a846-858e0c858762,2025-05-10,1,1,Approved
eaecb3c8-18fb-4563-aa35-2e985ee8da32,2025-12-05,2,4,In Progress
fd079a81-dfb9-4908-bc68-48b342762a7b,2025-02-16,3,2,In Progress
27877c39-2355-4794-ae7e-8b9ae7fca2a3,2025-06-11,5,4,Approved
cb1be7e9-6202-41f5-af5a-1ba2e825d5fa,2025-12-14,2,4,In Progress
2b802d43-184c-4922-8f5c-5d6232608f45,2025-11-18,1,4,In Progress
9c1840a9-b4da-4ded-b352-5efcd3644e53,2025-08-06,3,1,In Progress
3704cf1c-c41e-44e1-9977-6e84c6ccee33,2025-08-08,4,1,Approved
7d2102b2-ac38-4e26-8d68-85a4d1ef8a8a,2025-07-20,3,1,Approved
87714196-bfc1-4f49-a6ed-d7249028d7dd,2025-05-22,1,2,Approved
3647aef5-a533-4223-bf5f-272ce824601c,2025-06-05,5,3,Approved
b14f2afd-7675-46da-84e9-e081bee73979,2025-03-02,2,4,Rejected
44d0bee4-e214-431a-b18b-d489b5ca30e9,2025-08-19,1,2,Approved
7f85f10a-506f-4492-83ce-f6c34b76d064,2025-09-05,5,4,In Progress
93b6a9a7-f086-4c13-8f5e-85031e8a2f37,2025-12-16,1,2,Rejected
778680bf-13e3-4d24-a5bb-50b3f98b96b3,2025-09-12,5,3,Approved
ed8a768e-0dbf-4c8d-864e-ce050296ef40,2025-04-23,3,1,Approved
e923ba63-83be-464d-92f8-e129d2b837ca,2025-01-19,2,4,Approved
cab3f628-f09d-42fd-87ad-27e5b08dfb7b,2025-06-02,1,4,Rejected
2066e594-1d8f-4f0a-9eb3-6bda96c73814,2025-10-13,3,2,Approved
61c44307-e71f-404b-96c5-13576dd94497,2025-12-23,4,5,Approved
74be09a7-97ff-4a56-a5bf-89bacbcbdb86,2025-01-11,1,2,Approved
804d97b5-2667-4b64-81ee-ab460e92ec3a,2025-12-09,3,5,Rejected
50c9aa25-4ea8-471f-a93a-0fede6996686,2025-09-25,4,1,Approved
655e78fd-1fe9-42a6-9e07-be3c20c9c315,2025-08-04,4,3,Rejected
48231af4-fab5-4c23-b720-65f538ec41e1,2025-07-03,1,4,Approved
77a5fcc9-fc2f-4252-9acd-cc9aa85014af,2025-09-12,5,5,Approved
f4cb1e98-f9f3-495f-b514-f7f310329443,2025-08-26,1,1,Approved
1f261322-efb8-49a9-bd8a-149c707dc287,2025-03-12,4,1,Approved
9feae0ee-d1aa-4ac1-ae15-ae6de0890a70,2025-01-02,4,5,Approved
864c83cf-4372-4958-a7be-a0aa34a8cdfd,2025-09-15,3,1,Rejected
8c3c57ac-75a5-43bc-92a5-b3b336ca88f2,2025-01-15,1,2,Approved
fdd3d6c8-f438-45c2-93b3-009bfc6fdbc3,2025-06-24,1,4,Approved
cab935ea-c3d5-471a-aa3c-7af4d7611f35,2025-03-25,2,1,Approved
4d9214d9-f2d0-4bc1-8a7f-02d4c1df9293,2025-01-04,1,1,Approved
7c96b913-948a-4455-baa0-24ecc69541fc,2025-11-28,3,2,In Progress
d6fd8c6d-bdab-4f77-af3e-09ea6cb3208c,2025-07-27,4,1,Approved
281b8882-0192-4de0-8d5d-728a4faad8d0,2025-08-07,4,2,Approved
53d65bc6-c6a5-4e52-8047-32ffde27cdcc,2025-08-17,4,5,Approved
94dde671-030a-4894-9425-6e6e3eaff509,2025-12-08,2,4,Approved
10b6f2e3-d451-4873-b142-2ef103cff60c,2025-07-16,5,2,In Progress
f03cbfcb-4498-4b34-86f5-439a5ea3be38,2025-02-06,5,4,Approved
9bc7f1aa-1b55-42d5-a34c-a27f085ab1d0,2025-08-25,3,1,In Progress
55066838-c332-4ef1-8904-94b6351562e1,2025-06-01,5,5,Approved
ba0e9387-9955-4f83-9a56-8057d63f1399,2025-04-09,3,1,Approved
09de15ba-a6b2-4402-a9ea-d8dbed09427a,2025-06-18,1,5,Approved
75587351-64e9-412c-b667-45884386493c,2025-07-05,2,1,In Progress
15ba5549-c72d-4b28-b0b7-e268eaab43e7,2025-03-22,5,2,Approved
cec26e87-0aec-480c-af64-5d373c0abea8,2025-10-17,3,3,Approved
b134d63b-0b72-45fc-a94a-d079f079e182,2025-03-08,2,4,Rejected
b2c12149-dbd2-42a6-b528-8499cc84c076,2025-02-28,3,1,In Progress
58eaea5b-fa11-4b8f-80ed-80b11f710cdb,2025-06-25,1,3,Approved
8d72a1da-da71-47f1-8d05-e2b66a66fb4d,2025-11-24,2,4,In Progress
c50bcb17-ded7-4c6c-a02a-5cda47416931,2025-06-19,1,5,Approved
efd717c7-361d-4187-b663-3d391376a510,2025-08-12,4,1,Approved
5d3c4ac3-13ec-47f0-b812-c255e9c837f9,2025-12-20,3,1,Approved
6323cecb-df6f-4a10-a50c-f8120b6df18b,2025-06-16,2,4,In Progress
25e0158e-7363-48ba-8b14-42736350d415,2025-11-25,4,5,Approved
da2d90af-8b9c-410f-8585-ea73548915c6,2025-03-11,5,5,Approved
42e43bce-712d-4035-82d9-2f59ea2e37b7,2025-11-17,1,5,Approved
d7b96d7d-183f-42bc-be9e-df3ff3bcf409,2025-04-08,4,1,Rejected
f1264004-46b7-4092-b6c9-5ecc77011652,2025-01-09,3,1,Approved
5767871b-4a8a-4d37-a0db-a107a93b7969,2025-04-19,4,2,Approved
5ca8cef9-3209-4f9e-b6fc-37f5fbbad8ab,2025-08-12,2,1,Approved
889215ec-a2b1-46f9-a4e7-c1fda0799c16,2025-05-31,1,2,In Progress
afefaf58-4fde-445c-95ae-8d02a5e5a096,2025-08-10,1,2,Approved
2017bf2d-63c2-4919-acce-f44b3a3dfa66,2025-11-28,5,2,Approved
b33368b1-5891-4c8b-8dd6-90ae5662f3a8,2025-09-04,1,3,Rejected
90da8dbf-76c2-4ee7-9f11-a9cad7e1cee0,2025-10-24,1,2,Rejected
d3f1a85e-7854-4d5a-b10c-f269bb828b22,2025-04-10,3,3,Rejected
8146f3bd-6191-4d04-8e30-7491232a6fb8,2025-06-24,1,5,In Progress
f591ff9a-a3f2-4c65-857d-0631d28e9c50,2025-12-11,3,1,In Progress
1a851a8c-78bc-4c8c-b243-a8bb5d49d61e,2025-09-18,2,5,Approved
c315a4d7-cb25-46a6-b9a2-783c36277f9c,2025-01-18,3,5,Approved
3f7b803e-4d1f-42bc-a929-555d4f467b82,2025-05-18,1,1,In Progress
e3acf96a-8fd5-444f-8ff8-6afe237fdb7c,2025-05-09,5,1,Approved
c26ed8ec-e25f-4e98-b8e1-cf9bb9c120c0,2025-10-04,5,5,Approved
a43417cf-dc2e-4aef-a5b0-824cb41c710f,2025-09-17,2,5,Rejected
d258fed2-84d1-4dc8-b724-8a922a641943,2025-07-06,2,5,Approved
d51ff71a-74d4-4e37-92fe-6d5b0f6ea85d,2025-11-12,4,3,In Progress
1ce0fe71-14e0-4561-a581-03c8b743cfab,2025-11-02,2,1,Approved
0be92fe1-246e-4237-a71e-907f806124df,2025-05-02,3,4,Approved
97798e3b-ffcb-4481-bcc8-f3ca461fd661,2025-07-17,5,2,Rejected
5ead9335-237c-41fc-9e63-453fa1be83d7,2025-11-08,1,2,Rejected
2cac2869-8479-45f9-87bf-cd46406c1185,2025-02-18,4,2,In Progress
3124cdfd-89c3-4866-8b12-ca2779b29a09,2025-08-02,3,3,Approved
a3c587e3-8ec6-4de0-924f-a5c2b61ac977,2025-02-08,3,2,Approved
9891156e-3dff-481b-a9da-2937af5629e3,2025-11-28,3,3,Approved
aa716947-91ba-4309-9f85-b69d7a0879bd,2025-10-10,5,3,In Progress
8aa30f93-116f-45fb-ab92-d465a6547875,2025-03-24,3,4,In Progress
2fb4169f-717c-43d7-9cf6-8d9c1e4d0e6c,2025-07-22,3,5,Approved
b1b4ba31-e7f1-461e-9575-f27ca0706302,2025-06-10,1,5,Approved
34080f27-b404-4540-a01c-06f91509699c,2025-09-01,4,4,In Progress
e088d166-bdb3-42b2-b21a-6d0f30a5c818,2025-02-21,5,3,Approved
8a4823df-52f1-4a5c-b140-33072309a86a,2025-09-12,3,3,Approved
ba60082f-667c-4018-90b1-46b5544ad4bd,2025-04-23,5,2,Rejected
9633f326-bd99-479e-af1e-f1f5f4930142,2025-01-05,2,1,Approved
cd35706e-bb73-436f-854f-8e0340f7e97f,2025-04-14,5,3,In Progress
de15d35d-2aef-4325-93c9-815159a2631a,2025-09-07,5,1,In Progress
08322879-cb21-42c6-8820-a98ab37c9558,2025-06-18,2,4,Approved
abc2fa10-b21b-4425-9e1d-b5ad43438893,2025-12-30,1,2,In Progress
5dd1f221-4278-402e-b878-8b95ae570904,2025-11-05,1,5,Approved
291ee145-4c9f-4bf8-855a-d9c83a20b837,2025-07-28,4,1,In Progress
6584eacd-87a2-4423-bc1f-848491dce0ec,2025-09-21,2,3,Approved
fa4e34c4-5f63-4244-9ded-a2588a9c532a,2025-10-03,5,3,In Progress
928cf03d-9c3e-407c-a7e5-6a2c4628f3c5,2025-06-18,3,4,Approved
d3b29e6b-746a-4182-b445-352401dc310d,2025-03-21,5,1,Approved
282b5c78-bcc0-4f54-b6fc-ef486ed33306,2025-02-10,4,1,Approved
dfdcc165-4335-4a63-8e04-39fa0cf44acf,2025-12-22,1,2,Approved
f9fdedee-b2e4-4833-b893-81968100c683,2025-05-28,5,3,Rejected
71b2c865-6338-486e-824c-cf0c3abb3635,2025-12-19,1,2,Approved
41094376-485e-48e7-a611-eb911c11f29d,2025-03-06,3,5,Approved
6ed07ff8-281e-4984-a032-2132443bda95,2025-06-25,1,5,Approved
69bfda61-a782-46f8-a632-e94e5df34951,2025-12-05,4,3,Approved
2a9675a2-d6bd-4866-95d6-8d80b09c1abc,2025-04-21,1,5,In Progress
c1925a59-24dd-4709-bf41-7fc84f72c64a,2025-05-04,5,5,In Progress
95c61764-04a2-47a2-bc94-2223e63c3b7a,2025-01-29,1,5,Approved
909df1f4-7f93-4d45-8751-933b6c1aba64,2025-03-11,3,1,Approved
bebb5695-7a81-4230-996f-375ebbb588ee,2025-09-21,3,3,Approved
9a518083-07cf-4cb5-af62-8c338ed7be21,2025-10-16,1,1,Approved
b40ba62a-107a-4750-a94f-e7e58d0270e4,2025-11-30,4,5,Rejected
d58445a5-cb84-436a-8695-429af3d39851,2025-09-13,3,2,Approved
5a777cbe-9533-4fbe-9895-8119f4f534f3,2025-01-18,2,3,Rejected
c1baf517-29bf-43b5-b60e-ba5eda3ec808,2025-07-06,2,5,Approved
c5febb6f-9eef-4c77-b9a8-d18d393b8387,2025-12-07,1,1,Approved
f0a21e4d-96df-4017-b41c-1af720a44e59,2025-10-31,4,2,Approved
69b71b4b-d69d-40cd-9dc9-2486f7d930ed,2025-06-28,1,5,Approved
c12d78c0-c05c-4759-ab8a-fab44dab8c95,2025-08-12,3,4,Approved
0e41ab69-70dc-4de2-a004-187b44924c23,2025-12-27,2,2,Approved
ec3a3538-80c5-44c2-a3db-65c21ac18b6b,2025-10-17,5,3,Rejected
68680d6e-7962-465f-9b3d-89bd79524e9f,2025-06-24,1,1,Approved
6b0130b4-d98a-489e-b9e8-d64806f71528,2025-05-31,1,1,Approved
d49ea6b2-0d74-4568-9cc4-6c2f97be4af3,2025-09-29,2,2,Approved
9fea16a8-d4c2-481a-b98d-dbd82ebd07f5,2025-10-21,3,2,Approved
7be862e6-6fe8-4892-8cc0-60af05c412ce,2025-03-10,1,3,Approved
30dee8c6-c7af-4f09-85ac-0f15dc43b3e7,2025-11-23,1,3,Rejected
a296ac96-6be7-4602-8bb6-59a00c5150f0,2025-04-01,3,4,Rejected
34a50546-f171-43dd-9b98-ae2ab412e9dc,2025-07-13,2,1,Rejected
248cd013-ddc6-445d-8269-140231dd7d3d,2025-01-11,5,2,Approved
36b1ad22-f75f-434a-a6ec-d0e757ef7a1f,2025-05-25,3,5,Rejected
1389c12c-6cbe-4e43-bf7b-95a4a03c3e3b,2025-12-22,4,3,In Progress
33f7ebc1-7edc-4cb1-9549-e0303aef841a,2025-10-11,1,3,Approved
ca396726-0c97-4f1f-b95b-bed3d8c173ff,2025-03-17,1,4,Approved
aaf57ef0-670b-4b65-bd58-fa6c9f509d14,2025-10-04,4,1,Rejected
b9ff761d-de3c-4428-bb30-4e143c7572fa,2025-11-19,5,2,Rejected
4023ec1f-9678-4578-b111-78493ca6d0e5,2025-02-17,1,3,Rejected
76ad0133-d59d-4248-885e-2031a10f6962,2025-04-08,5,4,Approved
eefefcd6-85b6-42dc-8d7b-233ead8f915f,2025-07-08,4,1,Approved
41c241e9-5e45-4616-8c23-22e5e00e7f26,2025-01-08,5,1,Rejected
3c9b03db-9907-46bd-882e-9089834565ea,2025-06-16,1,3,Approved
eca4b944-c4f5-4f6d-838d-0e536f7de228,2025-10-02,1,4,Rejected
884ffdd4-336b-4d41-8b76-fcb82c9f65b4,2025-02-10,3,1,Approved
e3dfe84c-7029-4952-9f3b-24c0f538ebdb,2025-09-04,2,5,Approved
cec1a944-d508-41c0-a6d4-a6eecc48bf2c,2025-09-20,4,1,Rejected
7c8fc7cb-5562-45d2-84e7-2c3bc7b9ca88,2025-03-30,2,5,Approved
b85ffb5b-15bb-4582-aad4-3cdfbc7ce45e,2025-07-05,1,2,Approved
bd098702-04bb-40bc-8edc-66961c63e26e,2025-11-19,4,1,Rejected
b2a3987a-51a5-4834-bb24-04d9edb8156a,2025-10-22,5,2,Approved
3d2374b5-7590-4c7d-b917-04316b69e87b,2025-02-28,3,1,Approved
fb8f6e93-c565-43fa-aac9-59ce1d46e950,2025-02-18,2,2,Approved
08434edb-dcb0-43a0-97f0-ef3b9cc47001,2025-04-29,5,3,Approved
6148d882-ad91-41fe-a3b9-3cdae2bb579e,2025-10-20,1,2,Approved
48218046-cb7e-4380-a6df-adcbb77b6e36,2025-09-03,3,2,Approved
89ff47cc-510a-4839-8e9b-2f8bd9d85b88,2025-03-04,4,5,Approved
ffed0340-b238-4116-8145-c72f9a32e2f0,2025-04-16,3,4,Approved
2618992f-e8cd-48bc-8121-4adb27292a22,2025-11-09,2,3,Approved
a064bcb7-a9cc-47b4-8c89-3b5e7005a504,2025-05-04,2,3,In Progress
0102ce7a-a221-413c-be38-6f89085c59e8,2025-06-06,4,2,Approved
62358c2c-a5f5-4386-9b7b-0b9870870305,2025-11-04,2,3,In Progress
d949057e-402c-421a-b229-9f024f2c0cc1,2025-12-08,2,3,Rejected
8d16bee2-8ae6-4587-8ab4-10fdea570f99,2025-02-14,4,3,Approved
29698845-39f6-4998-88bb-8f4358ac5c18,2025-07-13,2,2,In Progress
d4757f28-4210-4f8e-8536-f5db7bb3027a,2025-04-30,1,5,Approved
5a748513-2551-4ffd-b5f3-d7300e3e58c5,2025-03-09,5,5,Approved
25b18a26-7c5a-4c8f-81ad-0786412ba2ec,2025-05-21,3,1,Approved
8f113d10-7200-4892-8342-e95a3f8205e8,2025-06-16,5,2,Approved
72d8b30b-3680-4f55-a1f3-9b8c16df3925,2025-10-02,1,5,Approved
29dc5cfc-916f-4fa5-9c6b-8f84299ab9e4,2025-01-07,5,2,Approved
c6cae103-7985-4808-bc23-18368e00581a,2025-02-09,1,5,In Progress
0299467b-4ee3-48ff-8499-92810da57be2,2025-12-31,5,4,Approved
59e5795f-49c2-492f-bf64-17b4851a373f,2025-12-18,5,1,Approved
71dcd142-ef67-481b-86cb-2b4bf5ca49eb,2025-09-13,5,2,Approved
4e8a5271-e1c2-40ee-a2d1-c84fb49515da,2025-02-10,5,2,Approved
85af3f29-a55e-43c2-8507-929f2ef4ca16,2025-09-30,1,3,Approved
eb9a0e50-41fc-45d8-82b7-08489ea69137,2025-12-15,2,4,In Progress
c060a39a-afcb-45b9-8e16-a5e9fa835cb7,2025-03-28,5,2,Approved
7182df5e-bcae-43cd-82f8-c26681c3289b,2025-02-21,4,5,Approved
2cf19313-d810-4ea2-82d9-e51f4671bb29,2025-02-06,5,5,Approved
c79f6df4-a67e-41d9-a63a-4ec71d0500cd,2025-04-19,4,1,Approved
0d2b7b4a-d1b9-4f4c-816b-44059b42a551,2025-12-16,2,3,Approved
a1e21561-5602-4983-8c25-0fa445ac0b3d,2025-11-24,4,2,Approved
ad99d9ba-b0b3-44da-ba5c-3309c05e192d,2025-01-13,2,1,Rejected
e3a145ea-51e8-479d-8c6e-f0b641f1c0d6,2025-04-25,4,4,Approved
cac827b7-3c84-4423-9f84-2499b74a23e6,2025-11-19,1,1,Approved
5c14f59e-89b2-4820-9216-e1df225b7147,2025-05-17,5,2,Rejected
3d9b21ab-5fb5-4df3-88bd-80197065a77e,2025-06-11,1,5,Approved
676d8bde-e611-4cc2-8bbe-e97cb6d15017,2025-12-27,3,2,Approved
fbff6e45-08f6-4afc-a5df-6fa94d7d072d,2025-08-05,4,2,Approved
f79a0b3e-98a2-4668-975f-03c7a98b570a,2025-11-17,2,2,In Progress
e4d85473-79b3-447e-b5b2-d49278febe4a,2025-09-13,1,3,In Progress
0e590926-b04c-4b9e-928c-bdfb1e4eb96f,2025-09-04,1,3,Approved
0485ad4f-a7fa-45bc-9377-310579517601,2025-04-28,4,3,Approved
7bdb0d12-547b-410e-9de5-61ab3c04bf8a,2025-07-18,3,2,In Progress
6dd1ee4a-aeb7-4824-9e1b-81b8a4f5040c,2025-03-17,1,1,In Progress
ea8c1ad3-2e0e-44ab-8acf-c81026c58b25,2025-04-06,2,3,Approved
d1cf3861-b6cc-4903-a77b-f59555c8e34e,2025-04-14,1,5,In Progress
bb060469-248e-43ae-9684-968a87e5b65d,2025-08-22,2,1,Rejected
dcaf02b2-a884-41cc-af19-44ca5e6a8fc5,2025-01-19,2,5,In Progress
c9364f58-d208-48c0-b6b2-6c5753ad4144,2025-10-23,2,1,Approved
8eebb962-5465-4f05-b76f-9bc633fa7403,2025-07-27,4,2,In Progress
08bfcb59-7720-4fe5-b253-936accb5600b,2025-01-02,2,5,Rejected
5b12f997-ce4c-4216-8f1e-1dc2487cbc9b,2025-12-02,2,3,Approved
a96281c5-d7ff-4f07-879b-b77ca0ff72c4,2025-09-22,4,3,Approved
81d774ec-41af-4311-bef5-8c319eb7a52e,2025-01-11,2,3,Approved
f6eed2a5-90fa-4315-ba47-500eb04ee8b4,2025-12-29,1,4,Approved
33ee1b72-0a4a-4d52-996a-03bcdd8de556,2025-05-03,2,3,Approved
f7f8a939-218a-4392-8b14-bdbb8013ddd2,2025-12-25,2,4,Approved
4d6a2403-f1a2-4aec-929d-044de80cbc8f,2025-02-02,4,2,Approved
a0a8e83e-f6d5-4403-a861-8668b6f54059,2025-05-13,3,3,In Progress
5be5bc70-f5ff-4358-a71d-5bf8a8fc9587,2025-07-27,3,2,Approved
9f212711-974d-43df-b0e7-c57e66245284,2025-11-13,4,3,Approved
44dcf464-3238-40b0-be6c-aa5afff878ee,2025-04-19,5,2,Approved
5608af03-24cb-4466-82a9-04a673cafd3d,2025-02-10,1,3,Approved
2fda78fa-446a-476a-88ef-8517bbba3f3b,2025-05-19,3,4,Rejected
c52eb2d8-8ffc-40c8-8df5-8301e44efd9a,2025-10-28,5,3,In Progress
26b6f506-960b-4f9b-a8bc-0a96a3866fb4,2025-09-30,5,3,Rejected
19eabc7c-4b9f-4d2c-9531-2100eb8ff347,2025-03-22,2,3,In Progress
dc06fac1-8017-4b91-a69b-393ddcb46b9b,2025-04-11,3,1,Approved
c44e3097-6734-4af6-bd22-61233e341f9c,2025-08-26,4,1,Approved
696c34dd-5a6b-4c2c-b9a2-5281aac0fdcf,2025-06-27,5,1,Approved
8c7062ef-7c71-43f0-9795-a31749f67920,2025-07-13,5,1,Approved
cc3f65db-0fc7-47de-8157-48a75f60be9b,2025-12-31,3,3,Approved
4f97b5d6-4ef2-43f7-81fc-1820d8dd0a9a,2025-08-17,3,3,Approved
bee9f866-5a98-4728-9ce2-adf8f2eb91d7,2025-06-25,2,2,Approved
b3aa05da-536b-44c0-9bec-3f511833a9d7,2025-10-16,1,5,In Progress
ed6094a8-c682-4aa6-8fc0-bfbd67b0bfcf,2025-04-15,4,4,Rejected
7d485e0b-6727-47d8-91d9-c0f75b856e26,2025-03-28,3,2,In Progress
0361cbca-99eb-42d8-9736-de8bd0e27679,2025-04-03,2,1,Approved
8a437aac-39bf-4311-9b3e-e6c290304960,2025-06-21,3,5,In Progress
4ef25060-0a2a-4ecf-9ade-a4fd267d9af5,2025-12-09,1,2,Approved
9c3388fd-700e-4e77-b728-d51366b831c4,2025-06-22,4,4,Approved
9e91f878-e070-4153-b554-01411a389907,2025-11-01,2,2,Approved
4cff136a-f8b5-4802-81c7-f122dfcfee67,2025-05-21,1,3,Rejected
0067639e-71f2-4fa5-aaf0-b2291cde4735,2025-06-18,1,3,In Progress
ba5c364b-3cc8-40d9-a43b-3f3ea759e884,2025-09-25,4,3,Approved
ab5bd09a-b4c2-40e5-919b-a70cc7420b2a,2025-06-14,2,2,Approved
b333bb95-7085-43a0-9c30-d7129687d746,2025-03-04,5,5,Approved
4c7eee63-c4c5-4c23-8b2c-1862e6b90661,2025-06-15,3,3,Rejected
ce96f1bb-f988-490a-90cc-5b65c3c87362,2025-10-14,2,2,Approved
b4c82b18-585c-498f-8033-617548acf937,2025-02-23,3,5,Approved
0b077dae-0145-4e6e-b0e2-2644331c9c2f,2025-01-16,2,4,In Progress
ef0948ff-0a55-4f88-806e-a4c1d62d3611,2025-04-01,3,3,Approved
ea3cfcf6-388d-4756-929d-b21bf4825f39,2025-08-08,5,2,Approved
9bbf404c-b9d9-4eed-9501-9b1390d2a6f4,2025-12-05,4,1,In Progress
7fab5fe8-1c03-45c8-80a2-f739e449f69c,2025-04-04,3,2,Approved
bf0688b2-c897-4387-b1bf-59c99179eebc,2025-08-29,3,5,Approved
fd9d5acf-eb81-4fdc-abde-5e82cdc84f0c,2025-03-03,3,1,Approved
d709c878-8281-417b-9151-81acea5906d3,2025-11-21,2,5,Rejected
498a6d64-5231-4202-adc8-704cfad18fae,2025-10-20,5,2,Approved
f3ec5b0e-930c-416f-bac4-baeaadb87bd4,2025-08-08,3,3,Approved
2f578753-0389-4c74-bed3-80d220731f94,2025-11-11,4,2,Approved
27ff4c66-a599-4181-bbe5-3f0ef4e205fa,2025-02-21,1,1,Rejected
5eb265ff-c99f-487c-a721-2894f0ab9b0b,2025-09-30,1,5,Approved
20d8590f-7f55-4e61-bae9-5e5d10aa51de,2025-02-04,2,5,Approved
44507ae8-573c-425c-b79a-ec75a6f7859d,2025-06-25,4,5,Rejected
27419e06-7852-4ded-9da8-445ed591098f,2025-11-21,2,4,Approved
d391b8db-7a0a-4e46-8961-5cf7499dc847,2025-05-14,3,5,Approved
2d61b2a7-6fef-4c17-b7a6-87d64cc54ee2,2025-07-05,3,2,Approved
1a80cc06-f9bc-4156-bbb6-a0fb08cdedce,2025-06-14,3,4,Rejected
eb955c7b-4364-4c89-a732-7d99583e26ca,2025-01-31,5,4,Rejected
a78f92e5-44cd-4d88-b17c-be992401376c,2025-09-25,3,1,Rejected
850b5635-84c5-4044-9b5d-d6656c5bbae0,2025-06-20,1,2,Approved
255cabde-f9fe-4ed5-83a2-c8e1570eb218,2025-09-21,1,5,Approved
5c1eedfc-a438-4649-ae0e-58aac63a1799,2025-03-18,3,5,In Progress
0328b24c-8828-4c82-a52d-bea9b84e2dba,2025-08-04,1,1,Approved
076ca4c4-53c4-4fb8-8f52-29aa7c4743db,2025-06-26,4,3,In Progress
93a65373-1d1f-4460-a22d-fa15586cef8b,2025-09-14,2,5,In Progress
da5a43ba-452d-45a7-ae69-94f9367d4ed5,2025-03-12,2,3,Approved
1fb5439d-4678-4a53-b750-23a4f55e8891,2025-03-09,2,1,Approved
f0d13302-9997-4223-9877-3cb62b22d2b0,2025-09-05,1,4,Approved
802f7435-91c7-43d4-8a67-50fb07c4c429,2025-10-13,4,1,Approved
90a653f1-52e1-48b1-bfd7-e50853ff8f04,2025-06-24,5,5,Approved
da94f4b4-4c3a-4f00-9196-9cfb9a519933,2025-03-14,4,1,Approved
bb07cf2a-eb6e-4731-b4d6-3b1ae7e15772,2025-04-07,3,5,Approved
afcec2ff-7088-44a2-80ff-87c3ab661495,2025-05-31,2,4,In Progress
caf29119-85ce-4c87-aef4-a6633bef9ac6,2025-03-17,4,3,Approved
59b1730b-b09a-4e1d-a6ac-e7a31fe3262c,2025-08-03,1,5,Approved
5c3aa026-39b9-439d-acce-ca7e696ed8da,2025-12-23,1,1,Approved
38644bf0-e137-4d51-9d34-06b740c0199e,2025-07-06,2,3,In Progress
5d641849-168e-4b68-ba24-667334c13ea3,2025-08-22,3,2,In Progress
92179718-ec13-4363-8014-83fc0afa03bb,2025-12-03,5,3,Approved
9f7d9d6f-18f6-4e12-9a15-670c09cb04e2,2025-12-17,2,5,Approved
c39cb24d-dfa9-46ca-8e3b-6c31e8214770,2025-08-10,3,5,Approved
d662681c-2c49-4924-addb-00fade362615,2025-08-06,4,5,Approved
efe08854-f65a-4582-82f6-17545e7d69e3,2025-08-15,1,1,Rejected
06183de2-4b40-4cbb-afe5-49780ab49975,2025-08-23,4,5,In Progress
a4915870-193c-42c0-be98-b01c5f6fdaee,2025-10-22,2,2,Approved
ab4eefc0-f72c-478b-842d-654bb63d7378,2025-01-26,1,3,In Progress
6393d0e8-cbc4-492b-bd59-f680cf9c8728,2025-08-01,2,1,Approved
87881412-7817-43e2-94a1-b978ca88c89a,2025-10-06,1,2,Approved
56cf1e01-c37b-4338-bacf-51e972be87ee,2025-12-25,5,5,Approved
e9b61a4a-896c-4b3d-9d52-df58fe54cae2,2025-01-30,1,1,Approved
0cf00bec-b3f1-4a16-b328-6231a2e15c89,2025-12-04,3,3,Approved
38d1d382-0934-4a06-9835-64dfdcf1e740,2025-08-08,2,5,Approved
9981a7dd-9a69-45d1-b7d0-d54e7a294f63,2025-02-22,5,3,Approved
a6eac83e-4279-423d-9b1c-c94a4a2f9e1e,2025-03-31,1,1,In Progress
74ea0eef-6d14-43c8-bcc9-f35d38f40494,2025-02-26,1,4,Approved
0c6e040f-51c3-44e4-9ba2-4ab148fa68d6,2025-01-29,1,3,Approved
89affc0a-3ce9-4538-8aaf-e82c3c1d4c09,2025-09-16,5,3,Approved
bfb3424f-2e5d-41f3-b9a6-27e3c129f53c,2025-02-23,1,5,Approved
d7a009b9-c584-4f8e-9a58-cb3394857f41,2025-10-23,3,4,Approved
09befdbd-ac72-4115-97e2-48f75747be2b,2025-03-11,5,2,Approved
8cb703e2-cd4a-4e6d-ad56-33d28ac39c96,2025-09-03,5,1,Rejected
e268e5e2-5afb-4e9c-bce5-345e8b23c7db,2025-06-06,2,1,In Progress
83cddb04-d9bc-4f16-94f7-fcc025b89cf6,2025-12-02,3,5,Approved
3b28dfdf-8627-429b-8dc3-c749c13c5248,2025-02-25,5,1,Approved
67806838-a2a3-4cac-94a6-640771793b93,2025-08-01,3,3,In Progress
03e22d8b-2935-4734-8448-0b2f1a3992f7,2025-08-17,4,2,Approved
0c7979ba-75d1-4368-ae67-df16461a6ec0,2025-08-24,2,4,Approved
53a1103d-df59-4eb1-8d68-51654569df14,2025-07-30,4,2,Approved
e48af506-7276-4c61-8d78-37a577658462,2025-05-18,2,3,Approved
7cbe7f9d-47b5-4b78-88e8-49e49d36c1e0,2025-11-25,4,4,Approved
00d58da8-8130-4090-b1b0-ab5130a09468,2025-05-30,5,1,Approved
d58af065-0a64-49e2-98fd-85db7ef23e49,2025-02-02,5,3,Rejected
4b898da6-d8f0-40a2-b69f-162f1025214d,2025-06-13,2,2,Approved
f7790457-83a3-49c2-9205-7c5964004f9e,2025-09-23,1,1,Approved
6e7402c9-9a1a-4369-9add-f2daff60ab22,2025-05-22,3,5,Approved
0560d1fd-bdac-4bf2-80c7-975d5a8c379e,2025-05-28,5,2,In Progress
ca714dec-1158-4f02-907b-e6ad73dd22f7,2025-08-11,4,5,Approved
47b71b9e-f88a-41ce-8e96-e609168e9510,2025-04-07,4,1,Approved
6d84b5a9-7661-4e38-b5b7-68e8d8496ffd,2025-04-17,5,4,In Progress
4e313cf3-0684-4ffc-b6c9-a854b426ad06,2025-02-23,3,2,Rejected
92203c05-a694-4221-b5f1-497319243e91,2025-01-10,5,2,Approved
10bab3f3-3c33-4780-87d4-fb4b1b348fd7,2025-07-08,2,3,Approved
d60dc474-0fce-4028-b18b-57dca439ff04,2025-10-26,5,3,Approved
17b03e57-fee1-4be4-9368-c7d019cdbf7c,2025-05-02,3,3,Rejected
19c88e99-89ae-47da-ab35-25029e854843,2025-02-22,1,3,Approved
949d845c-6eb2-44ad-bab6-5f83f244129b,2025-08-11,5,4,Rejected
821c9d66-067d-4be7-b452-f1f242e12539,2025-08-24,3,2,Rejected
9fd53e90-5d22-4a52-9dbb-f03830f1e38f,2025-02-01,2,5,In Progress
36029db7-462f-4cbd-b17d-1006c1371b05,2025-11-06,5,3,Approved
9cc36413-20c7-4ca5-bfaf-122887be00ef,2025-04-04,1,3,Approved
1a899cc7-f0d6-4233-bee4-816cca686021,2025-09-02,4,4,Approved
3b3c3103-dedf-488d-a2a7-9ce4bef15f8a,2025-09-20,2,5,Approved
92c0501d-5a93-49c2-8025-cad311b66723,2025-07-29,3,4,Approved
da7381d0-3de0-48e5-abf5-219c70496dae,2025-08-14,3,2,In Progress
70c3eef9-fee8-4859-bebb-a71278738163,2025-03-01,4,1,Rejected
413dafd5-d042-4608-bae1-2fccea890cd4,2025-01-20,5,1,Approved
a5908b6e-7398-4c45-a745-4c8446f09973,2025-02-24,5,5,In Progress
1776fc65-12c2-45e3-8b4e-165528da49fd,2025-07-02,4,5,Approved
37704200-9ad8-44bb-b4e6-6f9e9dc2b83a,2025-03-08,1,2,In Progress
dff91108-f76f-4cfc-ab2c-4a31db57c18d,2025-04-11,3,4,In Progress
ae50e640-3b40-480b-bec0-664cd565149c,2025-10-24,4,2,In Progress
a600217d-e9cc-4deb-8324-44e906ba150d,2025-09-27,2,3,Approved
8eac3135-890e-4c93-b274-c0c5f8c47ea3,2025-07-10,1,4,Approved
b5b760ec-6b8a-45b7-b7c8-62f6febd4602,2025-08-13,5,2,Approved
a9107d16-f58a-49a3-9f21-1ad601fd1305,2025-03-17,4,1,Approved
fc2a81da-230d-4894-bc28-8f0a136ae40f,2025-03-23,3,4,Rejected
6642c845-3e16-44e9-98a5-0bbf65616a21,2025-11-06,2,3,In Progress
d6da6a80-3b9f-451f-9eee-6de8dc3ba73d,2025-08-18,5,1,Approved
bc79d2f6-5c09-4e92-8a18-6196f8647ef2,2025-08-19,2,3,Approved
55aab2c9-39e1-4f03-8b49-2d72e1f52aaf,2025-11-20,4,3,Approved
cb0d1b03-141b-4168-9f21-9df34883cf2d,2025-12-26,3,4,Approved
78741b48-0745-4b12-828a-675debec5e59,2025-02-07,4,1,Rejected
869a889c-2e52-4ec2-9d7c-7536bf7a84fe,2025-01-25,1,1,In Progress
8388fbb8-cb1f-4d1f-9c3e-74826dbea935,2025-06-17,3,5,Approved
724da7f7-4025-4f8a-911a-39527edce3bf,2025-05-03,1,4,Approved
bc1eed9e-2ab1-4e35-b3f4-b30816b7e707,2025-04-08,1,3,In Progress
8abcbd53-f4ca-4f81-a9e1-492c0b38af2a,2025-11-06,3,5,Approved
7d246510-1e13-44b9-8b62-443d5cd30914,2025-02-07,2,4,Approved
a4a93bae-ec3c-48f9-84d2-58222967fa5d,2025-07-01,5,2,Approved
34e21e88-8ebc-4b52-9258-9e9648fd907e,2025-06-14,1,4,Approved
b593ea89-052f-458a-b11c-df5721c04537,2025-06-25,2,3,Rejected
2b0fcc16-ab53-4b5a-ad0b-d427d11f8e26,2025-07-22,2,1,Approved
bbd4fcd9-5368-463a-bf7b-3f9b472bd60a,2025-02-24,4,4,Approved
2c24ecd3-a14c-4d8c-81cb-0ea22ba994f4,2025-11-05,4,4,Approved
48ad2d23-b52b-491f-a31b-b92e4a524b94,2025-07-20,3,2,Approved
a0477591-a82a-4d01-a23a-fef79c61f4e6,2025-07-11,2,5,Approved
d5f3a1ab-5535-4e18-b539-3d5d07f9fc2b,2025-09-20,2,2,Approved
f14f9b15-0fba-4dc9-bfc6-58a988b4581b,2025-03-27,4,4,Approved
97cd0b3c-580c-4e86-a1df-d8d621a61bb6,2025-08-07,5,3,Approved
04deb505-4f25-44bf-9873-2d3e6fb94754,2025-11-19,2,2,Rejected
daf4d671-25a5-4318-a185-d6d810fdc83c,2025-10-27,4,5,Approved
95825076-efa7-4438-bf12-41dd96224a21,2025-07-29,4,5,In Progress
ce6eabc1-e4db-4557-b01e-6c78188c269f,2025-08-12,4,2,In Progress
0e97b4b6-ebd4-45e7-ba08-8f1fbf26ec20,2025-09-17,3,1,Rejected
848f202d-485e-4254-a379-dca0e6eae5fd,2025-02-13,3,3,Approved
aba238a7-f750-4bf5-9521-7df9442a6ba1,2025-06-05,1,3,Approved
107638bd-4e5a-42d3-8c06-a730f6da0b60,2025-04-16,4,2,Approved
3b3ef337-dea9-448f-9d6d-356ddc1664d5,2025-12-16,1,4,In Progress
68f387b3-8602-4b71-971b-fb2935b4ed11,2025-03-09,3,4,Approved
7295272e-ecf5-4ab2-b3f5-0f69c211e8d8,2025-04-05,4,1,Approved
1ae8a509-0488-42cc-bc3c-ede52d6e435d,2025-02-04,1,1,Rejected
a7cadb13-b0fe-4952-9bd6-9ddad40d7c63,2025-08-11,4,5,Approved
02942e5a-a2cb-4a72-8948-e41ef3cdfc04,2025-11-07,5,3,In Progress
20b13b6e-656b-4143-8fb8-4c360ac29a36,2025-09-26,5,5,Approved
2af8d4f6-654c-4b87-846e-90544e7e179b,2025-11-16,5,2,Approved
a98f45d3-8f13-4ab1-bd0d-a936858801bf,2025-09-29,3,4,Rejected
45151dc3-cff1-4b04-bbf5-a39f156582a0,2025-07-31,4,1,In Progress
34c16319-04b3-4a63-b1c7-5eec66c41adb,2025-09-10,1,3,In Progress
2d11a608-ed9d-497f-a16e-04a1601b0155,2025-09-21,3,3,Approved
0013d96e-9460-42b5-9d2e-e51b316abd71,2025-09-06,3,4,Approved
df771e8b-e710-4c35-8565-89f703821496,2025-09-22,5,3,Approved
3161f465-4735-4f77-a93f-1adfa437bc38,2025-08-05,3,3,Approved
d5f95330-52b0-4f73-81ff-e6c577a632ea,2025-09-17,5,4,Approved
2e022a56-d3d4-4d5d-a129-a9fea5c08357,2025-05-02,1,1,Approved
c4a01faf-5cda-4148-804f-e2c3111a1883,2025-01-10,5,2,Approved
2d5311f6-1d2f-42cb-8f2a-6f1833213f28,2025-09-07,2,4,Approved
2a43b81f-3287-4209-a3ca-82e3c8ed1786,2025-11-15,4,2,Rejected
a7b89752-9f46-40dc-9bc8-f58db6deae09,2025-11-22,5,3,Approved
6acf5765-225e-4600-8db5-2b0c729ca465,2025-11-29,2,5,In Progress
d9cc6ab2-f81e-48d4-97c7-bfff0957f6ae,2025-07-29,5,5,Approved
c0c5accf-3816-470c-bf6e-fe305d718779,2025-11-06,3,3,Approved
e665703c-c3e8-4e22-a063-c59b7eabce7c,2025-12-02,3,4,Approved
9fbce6c6-a4c7-427d-a1fb-eaf0e9706d6a,2025-01-31,1,2,In Progress
3c71ec2f-3894-41b2-a413-c5ad03e542b0,2025-12-05,3,5,Approved
1cf213d3-0c59-40c2-b8fb-9a8df10dfb11,2025-06-17,1,2,Approved
60858778-368f-4db3-8cf6-c616e39beddd,2025-11-24,3,2,Approved
1ca5dca8-928d-4083-bbee-c48a74f84625,2025-07-12,1,4,Approved
f8829c7d-a3ab-4124-a011-fb74ea0d58f5,2025-12-16,5,5,Approved
8ec380c9-7ab6-4c9b-b805-d8c5c9c1474e,2025-12-02,1,3,Approved
d15960e1-5797-4e13-bcac-7cd4351e996b,2025-08-11,5,2,Approved
f01c0c4a-be7f-45cc-95ba-83ab916a8031,2025-06-06,3,1,Approved
6b1661b0-f22a-417e-8d7a-0dd5228d8618,2025-07-14,1,2,Approved
98f751d8-f015-4c17-baf4-18444ee7ce59,2025-03-07,4,5,Approved
4c8e28fe-1ceb-48ba-b1d9-c1f30427d63b,2025-05-26,1,5,In Progress
60f8f014-8275-4288-b4e6-fd6e9ee8db56,2025-01-23,3,4,Approved
